ANO,COD_AREA,AREA,NOME_IES,SIGLA_IES,MUNICIPIO,UF,REDE,ORG_ACADEMICA,UFSM,CPC_FAIXA,CPC_CONTINUO,NOTA_INFRA,NOTA_PEDAG,NOTA_REGIME,NOTA_DOUTOR,NOTA_IDD,NOTA_ENADE,NOTA_MESTRE,NOTA_AMPLIACAO,POSICAOBRASILCPC,POSICAORSCPC,POSICAOPUBLICABRASILCPC,POSICAOPUBLICARSCPC,POSICAOSULCPC,POSICAOIFESCPC,POSICAOBRASILINFRA,POSICAORSINFRA,POSICAOPUBLICABRASILINFRA,POSICAOPUBLICARSINFRA,POSICAOSULINFRA,POSICAOIFESINFRA,POSICAOBRASILPEDAG,POSICAORSPEDAG,POSICAOPUBLICABRASILPEDAG,POSICAOPUBLICARSPEDAG,POSICAOSULPEDAG,POSICAOIFESPEDAG,POSICAOBRASILREGIME,POSICAORSREGIME,POSICAOPUBLICABRASILREGIME,POSICAOPUBLICARSREGIME,POSICAOSULREGIME,POSICAOIFESREGIME,POSICAOBRASILDOUTOR,POSICAORSDOUTOR,POSICAOPUBLICABRASILDOUTOR,POSICAOPUBLICARSDOUTOR,POSICAOSULDOUTOR,POSICAOIFESDOUTOR,POSICAOBRASILIDD,POSICAORSIDD,POSICAOPUBLICABRASILIDD,POSICAOPUBLICARSIDD,POSICAOSULIDD,POSICAOIFESIDD,POSICAOBRASILENADE,POSICAORSENADE,POSICAOPUBLICABRASILENADE,POSICAOPUBLICARSENADE,POSICAOSULENADE,POSICAOIFESENADE,POSICAOBRASILMESTRE,POSICAORSMESTRE,POSICAOPUBLICABRASILMESTRE,POSICAOPUBLICARSMESTRE,POSICAOSULMESTRE,POSICAOIFESMESTRE,POSICAOBRASILAMPLIACAO,POSICAORSAMPLIACAO,POSICAOPUBLICABRASILAMPLIACAO,POSICAOPUBLICARSAMPLIACAO,POSICAOSULAMPLIACAO,POSICAOIFESAMPLIACAO,DISTANCIABRASILCPC,DISTANCIARSCPC,DISTANCIAPUBLICACPC,DISTANCIAPUBLICARSCPC,DISTANCIASULCPC,DISTANCIAIFESCPC,DISTANCIABRASILENADE,DISTANCIARSENADE,DISTANCIAPUBLICAENADE,DISTANCIAPUBLICARSENADE,DISTANCIASULENADE,DISTANCIAIFESENADE
2007,5,MEDICINA VETERINÁRIA,Universidade Federal de Santa Maria,UFSM,SANTA MARIA,RS,PÚBLICA,N/A,0,3,2.922,2.258,1.935,5,3.657,1.995,3.284,,,21,2,17,2,5,12,70,7,11,2,14,8,56,6,5,1,12,4,1,1,1,1,1,1,12,2,12,2,3,6,73,5,28,2,16,17,16,2,15,2,5,11,1,1,1,1,1,1,1,1,1,1,1,1,20.792,22.222,47.222,66.667,20.833,52.174,15.842,22.222,41.667,66.667,20.833,47.826
2007,12,MEDICINA,Universidade Federal de Santa Maria,UFSM,SANTA MARIA,RS,PÚBLICA,N/A,0,4,3.717,2.963,1.327,5,1.433,4.144,4.379,,,7,3,7,3,3,5,66,8,21,3,17,10,70,9,26,4,16,13,1,1,1,1,1,1,54,7,35,5,12,23,17,3,13,2,4,10,1,1,1,1,1,1,1,1,1,1,1,1,1,1,1,1,1,1,6.931,30,14.286,60,13.636,16.667,0.99,10,2.041,20,4.545,3.333
2007,17,AGRONOMIA,Universidade Federal de Santa Maria,UFSM,SANTA MARIA,RS,PÚBLICA,N/A,0,4,3.561,2.273,1.765,5,3.427,2.886,4.313,,,12,2,11,2,5,4,54,7,18,2,16,9,63,6,28,2,19,12,1,1,1,1,1,1,29,3,28,3,10,16,33,3,24,1,10,9,5,2,5,2,3,2,1,1,1,1,1,1,1,1,1,1,1,1,11.881,25,18.033,66.667,20,12.903,4.95,25,8.197,66.667,12,6.452
2007,19,FARMÁCIA,Universidade Federal de Santa Maria,UFSM,SANTA MARIA,RS,PÚBLICA,N/A,0,4,3.044,1.176,0.882,5,3.759,2.275,3.644,,,28,3,20,2,9,11,171,17,24,2,43,13,178,17,31,2,45,16,1,1,1,1,1,1,14,2,14,2,4,11,132,13,31,2,35,19,18,1,16,1,6,8,1,1,1,1,1,1,1,1,1,1,1,1,14.737,17.647,50,100,19.565,44,9.474,5.882,40,50,13.043,32
2007,23,ENFERMAGEM,Universidade Federal de Santa Maria,UFSM,SANTA MARIA,RS,PÚBLICA,N/A,0,4,3.512,1.842,1.429,5,2.987,2.856,4.443,,,22,2,22,2,7,12,281,24,42,3,65,17,309,25,61,4,70,25,1,1,1,1,1,1,41,4,30,3,8,19,128,13,49,3,39,23,6,1,6,1,3,2,1,1,1,1,1,1,1,1,1,1,1,1,6.627,8,29.73,50,9.722,37.5,1.807,4,8.108,25,4.167,6.25
2007,27,FONOAUDIOLOGIA,Universidade Federal de Santa Maria,UFSM,SANTA MARIA,RS,PÚBLICA,N/A,0,4,4.087,0,0,5,2.411,,4.927,,,4,1,3,1,2,3,54,5,8,1,12,5,52,5,8,1,12,5,1,1,1,1,1,1,10,1,6,1,2,5,1,1,1,1,1,1,1,1,1,1,1,1,1,1,1,1,1,1,1,1,1,1,1,1,7.143,0,30,0,16.667,50,1.786,20,10,100,8.333,16.667
2007,35,EDUCAÇÃO FÍSICA,Universidade Federal de Santa Maria,UFSM,SANTA MARIA,RS,PÚBLICA,N/A,0,4,3.662,3.923,1.667,5,5,2.954,3.949,,,11,1,11,1,3,4,115,13,8,2,37,2,290,24,46,2,72,15,1,1,1,1,1,1,1,1,1,1,1,1,146,16,37,2,44,15,13,1,10,1,1,5,1,1,1,1,1,1,1,1,1,1,1,1,3.235,0,15.068,0,3.659,14.286,3.824,3.333,13.699,33.333,1.22,17.857
2007,51,ZOOTECNIA,Universidade Federal de Santa Maria,UFSM,SANTA MARIA,RS,PÚBLICA,N/A,0,3,2.677,2.742,0.833,5,2.333,1.878,3.331,,,23,1,21,1,6,9,23,1,10,1,4,2,43,1,30,1,7,14,1,1,1,1,1,1,25,1,23,1,5,13,33,1,26,1,7,10,15,1,14,1,4,6,1,1,1,1,1,1,1,1,1,1,1,1,47.917,0,61.765,0,75,56.25,31.25,100,41.176,100,50,37.5
2009,1,ADMINISTRAÇÃO,UNIVERSIDADE FEDERAL DE SANTA MARIA,UFSM,SANTA MARIA,RS,PÚBLICA,Universidade,0,5,4.224,2.441,1.913,5,5,3.958,4.428,4.571,,14,2,11,2,6,7,1114,87,75,4,267,27,1095,86,76,4,258,26,1,1,1,1,1,1,1,1,1,1,1,1,188,22,26,3,46,14,42,4,30,4,10,17,60,9,18,2,16,10,1,1,1,1,1,1,1.042,2.151,7.483,40,2.027,13.725,3.125,4.301,20.408,80,3.378,33.333
2009,2,DIREITO,UNIVERSIDADE FEDERAL DE SANTA MARIA,UFSM,SANTA MARIA,RS,PÚBLICA,Universidade,0,4,3.735,0.207,0.838,5,3.032,3.975,4.888,3.657,,13,2,6,2,2,6,720,58,76,4,163,34,712,56,69,2,160,27,1,1,1,1,1,1,81,5,29,3,13,24,80,5,13,2,15,5,2,1,2,1,1,2,164,30,26,1,51,14,1,1,1,1,1,1,1.752,3.448,6.452,50,1.22,13.333,0.27,1.724,2.151,25,0.61,4.444
2009,8,COMUNICAÇÃO SOCIAL,UNIVERSIDADE FEDERAL DE SANTA MARIA,UFSM,SANTA MARIA,RS,PÚBLICA,Universidade,0,4,3.347,0.625,1.061,5,3.463,2.336,4.603,3.571,,39,19,18,6,21,17,573,44,72,5,115,39,573,42,81,3,110,44,3,3,3,3,3,3,53,8,44,5,12,38,439,49,71,7,112,38,13,4,10,3,4,9,197,42,64,7,61,40,3,3,3,3,3,3,6.26,38.776,18,85.714,17.213,27.869,2.087,8.163,10,42.857,3.279,14.754
2009,8,COMUNICAÇÃO SOCIAL,UNIVERSIDADE FEDERAL DE SANTA MARIA,UFSM,SANTA MARIA,RS,PÚBLICA,Universidade,0,4,3.906,1.154,1.026,5,3.321,4.417,4.958,3.75,,7,2,7,2,2,7,533,43,43,4,109,17,576,43,82,4,111,45,2,2,2,2,2,2,68,12,50,6,16,42,177,19,37,3,45,20,4,1,4,1,1,4,150,37,53,6,53,33,2,2,2,2,2,2,1.124,4.082,7,28.571,1.639,11.475,0.642,2.041,4,14.286,0.82,6.557
2009,8,COMUNICAÇÃO SOCIAL,UNIVERSIDADE FEDERAL DE SANTA MARIA,UFSM,FREDERICO WESTPHALEN,RS,PÚBLICA,Universidade,0,4,3.216,1.304,2.612,5,2.044,3.026,4.082,5,,62,27,22,7,31,20,522,42,37,3,106,14,290,37,17,1,77,5,1,1,1,1,1,1,158,25,70,7,35,55,305,37,53,4,81,30,35,13,18,7,17,15,1,1,1,1,1,1,1,1,1,1,1,1,9.952,55.102,22,100,25.41,32.787,5.618,26.531,18,100,13.934,24.59
2009,8,COMUNICAÇÃO SOCIAL,UNIVERSIDADE FEDERAL DE SANTA MARIA,UFSM,SANTA MARIA,RS,PÚBLICA,Universidade,0,4,3.574,2,1,5,4.211,2.572,4.556,3.929,,23,11,15,5,12,15,484,39,22,1,101,3,579,44,83,5,112,46,4,4,4,4,4,4,30,4,29,4,5,25,385,46,63,6,101,36,15,5,12,4,6,11,123,32,50,5,45,31,4,4,4,4,4,4,3.692,22.449,15,71.429,9.836,24.59,2.408,10.204,12,57.143,4.918,18.033
2009,13,CIÊNCIAS ECONÔMICAS,UNIVERSIDADE FEDERAL DE SANTA MARIA,UFSM,SANTA MARIA,RS,PÚBLICA,Universidade,0,3,2.712,2.225,1.645,5,2.206,2.459,2.93,3.784,,51,5,30,3,13,21,107,14,32,3,31,16,125,15,49,4,34,24,1,1,1,1,1,1,43,6,29,3,11,24,101,14,43,4,27,22,45,6,25,3,12,18,64,10,29,1,19,19,1,1,1,1,1,1,32.692,29.412,42.857,75,32.5,60,28.846,35.294,35.714,75,30,51.429
2009,18,PSICOLOGIA,UNIVERSIDADE FEDERAL DE SANTA MARIA,UFSM,SANTA MARIA,RS,PÚBLICA,Universidade,0,4,3.586,1.592,0.83,5,3.727,3.117,4.43,3.758,,16,3,12,2,6,10,245,26,30,2,65,16,252,26,35,2,65,22,1,1,1,1,1,1,19,2,18,2,4,15,102,16,24,1,34,15,7,1,6,1,1,6,130,19,35,2,39,24,1,1,1,1,1,1,6.015,11.538,25.532,100,9.091,32.258,2.632,3.846,12.766,50,1.515,19.355
2009,22,CIÊNCIAS CONTÁBEIS,UNIVERSIDADE FEDERAL DE SANTA MARIA,UFSM,SANTA MARIA,RS,PÚBLICA,Universidade,0,4,3.393,1.71,2.621,5,1.111,3.667,4.656,3.69,,28,3,18,2,9,13,600,51,65,3,147,26,341,44,26,2,108,10,1,1,1,1,1,1,202,25,45,2,55,30,142,16,27,3,41,12,7,1,4,1,2,4,87,16,22,1,31,14,1,1,1,1,1,1,4.204,5.882,17.476,66.667,5.806,33.333,1.051,1.961,3.883,33.333,1.29,10.256
2009,26,DESIGN,UNIVERSIDADE FEDERAL DE SANTA MARIA,UFSM,SANTA MARIA,RS,PÚBLICA,Universidade,0,4,3.184,2.957,1.389,5,2.955,2.533,3.917,4.268,,12,3,9,2,6,5,68,11,4,1,28,1,101,13,17,2,34,11,1,1,1,1,1,1,13,3,10,2,4,8,56,11,13,2,24,7,11,3,8,2,8,4,9,3,5,1,5,3,1,1,1,1,1,1,10.714,23.077,39.13,100,16.667,35.714,9.821,23.077,34.783,100,22.222,28.571
2009,39,TEATRO,UNIVERSIDADE FEDERAL DE SANTA MARIA,UFSM,SANTA MARIA,RS,PÚBLICA,Universidade,0,4,3.274,2.083,2.135,5,0,4.618,5,2.704,,7,1,7,1,3,4,16,1,5,1,4,1,18,2,10,2,4,7,1,1,1,1,1,1,30,2,20,2,6,15,14,1,9,1,2,7,1,1,1,1,1,1,22,2,17,2,6,12,1,1,1,1,1,1,21.875,0,33.333,0,50,26.667,3.125,50,4.762,50,16.667,6.667
2009,43,MÚSICA,UNIVERSIDADE FEDERAL DE SANTA MARIA,UFSM,SANTA MARIA,RS,PÚBLICA,Universidade,0,4,3.75,3.182,1.255,5,3.411,4.642,3.718,3.605,,5,2,5,2,2,4,11,2,5,2,2,5,42,5,27,3,10,17,1,1,1,1,1,1,9,2,8,2,4,6,13,2,8,2,4,5,5,2,4,2,2,4,29,5,21,3,12,14,1,1,1,1,1,1,8.772,40,12.821,66.667,14.286,16.667,8.772,40,10.256,66.667,14.286,16.667
2009,65,ARQUIVOLOGIA,UNIVERSIDADE FEDERAL DE SANTA MARIA,UFSM,SANTA MARIA,RS,PÚBLICA,Universidade,0,5,4.054,5,5,5,2.409,,4.437,2.982,,1,1,1,1,1,1,1,1,1,1,1,1,1,1,1,1,1,1,1,1,1,1,1,1,6,2,6,2,3,4,1,1,1,1,1,1,2,2,2,2,2,2,5,2,5,2,2,4,1,1,1,1,1,1,0,0,0,0,0,0,25,100,25,100,66.667,33.333
2010,5,MEDICINA VETERINÁRIA,UNIVERSIDADE FEDERAL DE SANTA MARIA,UFSM,SANTA MARIA,RS,PÚBLICA,UNIVERSIDADES,0,4,3.785,3.281,0.706,5,3.947,4.174,3.764,4.421,,11,2,11,2,5,6,85,6,10,2,18,5,118,7,34,2,24,21,1,1,1,1,1,1,19,1,18,1,5,11,18,2,10,2,7,6,13,2,12,2,5,7,42,2,21,2,6,15,1,1,1,1,1,1,8.661,25,25.581,66.667,18.519,21.429,10.236,25,27.907,66.667,18.519,25
2010,6,ODONTOLOGIA,UNIVERSIDADE FEDERAL DE SANTA MARIA,UFSM,SANTA MARIA,RS,PÚBLICA,UNIVERSIDADES,0,4,3.484,0.868,0.906,5,2.892,3.917,4.022,3.793,,22,4,16,3,7,8,156,10,41,3,29,20,157,10,42,3,30,22,1,1,1,1,1,1,40,4,29,3,9,19,21,2,9,1,5,3,9,2,5,2,3,4,85,6,34,3,20,21,1,1,1,1,1,1,13.174,40,31.373,100,22.581,28.571,5.389,20,9.804,66.667,9.677,14.286
2010,12,MEDICINA,UNIVERSIDADE FEDERAL DE SANTA MARIA,UFSM,SANTA MARIA,RS,PÚBLICA,UNIVERSIDADES,0,4,3.033,2.229,0.815,5,2.018,3.876,4.108,3.292,,34,4,28,3,10,17,112,10,38,5,24,16,123,10,49,5,24,23,1,1,1,1,1,1,51,5,37,4,9,27,12,1,10,1,3,8,22,3,18,2,7,10,56,7,35,4,13,23,1,1,1,1,1,1,24.113,40,41.791,60,38.462,44.737,15.603,30,26.866,40,26.923,26.316
2010,17,AGRONOMIA,UNIVERSIDADE FEDERAL DE SANTA MARIA,UFSM,SANTA MARIA,RS,PÚBLICA,UNIVERSIDADES,0,4,3.463,2.875,1.026,5,3.808,2.87,3.834,4.505,,35,6,33,5,14,22,89,10,32,4,31,13,134,12,76,5,36,40,2,2,2,2,2,2,32,5,31,5,13,20,79,11,50,5,25,27,24,5,24,5,11,16,55,7,43,5,18,29,2,2,2,2,2,2,24.476,50,39.759,100,37.838,50,16.783,41.667,28.916,100,29.73,36.364
2010,17,AGRONOMIA,UNIVERSIDADE FEDERAL DE SANTA MARIA,UFSM,FREDERICO WESTPHALEN,RS,PÚBLICA,UNIVERSIDADES,0,5,4.371,3.492,2.698,5,4.167,4.802,4.8,4.83,,2,1,2,1,1,2,64,8,15,2,22,5,62,7,16,2,21,6,1,1,1,1,1,1,22,3,22,3,10,13,18,2,11,1,3,6,2,1,2,1,1,2,25,1,23,1,6,14,1,1,1,1,1,1,1.399,0,2.41,0,0,4.545,1.399,8.333,2.41,20,2.703,4.545
2010,19,FARMÁCIA,UNIVERSIDADE FEDERAL DE SANTA MARIA,UFSM,SANTA MARIA,RS,PÚBLICA,UNIVERSIDADES,0,4,3.606,0.899,0.363,5,3.779,3.799,4.194,4.273,,18,3,16,3,8,11,238,19,33,3,57,15,248,19,42,3,54,23,1,1,1,1,1,1,19,3,16,3,6,12,49,5,13,2,14,5,14,1,13,1,5,9,81,12,24,3,30,16,1,1,1,1,1,1,7.059,15.789,32.653,100,14.035,39.286,5.49,5.263,26.531,33.333,8.772,32.143
2010,23,ENFERMAGEM,UNIVERSIDADE FEDERAL DE SANTA MARIA,UFSM,SANTA MARIA,RS,PÚBLICA,UNIVERSIDADES,0,4,3.653,2.986,2.239,5,4.111,3.426,3.656,3.661,,23,2,16,2,4,13,392,29,35,4,79,13,398,30,54,4,78,24,2,2,2,2,2,2,28,3,21,2,7,16,138,9,51,3,22,25,49,3,41,3,5,25,168,21,54,6,46,34,2,2,2,2,2,2,4.637,6.061,15.385,33.333,4.444,26.531,9.879,9.091,39.423,50,5.556,51.02
2010,23,ENFERMAGEM,UNIVERSIDADE FEDERAL DE SANTA MARIA,UFSM,PALMEIRA DAS MISSÕES,RS,PÚBLICA,UNIVERSIDADES,0,4,3.656,3.297,2.591,5,2.788,4.068,3.794,4.853,,21,1,15,1,3,12,364,25,25,1,73,7,352,27,40,3,68,15,1,1,1,1,1,1,71,9,45,6,17,31,71,7,25,1,11,11,40,2,33,2,4,19,18,3,10,1,7,6,1,1,1,1,1,1,4.234,0,14.423,0,3.333,24.49,8.065,6.061,31.731,33.333,4.444,38.776
2010,27,FONOAUDIOLOGIA,UNIVERSIDADE FEDERAL DE SANTA MARIA,UFSM,SANTA MARIA,RS,PÚBLICA,UNIVERSIDADES,0,4,3.592,2.469,2.381,5,3.5,,3.834,4.312,,5,2,4,2,3,4,43,6,8,2,10,4,40,6,7,2,10,4,1,1,1,1,1,1,9,2,7,2,2,5,1,1,1,1,1,1,7,2,7,2,3,4,14,4,7,2,7,4,1,1,1,1,1,1,10.204,33.333,30.769,100,30,50,14.286,33.333,53.846,100,30,50
2010,35,EDUCAÇÃO FÍSICA,UNIVERSIDADE FEDERAL DE SANTA MARIA,UFSM,SANTA MARIA,RS,PÚBLICA,UNIVERSIDADES,0,4,3.873,2.4,1.136,5,4.625,4.166,3.935,4.561,,4,1,3,1,1,2,172,17,20,2,48,6,189,19,31,3,53,14,2,1,1,1,1,1,7,1,6,1,2,4,41,5,7,1,9,4,15,2,8,1,3,5,24,3,10,1,10,5,1,1,1,1,1,1,2.051,0,9.091,0,0,12.5,7.692,10.526,24.242,33.333,5.556,31.25
2010,36,FISIOTERAPIA,UNIVERSIDADE FEDERAL DE SANTA MARIA,UFSM,SANTA MARIA,RS,PÚBLICA,UNIVERSIDADES,0,4,3.417,0.046,0.572,5,3.91,3.682,3.746,3.857,,24,3,12,1,6,7,345,22,35,1,58,12,343,22,36,1,57,13,1,1,1,1,1,1,16,2,11,1,3,8,72,8,14,1,15,6,24,1,19,1,4,9,95,13,24,1,28,11,1,1,1,1,1,1,6.838,13.636,29.268,0,10.169,50,6.838,4.545,46.341,100,6.78,64.286
2010,51,ZOOTECNIA,UNIVERSIDADE FEDERAL DE SANTA MARIA,UFSM,PALMEIRA DAS MISSÕES,RS,PÚBLICA,UNIVERSIDADES,0,4,3.753,1.846,1.653,5,4.167,3.872,3.88,5,,8,1,8,1,3,6,48,3,37,3,11,20,47,2,36,2,8,20,1,1,1,1,1,1,12,2,12,2,5,4,19,1,14,1,3,10,9,1,9,1,3,7,1,1,1,1,1,1,1,1,1,1,1,1,12.121,0,14.545,0,25,17.647,13.636,33.333,16.364,33.333,25,20.588
2010,51,ZOOTECNIA,UNIVERSIDADE FEDERAL DE SANTA MARIA,UFSM,SANTA MARIA,RS,PÚBLICA,UNIVERSIDADES,0,4,3.429,3.857,1.21,5,3.614,3.19,3.479,4.639,,16,3,16,3,7,9,21,2,12,2,5,8,50,3,39,3,9,23,2,2,2,2,2,2,23,3,22,3,8,13,33,2,28,2,10,17,14,2,14,2,6,10,29,3,25,3,8,14,2,2,2,2,2,2,24.242,100,29.091,100,58.333,26.471,21.212,66.667,25.455,66.667,50,29.412
2011,21,ARQUITETURA E URBANISMO,UNIVERSIDADE FEDERAL DE SANTA MARIA,UFSM,SANTA MARIA,RS,PÚBLICA,UNIVERSIDADES,0,3,2.732,1.22,2.5,5,3.385,2.157,2.593,3.951,,82,14,27,3,28,18,167,20,32,3,42,23,111,18,12,2,35,8,1,1,1,1,1,1,21,3,17,3,5,14,121,15,31,2,32,21,71,11,31,3,24,22,63,10,22,3,15,16,1,1,1,1,1,1,45.81,70,65.854,100,66.667,62.069,39.665,55,75.61,100,57.143,75.862
2011,702,MATEMÁTICA (LICENCIATURA),UNIVERSIDADE FEDERAL DE SANTA MARIA,UFSM,SANTA MARIA,RS,PÚBLICA,UNIVERSIDADES,0,4,3.667,2.317,1.225,5,3.036,4.097,3.957,4.615,,25,6,20,3,9,12,264,25,135,5,52,59,303,25,174,5,53,69,1,1,1,1,1,1,45,3,39,3,8,28,18,6,14,2,7,9,17,5,15,3,6,9,68,8,48,3,19,34,1,1,1,1,1,1,7.987,24,10.989,60,16.981,16.667,5.431,20,8.242,60,11.321,12.5
2011,902,LETRAS (LICENCIATURA),UNIVERSIDADE FEDERAL DE SANTA MARIA,UFSM,SANTA MARIA,RS,PÚBLICA,UNIVERSIDADES,0,3,2.927,4.417,2.316,5,3.474,1.907,2.49,4.808,,135,21,60,6,37,27,153,16,17,2,34,4,325,23,112,5,47,38,1,1,1,1,1,1,37,5,26,3,9,20,318,23,146,6,52,46,240,22,113,6,48,39,49,15,19,3,22,9,1,1,1,1,1,1,31.84,84,32.432,100,62.712,46.552,56.604,88,61.081,100,81.356,67.241
2011,1401,FÍSICA (BACHARELADO),UNIVERSIDADE FEDERAL DE SANTA MARIA,UFSM,SANTA MARIA,RS,PÚBLICA,UNIVERSIDADES,0,4,3.523,0.385,0.556,5,4.495,4.127,2.919,5,,12,2,11,2,4,9,37,5,32,3,9,23,32,5,27,3,9,21,1,1,1,1,1,1,7,2,7,2,2,3,8,1,7,1,3,5,10,1,9,1,3,7,1,1,1,1,1,1,1,1,1,1,1,1,29.268,40,30.556,66.667,44.444,36,24.39,20,25,33.333,33.333,28
2011,1402,FÍSICA (LICENCIATURA),UNIVERSIDADE FEDERAL DE SANTA MARIA,UFSM,SANTA MARIA,RS,PÚBLICA,UNIVERSIDADES,0,4,3.188,1.111,0.891,5,4.412,3.123,2.798,4.651,,30,6,26,4,11,15,112,10,93,5,18,46,109,9,92,5,17,44,1,1,1,1,1,1,12,1,12,1,1,5,30,6,25,3,11,13,29,6,24,3,11,12,30,4,27,2,7,15,1,1,1,1,1,1,25.862,60,26.804,80,61.111,31.915,25,60,24.742,60,61.111,25.532
2011,1501,QUÍMICA (BACHARELADO),UNIVERSIDADE FEDERAL DE SANTA MARIA,UFSM,SANTA MARIA,RS,PÚBLICA,UNIVERSIDADES,0,4,3.201,3.889,0.172,5,4.045,2.852,2.907,4.476,,18,3,17,2,7,12,41,9,10,1,16,5,78,11,42,3,23,32,1,1,1,1,1,1,21,3,21,3,8,14,23,3,20,1,8,14,19,3,18,2,6,14,26,4,20,2,9,11,1,1,1,1,1,1,22.785,27.273,39.535,66.667,29.167,36.364,24.051,27.273,41.86,66.667,25,42.424
2011,1502,QUÍMICA (LICENCIATURA),UNIVERSIDADE FEDERAL DE SANTA MARIA,UFSM,SANTA MARIA,RS,PÚBLICA,UNIVERSIDADES,0,4,3.044,2.947,1.701,5,3.889,2.41,2.787,4.489,,60,10,48,4,15,30,115,10,62,4,18,29,135,10,82,4,20,35,1,1,1,1,1,1,24,3,23,3,5,16,75,9,56,3,15,25,58,9,48,3,14,27,53,7,38,4,14,26,1,1,1,1,1,1,38.217,90.909,46.154,80,68.182,65.217,36.943,81.818,46.154,60,63.636,58.696
2011,1601,BIOLOGIA (BACHARELADO),UNIVERSIDADE FEDERAL DE SANTA MARIA,UFSM,SANTA MARIA,RS,PÚBLICA,UNIVERSIDADES,0,Unidade com cursos não reconhecidos até 30/09/2012,1.608,2.196,0.588,0,0,2.118,3.289,0,,154,16,66,7,32,41,133,15,42,6,29,24,162,16,68,7,33,40,158,16,66,7,33,39,158,16,66,7,32,39,92,12,37,5,25,25,43,7,28,5,10,21,157,16,65,7,32,39,1,1,1,1,1,1,93.333,100,92.958,100,96.97,97.619,26.061,43.75,39.437,71.429,30.303,50
2011,1602,BIOLOGIA (LICENCIATURA),UNIVERSIDADE FEDERAL DE SANTA MARIA,UFSM,SANTA MARIA,RS,PÚBLICA,UNIVERSIDADES,0,4,3.46,2.879,0.333,5,4.457,3.109,3.656,4.742,,57,7,33,3,14,15,277,26,92,4,59,38,359,27,170,5,62,64,1,1,1,1,1,1,19,2,17,2,3,8,110,13,54,3,24,20,31,4,22,2,5,12,78,10,38,3,22,21,1,1,1,1,1,1,15.702,25.926,18.966,60,22.581,22.727,8.54,14.815,12.644,40,8.065,18.182
2011,2001,PEDAGOGIA (LICENCIATURA),UNIVERSIDADE FEDERAL DE SANTA MARIA,UFSM,SANTA MARIA,RS,PÚBLICA,UNIVERSIDADES,0,4,3.641,3.978,2.369,5,3.549,3.513,3.428,4.564,,44,8,16,1,12,10,496,42,27,2,115,5,665,45,131,3,129,55,1,1,1,1,1,1,63,5,43,3,12,33,100,11,28,1,21,12,82,9,34,1,19,15,157,19,69,4,46,41,1,1,1,1,1,1,5.098,16.327,7.306,0,7.643,13.699,9.502,18.367,15.525,20,12.102,20.548
2011,2402,HISTÓRIA (LICENCIATURA),UNIVERSIDADE FEDERAL DE SANTA MARIA,UFSM,SANTA MARIA,RS,PÚBLICA,UNIVERSIDADES,0,3,2.058,3.12,1.892,5,3.478,0.31,1.698,4.497,,234,21,106,4,46,46,173,19,50,2,43,20,233,20,103,3,44,43,1,1,1,1,1,1,37,5,27,3,11,19,247,21,115,4,46,46,235,21,109,4,44,44,90,13,51,2,25,29,1,1,1,1,1,1,88.302,100,80.916,100,95.833,86.792,88.679,100,83.206,100,91.667,83.019
2011,2501,ARTES VISUAIS (LICENCIATURA),UNIVERSIDADE FEDERAL DE SANTA MARIA,UFSM,SANTA MARIA,RS,PÚBLICA,UNIVERSIDADES,0,3,2.921,2.153,1.053,5,2.241,3.092,2.726,4.557,,35,8,23,4,16,15,55,8,23,4,23,12,60,8,28,4,21,18,1,1,1,1,1,1,22,3,17,3,8,12,27,4,18,2,9,12,39,8,25,4,17,16,14,2,6,2,6,4,1,1,1,1,1,1,52.239,100,67.647,100,69.565,75,58.209,100,73.529,100,73.913,80
2011,3001,GEOGRAFIA (BACHARELADO),UNIVERSIDADE FEDERAL DE SANTA MARIA,UFSM,SANTA MARIA,RS,PÚBLICA,UNIVERSIDADES,0,Unidade com cursos não reconhecidos até 30/09/2012,2.265,2.144,2.3,0,0,3.359,3.782,0,,38,5,28,3,10,21,40,5,29,3,12,18,37,4,27,3,10,18,45,5,33,3,12,22,45,5,33,3,12,22,16,2,12,1,5,9,15,2,11,1,4,9,44,5,33,3,12,22,1,1,1,1,1,1,73.077,100,70,100,83.333,75,28.846,40,27.5,33.333,33.333,32.143
2011,3002,GEOGRAFIA (LICENCIATURA),UNIVERSIDADE FEDERAL DE SANTA MARIA,UFSM,SANTA MARIA,RS,PÚBLICA,UNIVERSIDADES,0,4,3.264,2.547,1.114,5,3.5,2.956,3.504,4.725,,41,6,24,2,12,13,114,12,61,4,30,20,146,11,91,3,31,32,1,1,1,1,1,1,24,3,22,3,5,15,65,5,37,1,14,10,42,5,27,2,8,14,34,5,23,2,12,11,1,1,1,1,1,1,24.699,50,22.018,50,37.5,32.5,25.301,41.667,24.771,50,25,35
2011,3202,FILOSOFIA (LICENCIATURA),UNIVERSIDADE FEDERAL DE SANTA MARIA,UFSM,SANTA MARIA,RS,PÚBLICA,UNIVERSIDADES,0,4,3.375,4.577,1.701,5,3.889,2.932,2.863,4.63,,21,4,8,2,8,6,37,3,3,1,7,2,88,8,34,3,20,21,1,1,1,1,1,1,15,3,10,2,6,6,44,4,21,2,14,9,38,5,19,3,12,12,34,5,18,2,13,10,1,1,1,1,1,1,21.429,44.444,19.048,66.667,34.783,25,38.776,55.556,45.238,100,52.174,50
2011,3501,EDUCAÇÃO FÍSICA (LICENCIATURA),UNIVERSIDADE FEDERAL DE SANTA MARIA,UFSM,SANTA MARIA,RS,PÚBLICA,UNIVERSIDADES,0,2,1.655,0.87,1,5,4.656,0,0.428,4.745,,387,35,85,3,93,38,398,37,84,4,95,34,404,37,91,4,96,37,1,1,1,1,1,1,12,3,9,3,6,6,402,35,86,2,93,35,403,35,87,2,93,36,24,7,8,1,12,3,1,1,1,1,1,1,93.478,94.595,86.735,75,96.875,95,97.343,94.595,88.776,50,96.875,90
2011,4004,COMPUTAÇÃO (BACHARELADO),UNIVERSIDADE FEDERAL DE SANTA MARIA,UFSM,SANTA MARIA,RS,PÚBLICA,UNIVERSIDADES,0,4,3.55,1.389,2.105,5,3.378,3.677,3.945,4.403,,24,5,18,4,7,16,282,27,74,4,59,41,216,25,49,4,48,30,1,1,1,1,1,1,36,3,32,3,8,24,26,5,13,4,8,12,10,3,9,3,3,9,104,18,48,4,30,33,1,1,1,1,1,1,8,18.519,20.69,100,11.864,33.333,3.333,11.111,10.345,75,5.085,18.75
2011,4301,MÚSICA (LICENCIATURA),UNIVERSIDADE FEDERAL DE SANTA MARIA,UFSM,SANTA MARIA,RS,PÚBLICA,UNIVERSIDADES,0,2,1.481,2.083,1.597,5,2.896,0.301,0.301,3.059,,58,5,39,3,15,24,51,5,32,3,15,19,49,5,31,3,11,21,1,1,1,1,1,1,18,2,16,2,4,14,60,5,39,3,16,24,60,5,39,3,16,24,38,5,26,3,13,19,1,1,1,1,1,1,96.667,100,100,100,93.75,100,100,100,100,100,100,100
2011,5401,CIÊNCIAS SOCIAIS (BACHARELADO),UNIVERSIDADE FEDERAL DE SANTA MARIA,UFSM,SANTA MARIA,RS,PÚBLICA,UNIVERSIDADES,0,3,2.902,2.731,1.984,5,3.827,2.077,2.912,3.869,,25,4,19,3,5,15,19,2,10,1,3,6,27,3,18,2,4,14,1,1,1,1,1,1,19,2,16,2,2,12,31,4,24,3,5,19,27,4,20,3,5,16,28,2,21,1,3,16,1,1,1,1,1,1,55.556,100,52.778,100,100,53.571,60,100,55.556,100,100,57.143
2011,5710,ENGENHARIA (GRUPO I) - ENGENHARIA CIVIL,UNIVERSIDADE FEDERAL DE SANTA MARIA,UFSM,SANTA MARIA,RS,PÚBLICA,UNIVERSIDADES,0,4,2.973,2.731,1.59,5,3.038,2.852,2.712,3.705,,50,6,27,2,16,17,135,13,37,4,34,17,139,11,46,3,31,27,1,1,1,1,1,1,33,2,30,2,5,20,50,7,20,1,17,12,60,7,39,2,16,26,88,9,42,3,20,25,1,1,1,1,1,1,29.07,46.154,41.538,50,44.444,47.222,34.884,53.846,60,50,44.444,72.222
2011,5806,ENGENHARIA (GRUPO II) - ENGENHARIA ELÉTRICA,UNIVERSIDADE FEDERAL DE SANTA MARIA,UFSM,SANTA MARIA,RS,PÚBLICA,UNIVERSIDADES,0,4,3.096,2.229,1.512,5,3.562,3.009,2.763,4.003,,36,6,22,3,15,14,100,8,30,4,22,17,109,9,39,5,24,23,1,1,1,1,1,1,20,3,16,3,4,11,41,6,17,3,16,11,34,5,26,3,12,20,50,6,28,4,13,19,1,1,1,1,1,1,30.508,66.667,48.889,60,60,50,28.814,55.556,57.778,60,48,71.429
2011,5902,ENGENHARIA (GRUPO III) - ENGENHARIA MECÂNICA,UNIVERSIDADE FEDERAL DE SANTA MARIA,UFSM,SANTA MARIA,RS,PÚBLICA,UNIVERSIDADES,0,4,3.16,1.099,1.721,5,2.797,3.566,3.208,3.528,,29,5,17,2,13,10,95,14,41,3,26,23,82,13,28,2,24,16,1,1,1,1,1,1,31,4,26,2,7,18,19,5,7,2,8,3,26,2,19,2,8,12,62,8,35,2,17,21,1,1,1,1,1,1,29,35.714,36.957,66.667,46.429,38.462,26,14.286,41.304,66.667,28.571,46.154
2011,6008,ENGENHARIA (GRUPO IV) - ENGENHARIA QUÍMICA,UNIVERSIDADE FEDERAL DE SANTA MARIA,UFSM,SANTA MARIA,RS,PÚBLICA,UNIVERSIDADES,0,3,2.864,2.803,2.273,5,2.979,2.678,2.527,2.924,,20,4,16,3,6,13,44,6,19,3,15,12,31,5,10,3,12,5,1,1,1,1,1,1,26,3,24,3,6,20,18,3,13,2,6,10,15,3,14,2,4,11,37,5,25,3,12,19,1,1,1,1,1,1,35.714,57.143,51.613,75,31.579,59.091,26.786,42.857,45.161,50,21.053,50
2011,6405,ENGENHARIA (GRUPO VIII) - ENGENHARIA FLORESTAL,UNIVERSIDADE FEDERAL DE SANTA MARIA,UFSM,SANTA MARIA,RS,PÚBLICA,UNIVERSIDADES,0,3,2.068,2.098,0,5,3.594,1.243,1.243,4.167,,35,3,31,3,8,23,27,2,20,2,8,13,40,3,33,3,9,23,2,2,2,2,2,2,15,3,15,3,5,13,39,3,33,3,9,23,39,3,33,3,9,23,22,3,19,3,6,15,2,2,2,2,2,2,87.5,100,93.939,100,88.889,100,97.5,100,100,100,100,100
2011,6405,ENGENHARIA (GRUPO VIII) - ENGENHARIA FLORESTAL,UNIVERSIDADE FEDERAL DE SANTA MARIA,UFSM,FREDERICO WESTPHALEN,RS,PÚBLICA,UNIVERSIDADES,0,4,3.687,3.75,3.519,5,4.324,3.28,3.28,4.189,,4,1,4,1,1,4,13,1,7,1,5,4,5,1,3,1,2,2,1,1,1,1,1,1,3,1,3,1,2,1,8,1,8,1,2,6,8,1,8,1,2,6,20,2,17,2,5,14,1,1,1,1,1,1,10,0,12.121,0,0,17.391,20,33.333,24.242,33.333,22.222,26.087
2012,1,ADMINISTRAÇÃO,UNIVERSIDADE FEDERAL DE SANTA MARIA,UFSM,PALMEIRA DAS MISSOES,RS,PÚBLICA,Universidade,0,4,3.854,1.731,2.281,5,3.5,4.199,4.084,4.891,,38,5,10,2,10,6,1279,98,114,6,296,45,1074,94,92,5,259,33,1,1,1,1,1,1,99,8,34,4,20,23,50,7,3,1,9,3,69,7,25,3,10,18,65,11,12,2,19,5,1,1,1,1,1,1,2.782,5,5.747,28.571,3.268,8.824,5.051,7,14.368,42.857,3.268,26.471
2012,1,ADMINISTRAÇÃO,UNIVERSIDADE FEDERAL DE SANTA MARIA,UFSM,SANTA MARIA,RS,PÚBLICA,Universidade,0,4,3.809,3.418,2.191,5,4.181,3.345,4.487,4.236,,48,6,13,3,11,8,984,80,59,2,243,17,1101,95,99,6,264,37,2,2,2,2,2,2,62,3,20,2,10,14,177,25,25,3,52,11,28,3,11,2,4,7,307,43,54,6,77,38,2,2,2,2,2,2,3.514,6,7.471,42.857,3.595,11.765,2.05,3,6.322,28.571,1.307,10.294
2012,2,DIREITO,UNIVERSIDADE FEDERAL DE SANTA MARIA,UFSM,SANTA MARIA,RS,PÚBLICA,Universidade,0,4,3.818,0.437,1.469,5,4.227,3.934,4.74,4.545,,19,1,4,1,5,2,826,70,81,4,195,29,796,70,71,4,190,23,1,1,1,1,1,1,22,2,14,2,5,11,44,1,9,1,8,4,11,1,9,1,4,6,122,26,14,1,38,8,1,1,1,1,1,1,2.227,0,3.738,0,2.551,4.545,1.29,1.429,8.411,25,2.041,13.636
2012,13,CIÊNCIAS ECONÔMICAS,UNIVERSIDADE FEDERAL DE SANTA MARIA,UFSM,SANTA MARIA,RS,PÚBLICA,Universidade,0,3,2.673,0.99,2.083,5,2.687,2.512,2.367,4.154,,78,11,35,3,26,24,141,15,64,4,39,35,101,13,38,3,27,20,1,1,1,1,1,1,40,3,29,3,9,23,89,11,41,3,27,20,57,7,27,3,16,20,74,8,37,3,18,27,1,1,1,1,1,1,50.98,73.333,46.053,75,66.667,58.537,37.255,46.667,35.526,75,41.026,48.78
2012,22,CIÊNCIAS CONTÁBEIS,UNIVERSIDADE FEDERAL DE SANTA MARIA,UFSM,SANTA MARIA,RS,PÚBLICA,Universidade,0,4,3.556,1.709,3.442,5,2.328,3.604,4.313,4.286,,49,5,12,1,16,5,711,60,85,3,180,31,301,33,22,1,96,6,1,1,1,1,1,1,152,8,29,2,32,19,74,10,11,1,30,2,12,1,4,1,5,1,109,17,24,2,31,17,1,1,1,1,1,1,6.355,8.333,10.526,0,8.791,11.364,1.556,1.667,3.509,33.333,2.747,2.273
2012,26,DESIGN,UNIVERSIDADE FEDERAL DE SANTA MARIA,UFSM,SANTA MARIA,RS,PÚBLICA,Universidade,0,4,3.693,3.288,1.546,5,2.815,4.135,3.862,4.185,,7,4,4,2,6,4,82,11,11,1,37,3,105,15,25,3,44,14,1,1,1,1,1,1,19,3,11,3,5,8,8,4,5,2,5,5,8,3,7,2,4,6,22,7,12,3,9,11,1,1,1,1,1,1,5.983,26.667,12.121,66.667,13.636,21.053,6.838,20,21.212,66.667,9.091,31.579
2012,803,JORNALISMO,UNIVERSIDADE FEDERAL DE SANTA MARIA,UFSM,SANTA MARIA,RS,PÚBLICA,Universidade,0,2,1.556,1.745,0.833,5,3.93,0,0.291,4.537,,211,18,47,4,47,30,195,17,35,4,45,20,205,18,42,4,45,26,2,2,2,2,2,2,12,2,9,2,4,6,211,18,46,4,46,29,211,18,46,4,46,29,37,7,19,3,12,15,2,2,2,2,2,2,97.685,100,94,100,100,90.909,97.685,100,92,100,97.872,87.879
2012,803,JORNALISMO,UNIVERSIDADE FEDERAL DE SANTA MARIA,UFSM,FREDERICO WESTPHALEN,RS,PÚBLICA,Universidade,0,4,3.822,2.526,3.333,5,2.094,4.449,4.097,4.219,,10,3,6,2,5,5,171,15,19,2,40,8,71,9,11,2,19,7,1,1,1,1,1,1,71,9,35,4,17,29,5,1,3,1,3,2,10,2,8,2,4,7,56,12,25,4,20,18,1,1,1,1,1,1,4.63,16.667,12,50,10.638,15.152,4.63,11.111,16,50,8.511,21.212
2012,804,PUBLICIDADE E PROPAGANDA,UNIVERSIDADE FEDERAL DE SANTA MARIA,UFSM,SANTA MARIA,RS,PÚBLICA,Universidade,0,4,3.098,2.198,2.174,5,4.167,2.33,3.054,4.577,,58,12,13,3,19,9,245,18,15,3,45,5,208,18,15,3,45,6,1,1,1,1,1,1,11,2,7,2,4,6,152,16,19,3,36,9,71,11,17,2,23,8,35,6,11,2,9,8,1,1,1,1,1,1,20.423,63.158,43.333,100,37.255,56.25,25,57.895,56.667,66.667,45.098,50
2013,5,MEDICINA VETERINÁRIA,UNIVERSIDADE FEDERAL DE SANTA MARIA,UFSM,SANTA MARIA,RS,PÚBLICA,Universidade,0,4,3.316,2.558,2.189,5,4.062,2.545,3.771,4.18,3.227,30,3,16,3,11,11,91,8,11,2,21,7,104,8,20,2,27,10,1,1,1,1,1,1,24,3,24,3,7,18,57,5,19,3,18,13,24,3,19,3,9,12,67,7,34,4,17,25,55,5,9,2,16,6,20.979,30,34.043,75,33.333,35.484,16.783,30,40.426,75,27.273,38.71
2013,6,ODONTOLOGIA,UNIVERSIDADE FEDERAL DE SANTA MARIA,UFSM,SANTA MARIA,RS,PÚBLICA,Universidade,0,4,3.446,1.956,1.375,5,3.617,3.332,4.056,3.936,2.191,18,2,8,2,4,5,150,9,28,2,29,11,157,9,35,2,28,17,1,1,1,1,1,1,34,3,26,3,7,18,18,1,8,1,4,6,9,1,5,1,1,5,94,6,36,3,19,25,138,9,37,2,29,19,10.405,20,15.686,66.667,12.5,17.241,5.202,10,9.804,33.333,3.125,17.241
2013,12,MEDICINA,UNIVERSIDADE FEDERAL DE SANTA MARIA,UFSM,SANTA MARIA,RS,PÚBLICA,Universidade,0,3,2.408,1.505,1.039,5,2.317,1.767,3.169,3.441,0.873,86,8,33,3,19,20,144,11,49,5,28,30,146,10,52,4,26,32,1,1,1,1,1,1,56,5,38,4,9,29,84,6,30,2,18,16,50,6,33,3,13,21,69,6,37,5,12,27,147,11,57,5,28,39,55.844,72.727,55.932,60,67.857,51.282,32.468,54.545,55.932,60,46.429,53.846
2013,17,AGRONOMIA,UNIVERSIDADE FEDERAL DE SANTA MARIA,UFSM,FREDERICO WESTPHALEN,RS,PÚBLICA,Universidade,0,4,3.537,2.071,2.131,5,4.024,3.63,3.222,4.207,2.573,29,4,26,4,13,14,129,15,60,4,40,30,113,13,48,3,31,21,1,1,1,1,1,1,31,4,30,4,8,21,27,6,18,3,17,8,35,5,32,4,15,17,91,11,61,5,26,41,100,12,48,4,32,22,17.901,25,28.261,80,30.952,28,21.605,31.25,34.783,80,35.714,34
2013,17,AGRONOMIA,UNIVERSIDADE FEDERAL DE SANTA MARIA,UFSM,SANTA MARIA,RS,PÚBLICA,Universidade,0,4,3.673,2.709,1.204,5,3.993,3.733,3.688,4.708,3.036,19,3,17,3,11,8,97,13,30,2,30,11,152,15,82,4,41,41,2,2,2,2,2,2,34,5,32,5,10,22,18,3,15,2,12,7,10,1,10,1,6,6,44,5,31,4,11,20,71,10,35,3,26,11,11.728,18.75,18.478,60,26.19,16,6.173,6.25,10.87,20,14.286,12
2013,19,FARMÁCIA,UNIVERSIDADE FEDERAL DE SANTA MARIA,UFSM,SANTA MARIA,RS,PÚBLICA,Universidade,0,4,3.203,2.158,1.721,5,4.202,2.611,3.097,4.586,3.36,66,9,24,2,18,17,216,19,16,2,48,8,230,19,27,2,50,16,1,1,1,1,1,1,16,3,15,3,4,13,116,15,27,2,35,19,64,5,35,2,13,26,78,14,24,3,28,17,126,12,11,1,30,5,25.095,45,46.154,66.667,32.143,48.571,24.335,25,67.308,66.667,23.214,74.286
2013,23,ENFERMAGEM,UNIVERSIDADE FEDERAL DE SANTA MARIA,UFSM,SANTA MARIA,RS,PÚBLICA,Universidade,0,4,3.123,1.638,1.811,5,3.854,2.739,3.159,3.966,2.581,108,7,40,3,24,26,419,25,57,5,73,35,417,24,60,4,72,31,2,2,2,2,2,2,28,3,24,3,8,17,193,16,62,4,48,34,92,6,61,4,16,36,166,21,46,7,43,31,340,22,61,6,66,37,23.326,25.926,41.237,42.857,30.38,46.429,19.87,22.222,62.887,57.143,20.253,64.286
2013,23,ENFERMAGEM,UNIVERSIDADE FEDERAL DE SANTA MARIA,UFSM,PALMEIRA DAS MISSOES,RS,PÚBLICA,Universidade,0,4,3.722,3.141,2.78,5,3.245,3.883,3.51,4.586,3.597,28,2,11,2,7,7,303,17,15,1,53,6,337,17,35,2,57,16,1,1,1,1,1,1,56,8,36,7,15,25,24,1,11,1,5,6,55,2,41,2,6,24,72,10,30,5,22,21,187,11,16,1,34,7,6.048,7.407,11.34,28.571,8.861,12.5,11.879,7.407,42.268,28.571,7.595,42.857
2013,27,FONOAUDIOLOGIA,UNIVERSIDADE FEDERAL DE SANTA MARIA,UFSM,SANTA MARIA,RS,PÚBLICA,Universidade,0,2,1.588,0.497,0,5,3.603,0,1.338,4.5,1.719,48,7,17,3,13,12,53,7,17,3,13,12,54,7,18,3,13,13,1,1,1,1,1,1,13,2,10,2,2,8,53,7,17,3,13,12,44,6,17,3,12,12,18,2,10,2,4,7,39,6,12,3,10,10,88.889,100,94.444,100,100,92.308,81.481,85.714,94.444,100,92.308,92.308
2013,28,NUTRIÇÃO,UNIVERSIDADE FEDERAL DE SANTA MARIA,UFSM,PALMEIRA DAS MISSOES,RS,PÚBLICA,Universidade,0,4,3.401,2.134,0.368,5,4.211,3.82,2.624,5,0.908,38,3,21,3,4,19,211,18,28,3,44,20,243,21,50,5,51,41,1,1,1,1,1,1,11,2,10,2,3,9,20,1,7,1,1,5,74,5,39,4,10,34,1,1,1,1,1,1,236,21,52,5,50,42,15.447,14.286,39.623,60,7.843,45.238,30.081,23.81,73.585,80,19.608,80.952
2013,36,FISIOTERAPIA,UNIVERSIDADE FEDERAL DE SANTA MARIA,UFSM,SANTA MARIA,RS,PÚBLICA,Universidade,0,4,3.624,1.512,0.937,5,3.394,3.777,4.484,4.236,2.306,41,4,15,3,11,10,301,26,30,3,59,15,306,25,34,3,58,19,1,1,1,1,1,1,32,5,18,4,6,14,39,7,6,3,16,4,6,3,6,3,3,5,95,20,20,4,33,14,265,24,32,4,52,18,12.975,14.815,39.474,75,18.033,47.619,1.899,11.111,15.789,75,4.918,23.81
2013,51,ZOOTECNIA,UNIVERSIDADE FEDERAL DE SANTA MARIA,UFSM,PALMEIRA DAS MISSOES,RS,PÚBLICA,Universidade,0,4,3.212,2.056,1.355,5,3.964,2.976,2.842,5,2.131,27,1,26,1,9,16,39,3,32,3,9,19,59,4,51,4,12,32,1,1,1,1,1,1,23,3,23,3,5,18,25,1,24,1,7,15,36,1,35,1,9,23,1,1,1,1,1,1,60,4,54,4,12,36,39.13,0,44.068,0,69.231,40,52.174,25,59.322,25,69.231,57.5
2013,51,ZOOTECNIA,UNIVERSIDADE FEDERAL DE SANTA MARIA,UFSM,SANTA MARIA,RS,PÚBLICA,Universidade,0,3,2.858,2.908,1.612,5,3.815,2.081,2.527,4.47,3.039,40,2,38,2,11,24,17,1,11,1,3,7,53,2,47,2,10,29,2,2,2,2,2,2,27,4,26,4,7,20,47,2,43,2,11,27,45,3,43,3,12,29,29,3,25,3,6,17,35,1,31,1,7,20,57.971,50,64.407,50,84.615,60,65.217,75,72.881,75,92.308,72.5
2013,92,TECNOLOGIA EM GESTÃO AMBIENTAL,UNIVERSIDADE FEDERAL DE SANTA MARIA,UFSM,SILVEIRA MARTINS,RS,PÚBLICA,Universidade,0,3,2.838,1.209,1.252,5,4.029,2.32,2.32,5,2.123,42,7,13,3,10,3,108,15,24,7,23,4,109,15,24,7,23,4,1,1,1,1,1,1,5,2,3,2,2,2,58,10,15,4,15,4,63,11,21,5,17,4,1,1,1,1,1,1,81,11,19,5,16,4,37.838,46.667,52,42.857,43.478,75,56.757,73.333,84,71.429,73.913,100
2013,3501,EDUCAÇÃO FÍSICA (BACHARELADO),UNIVERSIDADE FEDERAL DE SANTA MARIA,UFSM,SANTA MARIA,RS,PÚBLICA,Universidade,0,4,3.399,1.298,0.443,5,4.344,3.128,3.763,5,2.068,27,2,3,1,2,2,245,21,26,1,58,15,255,22,34,2,61,19,1,1,1,1,1,1,9,1,8,1,2,5,54,5,6,1,10,3,23,1,8,1,3,5,1,1,1,1,1,1,204,21,27,2,50,18,10.465,9.091,8.108,0,3.175,9.524,8.915,4.545,21.622,50,4.762,23.81
2014,21,ARQUITETURA E URBANISMO,UNIVERSIDADE FEDERAL DE SANTA MARIA,UFSM,SANTA MARIA,RS,PÚBLICA,Universidade,0,4,3.043,1.703,1.455,5,3.439,2.882,2.882,4.031,2.818,46,4,13,2,9,12,166,18,22,2,42,14,178,18,30,1,42,20,1,1,1,1,1,1,25,3,20,3,5,17,78,7,18,2,20,11,36,3,22,2,8,17,77,11,27,3,16,22,114,15,25,3,32,18,22.549,20,28.261,66.667,19.149,37.5,17.647,15,47.826,66.667,17.021,53.125
2014,79,TECNOLOGIA EM REDES DE COMPUTADORES,UNIVERSIDADE FEDERAL DE SANTA MARIA,UFSM,SANTA MARIA,RS,PÚBLICA,Universidade,0,3,2.874,2.976,1.384,5,1.905,2.875,3.053,3.661,2.791,61,6,5,1,10,3,105,8,8,1,16,2,139,9,12,1,19,2,1,1,1,1,1,1,85,4,4,1,10,3,44,6,3,1,12,3,28,4,5,1,8,3,70,8,8,1,14,3,94,8,11,1,16,3,38.854,60,38.462,0,45.455,100,17.834,40,38.462,100,36.364,100
2014,702,MATEMÁTICA (LICENCIATURA),UNIVERSIDADE FEDERAL DE SANTA MARIA,UFSM,SANTA MARIA,RS,PÚBLICA,Universidade,0,4,2.993,1.958,0,5,3.696,2.758,2.819,4.855,2.896,73,8,51,3,23,27,283,27,152,7,57,68,327,28,192,8,65,80,1,1,1,1,1,1,36,3,31,3,8,19,81,9,55,2,24,22,64,8,48,2,23,23,55,10,26,3,12,13,153,23,70,6,40,24,22.256,28.571,26.425,37.5,35.385,33.75,19.512,28.571,24.87,25,35.385,28.75
2014,903,LETRAS-PORTUGUÊS (BACHARELADO),UNIVERSIDADE FEDERAL DE SANTA MARIA,UFSM,SANTA MARIA,RS,PÚBLICA,Universidade,0,3,2.75,1.366,0,5,4.565,2.449,2.027,4.348,1.331,16,1,11,1,4,7,17,1,9,1,2,5,27,1,19,1,5,12,1,1,1,1,1,1,6,1,6,1,3,5,13,1,8,1,3,5,17,1,11,1,3,8,17,1,12,1,4,7,22,1,15,1,4,9,59.259,0,57.895,0,80,58.333,62.963,100,57.895,100,60,66.667
2014,904,LETRAS-PORTUGUÊS (LICENCIATURA),UNIVERSIDADE FEDERAL DE SANTA MARIA,UFSM,SANTA MARIA,RS,PÚBLICA,Universidade,0,4,3.32,1.965,0.244,5,4.052,3.121,3.657,4.569,2.161,31,6,15,1,11,11,152,13,74,2,26,32,200,13,118,2,30,45,1,1,1,1,1,1,20,2,18,1,4,12,44,8,19,1,12,9,24,5,14,1,8,9,68,8,34,1,14,18,167,13,94,2,29,39,15.271,46.154,12.397,0,36.667,23.404,11.823,38.462,11.57,50,26.667,19.149
2014,905,LETRAS-PORTUGUÊS E INGLÊS (LICENCIATURA),UNIVERSIDADE FEDERAL DE SANTA MARIA,UFSM,SANTA MARIA,RS,PÚBLICA,Universidade,0,4,3.295,2.377,2.198,5,3.382,2.902,3.571,4.412,2.723,51,8,22,2,15,12,234,17,57,2,40,18,213,11,58,1,29,15,1,1,1,1,1,1,36,5,19,3,7,13,115,12,40,2,29,14,25,5,13,3,9,9,125,16,41,3,30,19,163,9,47,1,30,14,17.288,44.444,21.569,66.667,30,37.5,8.475,27.778,12.745,100,18,28.125
2014,1401,FÍSICA (BACHARELADO),UNIVERSIDADE FEDERAL DE SANTA MARIA,UFSM,SANTA MARIA,RS,PÚBLICA,Universidade,0,3,2.212,1.36,2.877,5,3.776,0.843,1.278,5,2.428,42,5,38,3,10,27,40,5,33,3,10,23,14,4,9,2,5,7,1,1,1,1,1,1,19,2,19,2,4,13,44,5,39,3,10,27,46,5,40,3,10,29,1,1,1,1,1,1,23,5,18,3,7,15,85.714,100,90.476,100,100,90,93.878,100,95.238,100,100,96.667
2014,1402,FÍSICA (LICENCIATURA),UNIVERSIDADE FEDERAL DE SANTA MARIA,UFSM,SANTA MARIA,RS,PÚBLICA,Universidade,0,4,3.085,2.179,2.166,5,4.032,2.565,2.611,4.516,2.996,29,5,26,3,9,18,96,13,78,7,22,37,92,9,75,4,17,36,1,1,1,1,1,1,29,3,29,3,4,21,33,6,28,3,11,15,46,5,38,3,12,24,63,7,50,3,15,29,60,10,46,5,17,24,22.137,38.462,23.636,42.857,36,32.143,35.115,38.462,34.545,42.857,48,42.857
2014,1501,QUÍMICA (BACHARELADO),UNIVERSIDADE FEDERAL DE SANTA MARIA,UFSM,SANTA MARIA,RS,PÚBLICA,Universidade,0,4,3.38,1.605,2.038,5,4.043,3.097,3.683,3.759,2.524,7,1,6,1,2,3,74,12,34,3,21,24,64,9,27,2,18,17,1,1,1,1,1,1,31,3,30,3,7,25,4,1,3,1,2,2,5,1,4,1,1,3,55,8,37,3,17,26,62,10,31,3,17,25,7.447,0,11.321,0,7.407,7.692,5.319,7.692,7.547,25,3.704,7.692
2014,1502,QUÍMICA (LICENCIATURA),UNIVERSIDADE FEDERAL DE SANTA MARIA,UFSM,SANTA MARIA,RS,PÚBLICA,Universidade,0,4,3.3,2.792,2.23,5,3.78,2.623,3.515,4.634,3.289,34,6,30,4,12,22,72,9,30,3,15,15,130,10,84,4,19,36,1,1,1,1,1,1,40,5,37,4,10,27,66,6,58,4,12,33,21,3,18,2,7,16,67,8,40,3,16,26,60,8,37,4,13,19,18.889,40,23.81,66.667,40,36.667,11.667,20,14.286,33.333,23.333,26.667
2014,1601,CIÊNCIAS BIOLÓGICAS (BACHARELADO),UNIVERSIDADE FEDERAL DE SANTA MARIA,UFSM,SANTA MARIA,RS,PÚBLICA,Universidade,0,4,3.277,1.996,1.762,5,5,2.445,3.081,5,2.919,68,10,41,6,19,28,167,14,48,4,36,27,186,16,68,6,40,41,1,1,1,1,1,1,1,1,1,1,1,1,137,13,55,6,32,35,54,8,41,6,14,30,1,1,1,1,1,1,95,9,31,3,24,22,33.171,62.5,48.235,100,45.238,52.83,26.341,50,48.235,100,33.333,56.604
2014,1602,CIÊNCIAS BIOLÓGICAS (LICENCIATURA),UNIVERSIDADE FEDERAL DE SANTA MARIA,UFSM,SANTA MARIA,RS,PÚBLICA,Universidade,0,4,3.016,1.863,0.535,5,5,1.761,3.469,5,2.897,141,22,74,5,37,50,335,33,138,6,64,66,376,33,176,6,67,78,2,2,2,2,2,2,1,1,1,1,1,1,341,29,168,6,60,75,45,6,30,4,10,20,1,1,1,1,1,1,221,27,80,6,47,44,36.815,66.667,40.659,83.333,54.412,61.728,11.749,18.182,16.484,66.667,14.706,24.691
2014,1602,CIÊNCIAS BIOLÓGICAS (LICENCIATURA),UNIVERSIDADE FEDERAL DE SANTA MARIA,UFSM,PALMEIRA DAS MISSOES,RS,PÚBLICA,Universidade,0,4,3.264,3.414,3.339,5,3.125,2.96,2.896,4,3.342,74,13,41,4,21,29,170,21,25,2,38,12,139,16,22,1,30,11,1,1,1,1,1,1,129,9,87,5,18,58,109,19,49,4,32,27,105,13,68,5,26,44,224,22,109,6,45,61,149,20,44,5,31,24,19.321,39.394,22.527,66.667,30.882,35.802,27.415,39.394,37.363,83.333,38.235,54.321
2014,2001,PEDAGOGIA (LICENCIATURA),UNIVERSIDADE FEDERAL DE SANTA MARIA,UFSM,SANTA MARIA,RS,PÚBLICA,Universidade,0,4,3.13,2.918,0.848,5,3.245,2.936,3.199,4.432,2.367,164,27,42,7,47,27,630,50,61,5,133,23,932,57,226,10,171,82,1,1,1,1,1,1,109,9,68,6,25,46,200,25,39,5,59,13,189,26,73,8,54,38,325,32,100,6,76,58,729,53,147,9,151,59,17.209,47.368,17.5,70,26.857,30.682,19.832,45.614,30.417,80,30.857,43.182
2014,2402,HISTÓRIA (LICENCIATURA),UNIVERSIDADE FEDERAL DE SANTA MARIA,UFSM,SANTA MARIA,RS,PÚBLICA,Universidade,0,4,3.404,2.244,1.23,5,3.6,3.138,3.907,4.8,1.771,27,6,13,2,10,10,226,22,85,4,47,36,275,24,131,5,57,54,1,1,1,1,1,1,52,6,44,4,12,32,40,9,18,1,15,6,16,3,13,2,6,9,80,12,37,3,22,21,230,23,106,5,51,44,9.408,24,9.22,33.333,17.241,16.667,5.575,12,9.22,33.333,10.345,15
2014,2501,ARTES VISUAIS (LICENCIATURA),UNIVERSIDADE FEDERAL DE SANTA MARIA,UFSM,SANTA MARIA,RS,PÚBLICA,Universidade,0,4,3.748,1.537,2.162,5,2.826,4.847,2.913,5,2.25,3,2,1,1,2,1,68,8,24,4,25,14,55,6,17,3,24,8,1,1,1,1,1,1,20,4,17,4,6,12,3,2,1,1,2,1,32,6,21,3,11,12,1,1,1,1,1,1,62,9,24,5,25,14,3.659,22.222,0,0,6.897,0,39.024,66.667,60,60,37.931,60
2014,3002,GEOGRAFIA (LICENCIATURA),UNIVERSIDADE FEDERAL DE SANTA MARIA,UFSM,SANTA MARIA,RS,PÚBLICA,Universidade,0,4,3.226,2.209,1.338,5,4.342,2.687,3.154,4.665,2.704,37,6,25,2,12,16,127,12,69,3,29,32,181,12,113,3,32,45,1,1,1,1,1,1,14,1,14,1,1,10,49,8,28,3,15,13,51,5,34,1,13,20,70,12,40,4,21,22,84,10,53,3,21,25,18.5,46.154,19.084,50,31.579,29.63,25.5,38.462,25.954,25,34.211,37.037
2014,3201,FILOSOFIA (BACHARELADO),UNIVERSIDADE FEDERAL DE SANTA MARIA,UFSM,SANTA MARIA,RS,PÚBLICA,Universidade,0,5,4.432,3.143,2.418,5,4.706,5,4.205,5,1.848,1,1,1,1,1,1,28,8,4,1,10,4,45,10,20,3,13,19,1,1,1,1,1,1,12,3,8,1,3,8,1,1,1,1,1,1,5,2,4,1,3,4,1,1,1,1,1,1,49,10,23,3,14,21,0,0,0,0,0,0,8.621,20,13.333,33.333,20,14.815
2014,3202,FILOSOFIA (LICENCIATURA),UNIVERSIDADE FEDERAL DE SANTA MARIA,UFSM,SANTA MARIA,RS,PÚBLICA,Universidade,0,4,3.602,3.216,1.654,5,4.211,2.917,4.461,4.474,2.492,13,4,8,2,7,6,53,8,9,1,15,7,94,10,41,3,22,30,1,1,1,1,1,1,20,3,16,3,5,13,27,5,11,2,12,7,4,1,3,1,2,3,63,9,33,3,20,24,39,9,11,3,12,9,11.927,33.333,14.815,50,25.926,15.789,3.67,8.333,5.556,25,7.407,7.895
2014,3502,EDUCAÇÃO FÍSICA (LICENCIATURA),UNIVERSIDADE FEDERAL DE SANTA MARIA,UFSM,SANTA MARIA,RS,PÚBLICA,Universidade,0,3,2.738,0.766,0,5,3.537,2.001,3.402,4.845,1.996,209,22,52,4,50,33,421,38,90,5,98,41,430,38,99,5,100,45,1,1,1,1,1,1,30,3,20,3,5,16,366,32,79,2,87,36,40,5,20,4,7,18,52,4,12,1,10,7,381,38,86,5,94,43,48.492,57.895,52.525,80,50,73.333,9.281,13.158,20.202,80,7,40
2014,4004,CIÊNCIA DA COMPUTAÇÃO (BACHARELADO),UNIVERSIDADE FEDERAL DE SANTA MARIA,UFSM,SANTA MARIA,RS,PÚBLICA,Universidade,0,4,3.275,2.761,2.023,5,3.556,2.973,3.253,4,3.442,55,5,40,2,14,33,178,19,37,3,39,25,223,22,61,4,48,39,1,1,1,1,1,1,39,3,31,3,6,23,53,6,33,1,15,23,50,4,42,3,11,35,143,17,64,4,36,45,105,13,30,3,25,19,20.833,22.727,46.512,50,25.926,66,18.939,18.182,48.837,75,20.37,70
2014,4006,SISTEMAS DE INFORMAÇÃO,UNIVERSIDADE FEDERAL DE SANTA MARIA,UFSM,SANTA MARIA,RS,PÚBLICA,Universidade,0,4,3.455,2.02,1.732,5,3.833,3.064,4.132,4.143,2.586,38,4,13,2,10,10,356,27,51,2,84,29,374,27,58,2,84,28,1,1,1,1,1,1,15,4,10,1,5,9,96,14,24,2,30,13,13,2,8,1,4,7,144,17,29,1,36,23,276,22,52,2,67,26,9.091,13.793,18.056,100,10.989,27.027,3.11,6.897,11.111,50,4.396,18.919
2014,4301,MÚSICA (LICENCIATURA),UNIVERSIDADE FEDERAL DE SANTA MARIA,UFSM,SANTA MARIA,RS,PÚBLICA,Universidade,0,4,3.19,1.972,1.104,5,2,3.9,3.311,3.556,1.605,4,1,1,1,1,1,45,5,22,2,13,15,60,7,34,4,16,24,1,1,1,1,1,1,27,2,23,2,5,18,5,1,3,1,2,2,6,2,3,2,2,2,40,4,23,2,8,19,50,7,31,4,14,21,6.154,0,0,0,0,0,9.231,28.571,7.692,50,11.765,7.692
2014,5401,CIÊNCIAS SOCIAIS (BACHARELADO),UNIVERSIDADE FEDERAL DE SANTA MARIA,UFSM,SANTA MARIA,RS,PÚBLICA,Universidade,0,4,3.14,3.368,2.863,5,3.764,2.54,2.698,4.135,3.141,15,1,11,1,4,8,13,3,5,1,4,4,15,3,8,1,4,5,1,1,1,1,1,1,30,3,25,3,6,20,14,1,11,1,3,8,30,3,23,2,7,20,37,2,30,2,6,22,11,1,6,1,2,5,24.59,0,21.569,0,40,21.053,49.18,60,45.098,66.667,70,52.632
2014,5710,ENGENHARIA CIVIL,UNIVERSIDADE FEDERAL DE SANTA MARIA,UFSM,SANTA MARIA,RS,PÚBLICA,Universidade,0,4,3.533,2.628,1.768,5,3.256,3.69,3.772,3.804,2.982,12,3,11,2,4,8,146,15,26,2,37,14,195,18,45,3,44,25,1,1,1,1,1,1,39,4,31,2,7,23,13,5,8,1,6,5,14,1,14,1,5,7,119,10,45,4,22,31,110,13,32,3,31,19,5.021,15,14.865,40,8.163,17.778,5.858,5,18.919,20,10.204,15.556
2014,5806,ENGENHARIA ELÉTRICA,UNIVERSIDADE FEDERAL DE SANTA MARIA,UFSM,SANTA MARIA,RS,PÚBLICA,Universidade,0,4,3.234,2.399,1.286,5,3.72,3.089,3.089,4.085,3.164,31,5,22,4,10,15,152,12,32,4,32,17,190,13,57,4,36,35,1,1,1,1,1,1,28,2,22,2,3,16,34,7,22,4,13,15,25,3,21,3,7,14,87,8,33,3,19,22,75,6,18,3,19,11,15.196,35.714,32.836,80,27.027,35.714,12.255,21.429,31.343,60,18.919,33.333
2014,5809,ENGENHARIA DE COMPUTAÇÃO,UNIVERSIDADE FEDERAL DE SANTA MARIA,UFSM,SANTA MARIA,RS,PÚBLICA,Universidade,0,4,3.007,2.698,1.796,5,3.811,2.143,3.215,4.232,3.226,31,6,21,4,9,15,64,9,14,3,19,10,81,12,24,5,21,14,1,1,1,1,1,1,17,3,14,3,4,10,57,9,26,4,15,18,19,3,15,3,4,10,45,8,16,2,12,10,54,9,18,3,18,13,30.392,50,65.625,80,40.909,75,18.627,25,46.875,60,18.182,50
2014,5814,ENGENHARIA DE CONTROLE E AUTOMAÇÃO,UNIVERSIDADE FEDERAL DE SANTA MARIA,UFSM,SANTA MARIA,RS,PÚBLICA,Universidade,0,5,4.283,2.772,2.441,5,3.537,5,4.645,3.902,3.359,2,1,2,1,1,2,53,4,9,2,12,6,52,4,8,3,10,4,1,1,1,1,1,1,15,2,12,2,3,10,1,1,1,1,1,1,2,1,2,1,1,2,52,6,18,3,11,14,42,3,14,2,10,9,1.961,0,7.407,0,0,14.286,1.961,14.286,7.407,25,6.667,14.286
2014,5902,ENGENHARIA MECÂNICA,UNIVERSIDADE FEDERAL DE SANTA MARIA,UFSM,SANTA MARIA,RS,PÚBLICA,Universidade,0,4,3.283,2.09,1.556,5,2.829,3.317,3.845,3.431,2.994,15,3,14,2,5,12,125,15,39,3,31,25,131,15,42,3,29,27,1,1,1,1,1,1,48,7,38,4,11,30,13,2,12,2,3,10,9,1,9,1,2,7,81,9,41,3,19,31,65,9,26,3,16,18,9.615,17.647,21.875,40,13.889,30.769,5.769,5.882,14.062,20,5.556,17.949
2014,6008,ENGENHARIA QUÍMICA,UNIVERSIDADE FEDERAL DE SANTA MARIA,UFSM,SANTA MARIA,RS,PÚBLICA,Universidade,0,3,2.875,2.772,1.084,5,2.998,2.345,3.464,3.425,2.414,26,4,19,3,6,14,55,8,14,4,17,6,71,9,25,5,19,15,1,1,1,1,1,1,43,7,36,6,11,27,31,5,18,3,10,14,12,2,12,2,3,9,65,9,37,6,16,27,60,8,23,4,19,13,28.571,36.364,43.182,42.857,25,46.667,13.187,18.182,27.273,28.571,12.5,30
2014,6307,ENGENHARIA AMBIENTAL,UNIVERSIDADE FEDERAL DE SANTA MARIA,UFSM,FREDERICO WESTPHALEN,RS,PÚBLICA,Universidade,0,4,3.146,1.658,1.693,5,3.75,3.254,2.761,3.372,2.192,35,5,26,4,12,21,143,12,39,4,30,28,141,12,38,4,28,28,1,1,1,1,1,1,20,2,18,2,4,15,33,5,18,4,15,14,36,7,28,4,12,23,118,12,42,4,26,32,124,12,44,4,27,31,22.013,41.667,53.061,100,38.71,61.765,22.642,58.333,57.143,100,38.71,67.647
2014,6307,ENGENHARIA AMBIENTAL,UNIVERSIDADE FEDERAL DE SANTA MARIA,UFSM,SANTA MARIA,RS,PÚBLICA,Universidade,0,5,4.424,3.693,3.484,5,3.6,5,4.261,4.818,3.968,1,1,1,1,1,1,46,2,3,1,8,1,37,1,3,1,6,1,2,2,2,2,2,2,27,4,22,4,6,19,1,1,1,1,1,1,3,2,3,2,2,3,29,3,11,1,5,7,27,1,4,1,4,2,0,0,0,0,0,0,1.887,16.667,6.122,50,6.452,8.824
2014,6405,ENGENHARIA FLORESTAL,UNIVERSIDADE FEDERAL DE SANTA MARIA,UFSM,SANTA MARIA,RS,PÚBLICA,Universidade,0,3,2.814,2.72,1.756,5,4.029,1.565,3.178,4.435,2.055,17,3,14,3,8,11,17,3,11,3,9,6,39,3,33,3,11,24,2,2,2,2,2,2,17,3,16,3,4,15,28,3,25,3,10,18,12,2,12,2,6,9,20,2,17,2,5,15,23,3,18,3,11,12,39.535,100,38.889,100,72.727,40.741,27.907,66.667,33.333,66.667,54.545,33.333
2014,6405,ENGENHARIA FLORESTAL,UNIVERSIDADE FEDERAL DE SANTA MARIA,UFSM,FREDERICO WESTPHALEN,RS,PÚBLICA,Universidade,0,4,3.06,3.023,2.819,5,4.394,1.845,3.259,4.118,2.262,15,2,12,2,7,9,14,2,8,2,7,5,17,2,11,2,7,8,1,1,1,1,1,1,10,2,9,2,3,8,23,2,20,2,9,14,11,1,11,1,5,8,25,3,22,3,8,19,19,2,14,2,9,9,34.884,66.667,33.333,66.667,63.636,33.333,25.581,33.333,30.556,33.333,45.455,29.63
