Centro,Ano,Cód. Curso,Nome do Curso,Ingressantes 'x' anos atrás,Formados,Matriculados,TSG - Taxa de Titulação,TSG Média Cursos do Centro,TSG Média Cursos da UFSM,Ano de Ingresso
CENTRO DE CIÊNCIAS SOCIAIS E HUMANAS - CCSH,2008,501,Administração - Diurno,55,30,209,54.54,51.17,43.15,2005
CENTRO DE CIÊNCIAS SOCIAIS E HUMANAS - CCSH,2009,501,Administração - Diurno,53,41,218,77.35,63.77,51.69,2006
CENTRO DE CIÊNCIAS SOCIAIS E HUMANAS - CCSH,2010,501,Administração - Diurno,52,32,229,61.53,59.10,56.18,2007
CENTRO DE CIÊNCIAS SOCIAIS E HUMANAS - CCSH,2011,501,Administração - Diurno,52,42,235,80.76,58.36,49.65,2008
CENTRO DE CIÊNCIAS SOCIAIS E HUMANAS - CCSH,2012,501,Administração - Diurno,55,53,245,96.36,51.44,46.73,2009
CENTRO DE CIÊNCIAS SOCIAIS E HUMANAS - CCSH,2013,501,Administração - Diurno,56,42,250,75.00,48.39,62.08,2010
CENTRO DE CIÊNCIAS SOCIAIS E HUMANAS - CCSH,2014,501,Administração - Diurno,50,40,252,80.00,54.43,42.85,2011
CENTRO DE CIÊNCIAS SOCIAIS E HUMANAS - CCSH,2015,501,Administração - Diurno,55,12,247,21.81,12.51,23.12,2012
CENTRO DE CIÊNCIAS SOCIAIS E HUMANAS - CCSH,2008,515,Administração - Noturno,64,31,326,48.43,51.17,43.15,2005
CENTRO DE CIÊNCIAS SOCIAIS E HUMANAS - CCSH,2009,515,Administração - Noturno,59,27,311,45.76,63.77,51.69,2006
CENTRO DE CIÊNCIAS SOCIAIS E HUMANAS - CCSH,2010,515,Administração - Noturno,66,34,306,51.51,59.10,56.18,2007
CENTRO DE CIÊNCIAS SOCIAIS E HUMANAS - CCSH,2011,515,Administração - Noturno,59,28,325,47.45,58.36,49.65,2008
CENTRO DE CIÊNCIAS SOCIAIS E HUMANAS - CCSH,2012,515,Administração - Noturno,56,26,304,46.42,51.44,46.73,2009
CENTRO DE CIÊNCIAS SOCIAIS E HUMANAS - CCSH,2013,515,Administração - Noturno,55,30,294,54.54,48.39,62.08,2010
CENTRO DE CIÊNCIAS SOCIAIS E HUMANAS - CCSH,2014,515,Administração - Noturno,57,37,300,64.91,54.43,42.85,2011
CENTRO DE CIÊNCIAS SOCIAIS E HUMANAS - CCSH,2015,515,Administração - Noturno,72,26,305,36.11,12.51,23.12,2012
CENTRO DE CIÊNCIAS RURAIS - CCR,2009,401,Agronomia,124,99,753,79.83,77.36,51.69,2005
CENTRO DE CIÊNCIAS RURAIS - CCR,2010,401,Agronomia,137,125,716,91.24,79.64,56.18,2006
CENTRO DE CIÊNCIAS RURAIS - CCR,2011,401,Agronomia,141,132,701,93.61,65.17,49.65,2007
CENTRO DE CIÊNCIAS RURAIS - CCR,2012,401,Agronomia,158,101,706,63.92,61.57,46.73,2008
CENTRO DE CIÊNCIAS RURAIS - CCR,2013,401,Agronomia,127,100,719,78.74,78.55,62.08,2009
CENTRO DE CIÊNCIAS RURAIS - CCR,2014,401,Agronomia,126,99,715,78.57,61.34,42.85,2010
CENTRO DE CIÊNCIAS RURAIS - CCR,2015,401,Agronomia,128,39,682,30.46,21.23,23.12,2011
CENTRO DE EDUCAÇÃO SUPERIOR NORTE-RS/UFSM -CESNORS,2010,2001,Agronomia/CESNORS/FW,64,0,60,0.00,54.02,56.18,2006
CENTRO DE EDUCAÇÃO SUPERIOR NORTE-RS/UFSM -CESNORS,2011,2001,Agronomia/CESNORS/FW,64,49,119,76.56,74.03,49.65,2007
CENTRO DE EDUCAÇÃO SUPERIOR NORTE-RS/UFSM -CESNORS,2012,2001,Agronomia/CESNORS/FW,71,55,176,77.46,48.59,46.73,2008
CENTRO DE EDUCAÇÃO SUPERIOR NORTE-RS/UFSM -CESNORS,2013,2001,Agronomia/CESNORS/FW,87,60,240,68.96,37.34,62.08,2009
CENTRO DE EDUCAÇÃO SUPERIOR NORTE-RS/UFSM -CESNORS,2014,2001,Agronomia/CESNORS/FW,66,42,288,63.63,35.89,42.85,2010
CENTRO DE EDUCAÇÃO SUPERIOR NORTE-RS/UFSM -CESNORS,2015,2001,Agronomia/CESNORS/FW,65,9,333,13.84,21.15,23.12,2011
CENTRO DE TECNOLOGIA - CT,2008,308,Arquitetura e Urbanismo,23,26,141,113.04,79.85,43.15,2005
CENTRO DE TECNOLOGIA - CT,2009,308,Arquitetura e Urbanismo,25,21,143,84.00,66.63,51.69,2006
CENTRO DE TECNOLOGIA - CT,2010,308,Arquitetura e Urbanismo,27,16,143,59.25,60.03,56.18,2007
CENTRO DE TECNOLOGIA - CT,2011,308,Arquitetura e Urbanismo,31,22,149,70.96,70.07,49.65,2008
CENTRO DE TECNOLOGIA - CT,2012,308,Arquitetura e Urbanismo,23,13,141,56.52,55.77,46.73,2009
CENTRO DE TECNOLOGIA - CT,2013,308,Arquitetura e Urbanismo,28,12,136,42.85,27.29,62.08,2010
CENTRO DE TECNOLOGIA - CT,2014,308,Arquitetura e Urbanismo,28,19,143,67.85,36.01,42.85,2011
CENTRO DE TECNOLOGIA - CT,2015,308,Arquitetura e Urbanismo,27,7,140,25.92,19.23,23.12,2012
CENTRO DE CIÊNCIAS SOCIAIS E HUMANAS - CCSH,2008,509,Arquivologia,31,18,123,58.06,51.17,43.15,2005
CENTRO DE CIÊNCIAS SOCIAIS E HUMANAS - CCSH,2009,509,Arquivologia,31,27,119,87.09,63.77,51.69,2006
CENTRO DE CIÊNCIAS SOCIAIS E HUMANAS - CCSH,2010,509,Arquivologia,35,16,126,45.71,59.10,56.18,2007
CENTRO DE CIÊNCIAS SOCIAIS E HUMANAS - CCSH,2012,509,Arquivologia,33,19,131,57.57,51.44,46.73,2009
CENTRO DE CIÊNCIAS SOCIAIS E HUMANAS - CCSH,2011,509,Arquivologia,36,16,128,44.44,58.36,49.65,2008
CENTRO DE CIÊNCIAS SOCIAIS E HUMANAS - CCSH,2013,509,Arquivologia,29,23,119,79.31,48.39,62.08,2010
CENTRO DE CIÊNCIAS SOCIAIS E HUMANAS - CCSH,2014,509,Arquivologia,36,16,125,44.44,54.43,42.85,2011
CENTRO DE CIÊNCIAS SOCIAIS E HUMANAS - CCSH,2015,509,Arquivologia,34,6,129,17.64,12.51,23.12,2012
CENTRO DE ARTES E LETRAS - CAL,2008,724,Artes Cênicas - Bacharelado,20,0,63,0.00,27.90,43.15,2005
CENTRO DE ARTES E LETRAS - CAL,2009,724,Artes Cênicas - Bacharelado,20,0,54,0.00,42.42,51.69,2006
CENTRO DE ARTES E LETRAS - CAL,2010,724,Artes Cênicas - Bacharelado,22,0,49,0.00,41.47,56.18,2007
CENTRO DE ARTES E LETRAS - CAL,2011,724,Artes Cênicas - Bacharelado,25,0,52,0.00,37.69,49.65,2008
CENTRO DE ARTES E LETRAS - CAL,2012,724,Artes Cênicas - Bacharelado,23,0,58,0.00,53.10,46.73,2009
CENTRO DE ARTES E LETRAS - CAL,2013,724,Artes Cênicas - Bacharelado,21,0,56,0.00,41.82,62.08,2010
CENTRO DE ARTES E LETRAS - CAL,2014,724,Artes Cênicas - Bacharelado,25,0,55,0.00,32.31,42.85,2011
CENTRO DE ARTES E LETRAS - CAL,2015,724,Artes Cênicas - Bacharelado,33,0,69,0.00,12.44,23.12,2012
CENTRO DE ARTES E LETRAS - CAL,2008,725,Artes Cênicas - Direção Teatral,10,3,23,30.00,27.90,43.15,2005
CENTRO DE ARTES E LETRAS - CAL,2009,725,Artes Cênicas - Direção Teatral,6,2,14,33.33,42.42,51.69,2006
CENTRO DE ARTES E LETRAS - CAL,2010,725,Artes Cênicas - Direção Teatral,5,1,13,20.00,41.47,56.18,2007
CENTRO DE ARTES E LETRAS - CAL,2011,725,Artes Cênicas - Direção Teatral,3,1,11,33.33,37.69,49.65,2008
CENTRO DE ARTES E LETRAS - CAL,2012,725,Artes Cênicas - Direção Teatral,4,5,9,125.00,53.10,46.73,2009
CENTRO DE ARTES E LETRAS - CAL,2013,725,Artes Cênicas - Direção Teatral,2,1,7,50.00,41.82,62.08,2010
CENTRO DE ARTES E LETRAS - CAL,2014,725,Artes Cênicas - Direção Teatral,10,1,15,10.00,32.31,42.85,2011
CENTRO DE ARTES E LETRAS - CAL,2015,725,Artes Cênicas - Direção Teatral,10,0,21,0.00,12.44,23.12,2012
CENTRO DE ARTES E LETRAS - CAL,2008,726,Artes Cênicas - Interpretação Teatral,24,7,50,29.16,27.90,43.15,2005
CENTRO DE ARTES E LETRAS - CAL,2009,726,Artes Cênicas - Interpretação Teatral,12,9,35,75.00,42.42,51.69,2006
CENTRO DE ARTES E LETRAS - CAL,2010,726,Artes Cênicas - Interpretação Teatral,17,7,37,41.17,41.47,56.18,2007
CENTRO DE ARTES E LETRAS - CAL,2011,726,Artes Cênicas - Interpretação Teatral,8,3,26,37.50,37.69,49.65,2008
CENTRO DE ARTES E LETRAS - CAL,2012,726,Artes Cênicas - Interpretação Teatral,8,11,24,137.50,53.10,46.73,2009
CENTRO DE ARTES E LETRAS - CAL,2013,726,Artes Cênicas - Interpretação Teatral,2,4,18,200.00,41.82,62.08,2010
CENTRO DE ARTES E LETRAS - CAL,2014,726,Artes Cênicas - Interpretação Teatral,15,7,25,46.66,32.31,42.85,2011
CENTRO DE ARTES E LETRAS - CAL,2015,726,Artes Cênicas - Interpretação Teatral,21,2,44,9.52,12.44,23.12,2012
CENTRO DE ARTES E LETRAS - CAL,2010,727,Artes Visuais - Bacharelado em  Desenho e Plástica,37,20,117,54.05,41.47,56.18,2007
CENTRO DE ARTES E LETRAS - CAL,2008,727,Artes Visuais - Bacharelado em  Desenho e Plástica,33,14,56,42.42,27.90,43.15,2005
CENTRO DE ARTES E LETRAS - CAL,2009,727,Artes Visuais - Bacharelado em  Desenho e Plástica,42,17,92,40.47,42.42,51.69,2006
CENTRO DE ARTES E LETRAS - CAL,2011,727,Artes Visuais - Bacharelado em  Desenho e Plástica,53,13,145,24.52,37.69,49.65,2008
CENTRO DE ARTES E LETRAS - CAL,2012,727,Artes Visuais - Bacharelado em  Desenho e Plástica,34,17,143,50.00,53.10,46.73,2009
CENTRO DE ARTES E LETRAS - CAL,2013,727,Artes Visuais - Bacharelado em  Desenho e Plástica,37,14,147,37.83,41.82,62.08,2010
CENTRO DE ARTES E LETRAS - CAL,2014,727,Artes Visuais - Bacharelado em  Desenho e Plástica,48,24,146,50.00,32.31,42.85,2011
CENTRO DE ARTES E LETRAS - CAL,2015,727,Artes Visuais - Bacharelado em  Desenho e Plástica,43,7,156,16.27,12.44,23.12,2012
CENTRO DE ARTES E LETRAS - CAL,2008,728,Artes Visuais - Lic. Plena em Desenho e Plástica,18,4,32,22.22,27.90,43.15,2005
CENTRO DE ARTES E LETRAS - CAL,2009,728,Artes Visuais - Lic. Plena em Desenho e Plástica,18,10,48,55.55,42.42,51.69,2006
CENTRO DE ARTES E LETRAS - CAL,2010,728,Artes Visuais - Lic. Plena em Desenho e Plástica,22,8,64,36.36,41.47,56.18,2007
CENTRO DE ARTES E LETRAS - CAL,2011,728,Artes Visuais - Lic. Plena em Desenho e Plástica,23,10,80,43.47,37.69,49.65,2008
CENTRO DE ARTES E LETRAS - CAL,2012,728,Artes Visuais - Lic. Plena em Desenho e Plástica,21,15,85,71.42,53.10,46.73,2009
CENTRO DE ARTES E LETRAS - CAL,2013,728,Artes Visuais - Lic. Plena em Desenho e Plástica,27,8,88,29.62,41.82,62.08,2010
CENTRO DE ARTES E LETRAS - CAL,2014,728,Artes Visuais - Lic. Plena em Desenho e Plástica,22,9,85,40.90,32.31,42.85,2011
CENTRO DE ARTES E LETRAS - CAL,2015,728,Artes Visuais - Lic. Plena em Desenho e Plástica,26,1,86,3.84,12.44,23.12,2012
CENTRO DE CIÊNCIAS SOCIAIS E HUMANAS - CCSH,2012,138,Bacharelado em Filosofia - Noturno,43,0,40,0.00,51.44,46.73,2009
CENTRO DE CIÊNCIAS SOCIAIS E HUMANAS - CCSH,2013,138,Bacharelado em Filosofia - Noturno,38,5,65,13.15,48.39,62.08,2010
CENTRO DE CIÊNCIAS SOCIAIS E HUMANAS - CCSH,2014,138,Bacharelado em Filosofia - Noturno,43,6,89,13.95,54.43,42.85,2011
CENTRO DE CIÊNCIAS SOCIAIS E HUMANAS - CCSH,2015,138,Bacharelado em Filosofia - Noturno,46,4,102,8.69,12.51,23.12,2012
CENTRO DE ARTES E LETRAS - CAL,2012,757,Bacharelado em Letras-Português/Literaturas,40,0,40,0.00,53.10,46.73,2009
CENTRO DE ARTES E LETRAS - CAL,2013,757,Bacharelado em Letras-Português/Literaturas,35,5,61,14.28,41.82,62.08,2010
CENTRO DE ARTES E LETRAS - CAL,2014,757,Bacharelado em Letras-Português/Literaturas,42,3,77,7.14,32.31,42.85,2011
CENTRO DE ARTES E LETRAS - CAL,2015,757,Bacharelado em Letras-Português/Literaturas,43,2,88,4.65,12.44,23.12,2012
CENTRO DE TECNOLOGIA - CT,2012,314,Bacharelado em Sistemas de Informação,40,0,40,0.00,55.77,46.73,2009
CENTRO DE TECNOLOGIA - CT,2013,314,Bacharelado em Sistemas de Informação,42,9,79,21.42,27.29,62.08,2010
CENTRO DE TECNOLOGIA - CT,2014,314,Bacharelado em Sistemas de Informação,42,16,115,38.09,36.01,42.85,2011
CENTRO DE TECNOLOGIA - CT,2015,314,Bacharelado em Sistemas de Informação,48,5,142,10.41,19.23,23.12,2012
CENTRO DE TECNOLOGIA - CT,2008,307,Ciência da Computação - Bacharelado,30,14,153,46.66,79.85,43.15,2005
CENTRO DE TECNOLOGIA - CT,2009,307,Ciência da Computação - Bacharelado,32,16,149,50.00,66.63,51.69,2006
CENTRO DE TECNOLOGIA - CT,2010,307,Ciência da Computação - Bacharelado,36,20,147,55.55,60.03,56.18,2007
CENTRO DE TECNOLOGIA - CT,2011,307,Ciência da Computação - Bacharelado,33,19,142,57.57,70.07,49.65,2008
CENTRO DE TECNOLOGIA - CT,2012,307,Ciência da Computação - Bacharelado,38,17,158,44.73,55.77,46.73,2009
CENTRO DE TECNOLOGIA - CT,2013,307,Ciência da Computação - Bacharelado,42,15,171,35.71,27.29,62.08,2010
CENTRO DE TECNOLOGIA - CT,2014,307,Ciência da Computação - Bacharelado,39,17,172,43.58,36.01,42.85,2011
CENTRO DE TECNOLOGIA - CT,2015,307,Ciência da Computação - Bacharelado,48,4,178,8.33,19.23,23.12,2012
CENTRO DE CIÊNCIAS NATURAIS E EXATAS - CCNE,2008,127,Ciências Biológicas - Bacharelado,25,20,77,80.00,39.48,43.15,2005
CENTRO DE CIÊNCIAS NATURAIS E EXATAS - CCNE,2009,127,Ciências Biológicas - Bacharelado,21,18,65,85.71,34.40,51.69,2006
CENTRO DE CIÊNCIAS NATURAIS E EXATAS - CCNE,2010,127,Ciências Biológicas - Bacharelado,21,20,66,95.23,51.28,56.18,2007
CENTRO DE CIÊNCIAS NATURAIS E EXATAS - CCNE,2011,127,Ciências Biológicas - Bacharelado,28,31,71,110.71,39.96,49.65,2008
CENTRO DE CIÊNCIAS NATURAIS E EXATAS - CCNE,2012,127,Ciências Biológicas - Bacharelado,27,22,101,81.48,31.87,46.73,2009
CENTRO DE CIÊNCIAS NATURAIS E EXATAS - CCNE,2013,127,Ciências Biológicas - Bacharelado,2,26,103,1 300.00,108.33,62.08,2010
CENTRO DE CIÊNCIAS NATURAIS E EXATAS - CCNE,2014,127,Ciências Biológicas - Bacharelado,79,29,118,36.70,28.98,42.85,2011
CENTRO DE CIÊNCIAS NATURAIS E EXATAS - CCNE,2015,127,Ciências Biológicas - Bacharelado,28,0,114,0.00,8.90,23.12,2012
CENTRO DE CIÊNCIAS NATURAIS E EXATAS - CCNE,2009,111,Ciências Biológicas - Licenciatura Plena,34,19,77,55.88,34.40,51.69,2006
CENTRO DE CIÊNCIAS NATURAIS E EXATAS - CCNE,2010,111,Ciências Biológicas - Licenciatura Plena,28,11,68,39.28,51.28,56.18,2007
CENTRO DE CIÊNCIAS NATURAIS E EXATAS - CCNE,2011,111,Ciências Biológicas - Licenciatura Plena,26,7,66,26.92,39.96,49.65,2008
CENTRO DE CIÊNCIAS NATURAIS E EXATAS - CCNE,2012,111,Ciências Biológicas - Licenciatura Plena,24,9,68,37.50,31.87,46.73,2009
CENTRO DE CIÊNCIAS NATURAIS E EXATAS - CCNE,2013,111,Ciências Biológicas - Licenciatura Plena,15,10,53,66.66,108.33,62.08,2010
CENTRO DE CIÊNCIAS NATURAIS E EXATAS - CCNE,2014,111,Ciências Biológicas - Licenciatura Plena,37,10,60,27.02,28.98,42.85,2011
CENTRO DE CIÊNCIAS NATURAIS E EXATAS - CCNE,2015,111,Ciências Biológicas - Licenciatura Plena,34,1,65,2.94,8.90,23.12,2012
CENTRO DE CIÊNCIAS NATURAIS E EXATAS - CCNE,2008,128,Ciências Biológicas - Núcleo Comum,44,0,82,0.00,39.48,43.15,2005
CENTRO DE CIÊNCIAS NATURAIS E EXATAS - CCNE,2009,128,Ciências Biológicas - Núcleo Comum,47,0,96,0.00,34.40,51.69,2006
CENTRO DE CIÊNCIAS NATURAIS E EXATAS - CCNE,2010,128,Ciências Biológicas - Núcleo Comum,47,0,49,0.00,51.28,56.18,2007
CENTRO DE CIÊNCIAS NATURAIS E EXATAS - CCNE,2011,128,Ciências Biológicas - Núcleo Comum,44,0,85,0.00,39.96,49.65,2008
CENTRO DE CIÊNCIAS NATURAIS E EXATAS - CCNE,2012,128,Ciências Biológicas - Núcleo Comum,46,0,90,0.00,31.87,46.73,2009
CENTRO DE CIÊNCIAS NATURAIS E EXATAS - CCNE,2013,128,Ciências Biológicas - Núcleo Comum,43,0,45,0.00,108.33,62.08,2010
CENTRO DE CIÊNCIAS NATURAIS E EXATAS - CCNE,2014,128,Ciências Biológicas - Núcleo Comum,46,0,84,0.00,28.98,42.85,2011
CENTRO DE CIÊNCIAS NATURAIS E EXATAS - CCNE,2015,128,Ciências Biológicas - Núcleo Comum,47,0,83,0.00,8.90,23.12,2012
CENTRO DE CIÊNCIAS SOCIAIS E HUMANAS - CCSH,2008,502,Ciências Contábeis,43,36,361,83.72,51.17,43.15,2005
CENTRO DE CIÊNCIAS SOCIAIS E HUMANAS - CCSH,2009,502,Ciências Contábeis,44,39,308,88.63,63.77,51.69,2006
CENTRO DE CIÊNCIAS SOCIAIS E HUMANAS - CCSH,2010,502,Ciências Contábeis,52,28,272,53.84,59.10,56.18,2007
CENTRO DE CIÊNCIAS SOCIAIS E HUMANAS - CCSH,2011,502,Ciências Contábeis,43,35,230,81.39,58.36,49.65,2008
CENTRO DE CIÊNCIAS SOCIAIS E HUMANAS - CCSH,2012,502,Ciências Contábeis,53,23,228,43.39,51.44,46.73,2009
CENTRO DE CIÊNCIAS SOCIAIS E HUMANAS - CCSH,2013,502,Ciências Contábeis,51,26,216,50.98,48.39,62.08,2010
CENTRO DE CIÊNCIAS SOCIAIS E HUMANAS - CCSH,2014,502,Ciências Contábeis,49,25,223,51.02,54.43,42.85,2011
CENTRO DE CIÊNCIAS SOCIAIS E HUMANAS - CCSH,2015,502,Ciências Contábeis,44,3,209,6.81,12.51,23.12,2012
CENTRO DE CIÊNCIAS SOCIAIS E HUMANAS - CCSH,2008,524,Ciências Contábeis - Diurno,40,22,80,55.00,51.17,43.15,2005
CENTRO DE CIÊNCIAS SOCIAIS E HUMANAS - CCSH,2009,524,Ciências Contábeis - Diurno,43,21,120,48.83,63.77,51.69,2006
CENTRO DE CIÊNCIAS SOCIAIS E HUMANAS - CCSH,2010,524,Ciências Contábeis - Diurno,62,36,161,58.06,59.10,56.18,2007
CENTRO DE CIÊNCIAS SOCIAIS E HUMANAS - CCSH,2011,524,Ciências Contábeis - Diurno,51,9,201,17.64,58.36,49.65,2008
CENTRO DE CIÊNCIAS SOCIAIS E HUMANAS - CCSH,2012,524,Ciências Contábeis - Diurno,48,17,209,35.41,51.44,46.73,2009
CENTRO DE CIÊNCIAS SOCIAIS E HUMANAS - CCSH,2013,524,Ciências Contábeis - Diurno,46,22,209,47.82,48.39,62.08,2010
CENTRO DE CIÊNCIAS SOCIAIS E HUMANAS - CCSH,2014,524,Ciências Contábeis - Diurno,44,25,195,56.81,54.43,42.85,2011
CENTRO DE CIÊNCIAS SOCIAIS E HUMANAS - CCSH,2015,524,Ciências Contábeis - Diurno,45,30,210,66.66,12.51,23.12,2012
CENTRO DE CIÊNCIAS SOCIAIS E HUMANAS - CCSH,2008,521,Ciências Econômicas - Diurno,54,16,176,29.62,51.17,43.15,2005
CENTRO DE CIÊNCIAS SOCIAIS E HUMANAS - CCSH,2009,521,Ciências Econômicas - Diurno,62,21,182,33.87,63.77,51.69,2006
CENTRO DE CIÊNCIAS SOCIAIS E HUMANAS - CCSH,2010,521,Ciências Econômicas - Diurno,42,19,187,45.23,59.10,56.18,2007
CENTRO DE CIÊNCIAS SOCIAIS E HUMANAS - CCSH,2011,521,Ciências Econômicas - Diurno,44,26,179,59.09,58.36,49.65,2008
CENTRO DE CIÊNCIAS SOCIAIS E HUMANAS - CCSH,2012,521,Ciências Econômicas - Diurno,45,16,191,35.55,51.44,46.73,2009
CENTRO DE CIÊNCIAS SOCIAIS E HUMANAS - CCSH,2013,521,Ciências Econômicas - Diurno,43,19,187,44.18,48.39,62.08,2010
CENTRO DE CIÊNCIAS SOCIAIS E HUMANAS - CCSH,2014,521,Ciências Econômicas - Diurno,44,20,175,45.45,54.43,42.85,2011
CENTRO DE CIÊNCIAS SOCIAIS E HUMANAS - CCSH,2015,521,Ciências Econômicas - Diurno,47,9,167,19.14,12.51,23.12,2012
CENTRO DE CIÊNCIAS SOCIAIS E HUMANAS - CCSH,2008,504,Ciências Econômicas - Noturno,73,15,275,20.54,51.17,43.15,2005
CENTRO DE CIÊNCIAS SOCIAIS E HUMANAS - CCSH,2009,504,Ciências Econômicas - Noturno,56,35,271,62.50,63.77,51.69,2006
CENTRO DE CIÊNCIAS SOCIAIS E HUMANAS - CCSH,2010,504,Ciências Econômicas - Noturno,45,8,266,17.77,59.10,56.18,2007
CENTRO DE CIÊNCIAS SOCIAIS E HUMANAS - CCSH,2011,504,Ciências Econômicas - Noturno,49,20,238,40.81,58.36,49.65,2008
CENTRO DE CIÊNCIAS SOCIAIS E HUMANAS - CCSH,2012,504,Ciências Econômicas - Noturno,52,24,243,46.15,51.44,46.73,2009
CENTRO DE CIÊNCIAS SOCIAIS E HUMANAS - CCSH,2013,504,Ciências Econômicas - Noturno,50,15,203,30.00,48.39,62.08,2010
CENTRO DE CIÊNCIAS SOCIAIS E HUMANAS - CCSH,2014,504,Ciências Econômicas - Noturno,47,12,216,25.53,54.43,42.85,2011
CENTRO DE CIÊNCIAS SOCIAIS E HUMANAS - CCSH,2015,504,Ciências Econômicas - Noturno,46,8,210,17.39,12.51,23.12,2012
CENTRO DE EDUCAÇÃO SUPERIOR NORTE-RS/UFSM -CESNORS,2013,2013,Ciências Econômicas/CESNORS/PM,53,0,51,0.00,37.34,62.08,2010
CENTRO DE EDUCAÇÃO SUPERIOR NORTE-RS/UFSM -CESNORS,2014,2013,Ciências Econômicas/CESNORS/PM,52,0,97,0.00,35.89,42.85,2011
CENTRO DE EDUCAÇÃO SUPERIOR NORTE-RS/UFSM -CESNORS,2015,2013,Ciências Econômicas/CESNORS/PM,60,9,136,15.00,21.15,23.12,2012
CENTRO DE CIÊNCIAS SOCIAIS E HUMANAS - CCSH,2008,522,Ciências Sociais  - Bacharelado,46,19,183,41.30,51.17,43.15,2005
CENTRO DE CIÊNCIAS SOCIAIS E HUMANAS - CCSH,2009,522,Ciências Sociais  - Bacharelado,61,11,187,18.03,63.77,51.69,2006
CENTRO DE CIÊNCIAS SOCIAIS E HUMANAS - CCSH,2010,522,Ciências Sociais  - Bacharelado,53,23,194,43.39,59.10,56.18,2007
CENTRO DE CIÊNCIAS SOCIAIS E HUMANAS - CCSH,2011,522,Ciências Sociais  - Bacharelado,62,21,207,33.87,58.36,49.65,2008
CENTRO DE CIÊNCIAS SOCIAIS E HUMANAS - CCSH,2012,522,Ciências Sociais  - Bacharelado,43,19,203,44.18,51.44,46.73,2009
CENTRO DE CIÊNCIAS SOCIAIS E HUMANAS - CCSH,2013,522,Ciências Sociais  - Bacharelado,42,20,199,47.61,48.39,62.08,2010
CENTRO DE CIÊNCIAS SOCIAIS E HUMANAS - CCSH,2014,522,Ciências Sociais  - Bacharelado,54,15,193,27.77,54.43,42.85,2011
CENTRO DE CIÊNCIAS SOCIAIS E HUMANAS - CCSH,2015,522,Ciências Sociais  - Bacharelado,46,1,173,2.17,12.51,23.12,2012
CENTRO DE EDUCAÇÃO SUPERIOR NORTE-RS/UFSM -CESNORS,2012,2011,Com. Social - Relações Públicas-Ênfase:Multimídia/FW,23,0,22,0.00,48.59,46.73,2009
CENTRO DE EDUCAÇÃO SUPERIOR NORTE-RS/UFSM -CESNORS,2013,2011,Com. Social - Relações Públicas-Ênfase:Multimídia/FW,19,12,35,63.15,37.34,62.08,2010
CENTRO DE EDUCAÇÃO SUPERIOR NORTE-RS/UFSM -CESNORS,2014,2011,Com. Social - Relações Públicas-Ênfase:Multimídia/FW,21,11,49,52.38,35.89,42.85,2011
CENTRO DE EDUCAÇÃO SUPERIOR NORTE-RS/UFSM -CESNORS,2015,2011,Com. Social - Relações Públicas-Ênfase:Multimídia/FW,24,8,62,33.33,21.15,23.12,2012
CENTRO DE CIÊNCIAS SOCIAIS E HUMANAS - CCSH,2008,506,Com. Social - Jornalismo,30,28,110,93.33,51.17,43.15,2005
CENTRO DE CIÊNCIAS SOCIAIS E HUMANAS - CCSH,2009,506,Com. Social - Jornalismo,31,22,110,70.96,63.77,51.69,2006
CENTRO DE CIÊNCIAS SOCIAIS E HUMANAS - CCSH,2010,506,Com. Social - Jornalismo,26,31,117,119.23,59.10,56.18,2007
CENTRO DE CIÊNCIAS SOCIAIS E HUMANAS - CCSH,2011,506,Com. Social - Jornalismo,25,17,115,68.00,58.36,49.65,2008
CENTRO DE CIÊNCIAS SOCIAIS E HUMANAS - CCSH,2012,506,Com. Social - Jornalismo,25,15,107,60.00,51.44,46.73,2009
CENTRO DE CIÊNCIAS SOCIAIS E HUMANAS - CCSH,2013,506,Com. Social - Jornalismo,42,33,118,78.57,48.39,62.08,2010
CENTRO DE CIÊNCIAS SOCIAIS E HUMANAS - CCSH,2014,506,Com. Social - Jornalismo,30,27,113,90.00,54.43,42.85,2011
CENTRO DE CIÊNCIAS SOCIAIS E HUMANAS - CCSH,2015,506,Com. Social - Jornalismo,38,2,122,5.26,12.51,23.12,2012
CENTRO DE EDUCAÇÃO SUPERIOR NORTE-RS/UFSM -CESNORS,2009,2003,Com. Social - Jornalismo/CESNORS/FW,57,0,54,0.00,0.00,51.69,2006
CENTRO DE EDUCAÇÃO SUPERIOR NORTE-RS/UFSM -CESNORS,2010,2003,Com. Social - Jornalismo/CESNORS/FW,57,64,105,112.28,54.02,56.18,2007
CENTRO DE EDUCAÇÃO SUPERIOR NORTE-RS/UFSM -CESNORS,2011,2003,Com. Social - Jornalismo/CESNORS/FW,61,43,154,70.49,74.03,49.65,2008
CENTRO DE EDUCAÇÃO SUPERIOR NORTE-RS/UFSM -CESNORS,2012,2003,Com. Social - Jornalismo/CESNORS/FW,62,32,202,51.61,48.59,46.73,2009
CENTRO DE EDUCAÇÃO SUPERIOR NORTE-RS/UFSM -CESNORS,2013,2003,Com. Social - Jornalismo/CESNORS/FW,34,24,205,70.58,37.34,62.08,2010
CENTRO DE EDUCAÇÃO SUPERIOR NORTE-RS/UFSM -CESNORS,2014,2003,Com. Social - Jornalismo/CESNORS/FW,54,23,171,42.59,35.89,42.85,2011
CENTRO DE EDUCAÇÃO SUPERIOR NORTE-RS/UFSM -CESNORS,2015,2003,Com. Social - Jornalismo/CESNORS/FW,52,7,158,13.46,21.15,23.12,2012
CENTRO DE CIÊNCIAS SOCIAIS E HUMANAS - CCSH,2008,507,Com. Social - Publicidade e Propaganda,28,16,114,57.14,51.17,43.15,2005
CENTRO DE CIÊNCIAS SOCIAIS E HUMANAS - CCSH,2009,507,Com. Social - Publicidade e Propaganda,39,20,115,51.28,63.77,51.69,2006
CENTRO DE CIÊNCIAS SOCIAIS E HUMANAS - CCSH,2010,507,Com. Social - Publicidade e Propaganda,30,23,121,76.66,59.10,56.18,2007
CENTRO DE CIÊNCIAS SOCIAIS E HUMANAS - CCSH,2011,507,Com. Social - Publicidade e Propaganda,31,21,111,67.74,58.36,49.65,2008
CENTRO DE CIÊNCIAS SOCIAIS E HUMANAS - CCSH,2012,507,Com. Social - Publicidade e Propaganda,27,17,114,62.96,51.44,46.73,2009
CENTRO DE CIÊNCIAS SOCIAIS E HUMANAS - CCSH,2013,507,Com. Social - Publicidade e Propaganda,31,23,116,74.19,48.39,62.08,2010
CENTRO DE CIÊNCIAS SOCIAIS E HUMANAS - CCSH,2014,507,Com. Social - Publicidade e Propaganda,33,18,117,54.54,54.43,42.85,2011
CENTRO DE CIÊNCIAS SOCIAIS E HUMANAS - CCSH,2015,507,Com. Social - Publicidade e Propaganda,35,2,116,5.71,12.51,23.12,2012
CENTRO DE CIÊNCIAS SOCIAIS E HUMANAS - CCSH,2008,508,Com. Social - Relações Públicas,32,19,112,59.37,51.17,43.15,2005
CENTRO DE CIÊNCIAS SOCIAIS E HUMANAS - CCSH,2009,508,Com. Social - Relações Públicas,34,27,110,79.41,63.77,51.69,2006
CENTRO DE CIÊNCIAS SOCIAIS E HUMANAS - CCSH,2010,508,Com. Social - Relações Públicas,32,11,111,34.37,59.10,56.18,2007
CENTRO DE CIÊNCIAS SOCIAIS E HUMANAS - CCSH,2011,508,Com. Social - Relações Públicas,26,14,111,53.84,58.36,49.65,2008
CENTRO DE CIÊNCIAS SOCIAIS E HUMANAS - CCSH,2012,508,Com. Social - Relações Públicas,25,20,109,80.00,51.44,46.73,2009
CENTRO DE CIÊNCIAS SOCIAIS E HUMANAS - CCSH,2013,508,Com. Social - Relações Públicas,38,15,103,39.47,48.39,62.08,2010
CENTRO DE CIÊNCIAS SOCIAIS E HUMANAS - CCSH,2014,508,Com. Social - Relações Públicas,37,24,122,64.86,54.43,42.85,2011
CENTRO DE CIÊNCIAS SOCIAIS E HUMANAS - CCSH,2015,508,Com. Social - Relações Públicas,35,3,134,8.57,12.51,23.12,2012
CENTRO DE CIÊNCIAS SOCIAIS E HUMANAS - CCSH,2013,529,Com. Social - Produção Editorial,30,0,30,0.00,48.39,62.08,2010
CENTRO DE CIÊNCIAS SOCIAIS E HUMANAS - CCSH,2014,529,Com. Social - Produção Editorial,31,23,60,74.19,54.43,42.85,2011
CENTRO DE CIÊNCIAS SOCIAIS E HUMANAS - CCSH,2015,529,Com. Social - Produção Editorial,31,1,84,3.22,12.51,23.12,2012
CENTRO DE EDUCAÇÃO SUPERIOR NORTE-RS/UFSM -CESNORS,2009,2004,Curso de Administração - Diurno/CESNORS/PM,42,0,40,0.00,0.00,51.69,2006
CENTRO DE EDUCAÇÃO SUPERIOR NORTE-RS/UFSM -CESNORS,2010,2004,Curso de Administração - Diurno/CESNORS/PM,41,33,78,80.48,54.02,56.18,2007
CENTRO DE EDUCAÇÃO SUPERIOR NORTE-RS/UFSM -CESNORS,2011,2004,Curso de Administração - Diurno/CESNORS/PM,44,29,113,65.90,74.03,49.65,2008
CENTRO DE EDUCAÇÃO SUPERIOR NORTE-RS/UFSM -CESNORS,2012,2004,Curso de Administração - Diurno/CESNORS/PM,52,25,152,48.07,48.59,46.73,2009
CENTRO DE EDUCAÇÃO SUPERIOR NORTE-RS/UFSM -CESNORS,2013,2004,Curso de Administração - Diurno/CESNORS/PM,48,14,183,29.16,37.34,62.08,2010
CENTRO DE EDUCAÇÃO SUPERIOR NORTE-RS/UFSM -CESNORS,2014,2004,Curso de Administração - Diurno/CESNORS/PM,60,20,184,33.33,35.89,42.85,2011
CENTRO DE EDUCAÇÃO SUPERIOR NORTE-RS/UFSM -CESNORS,2015,2004,Curso de Administração - Diurno/CESNORS/PM,59,3,183,5.08,21.15,23.12,2012
CENTRO DE EDUCAÇÃO SUPERIOR NORTE-RS/UFSM -CESNORS,2009,2005,Curso de Administração - Noturno/CESNORS/PM,43,0,41,0.00,0.00,51.69,2006
CENTRO DE EDUCAÇÃO SUPERIOR NORTE-RS/UFSM -CESNORS,2010,2005,Curso de Administração - Noturno/CESNORS/PM,46,3,75,6.52,54.02,56.18,2007
CENTRO DE EDUCAÇÃO SUPERIOR NORTE-RS/UFSM -CESNORS,2011,2005,Curso de Administração - Noturno/CESNORS/PM,59,36,120,61.01,74.03,49.65,2008
CENTRO DE EDUCAÇÃO SUPERIOR NORTE-RS/UFSM -CESNORS,2012,2005,Curso de Administração - Noturno/CESNORS/PM,68,34,173,50.00,48.59,46.73,2009
CENTRO DE EDUCAÇÃO SUPERIOR NORTE-RS/UFSM -CESNORS,2013,2005,Curso de Administração - Noturno/CESNORS/PM,64,31,222,48.43,37.34,62.08,2010
CENTRO DE EDUCAÇÃO SUPERIOR NORTE-RS/UFSM -CESNORS,2014,2005,Curso de Administração - Noturno/CESNORS/PM,54,24,253,44.44,35.89,42.85,2011
CENTRO DE EDUCAÇÃO SUPERIOR NORTE-RS/UFSM -CESNORS,2015,2005,Curso de Administração - Noturno/CESNORS/PM,56,5,255,8.92,21.15,23.12,2012
UNIDADE DESCENTRALIZADA EDUC SUPERIOR UFSM SILVEIRA MARTINS,2015,3004,Curso de Bacharelado em Administração,47,0,44,0.00,204.17,23.12,2012
CENTRO DE CIÊNCIAS NATURAIS E EXATAS - CCNE,2012,139,Curso de Bacharelado em Estatística - Noturno,30,0,30,0.00,31.87,46.73,2009
CENTRO DE CIÊNCIAS NATURAIS E EXATAS - CCNE,2013,139,Curso de Bacharelado em Estatística - Noturno,31,0,54,0.00,108.33,62.08,2010
CENTRO DE CIÊNCIAS NATURAIS E EXATAS - CCNE,2014,139,Curso de Bacharelado em Estatística - Noturno,52,7,88,13.46,28.98,42.85,2011
CENTRO DE CIÊNCIAS NATURAIS E EXATAS - CCNE,2015,139,Curso de Bacharelado em Estatística - Noturno,54,4,117,7.40,8.90,23.12,2012
CENTRO DE EDUCAÇÃO SUPERIOR NORTE-RS/UFSM -CESNORS,2012,2010,Curso de Ciências Biológicas/CESNORS/PM,52,0,49,0.00,48.59,46.73,2009
CENTRO DE EDUCAÇÃO SUPERIOR NORTE-RS/UFSM -CESNORS,2013,2010,Curso de Ciências Biológicas/CESNORS/PM,55,8,97,14.54,37.34,62.08,2010
CENTRO DE EDUCAÇÃO SUPERIOR NORTE-RS/UFSM -CESNORS,2014,2010,Curso de Ciências Biológicas/CESNORS/PM,52,18,135,34.61,35.89,42.85,2011
CENTRO DE EDUCAÇÃO SUPERIOR NORTE-RS/UFSM -CESNORS,2015,2010,Curso de Ciências Biológicas/CESNORS/PM,50,22,167,44.00,21.15,23.12,2012
CENTRO DE EDUCAÇÃO SUPERIOR NORTE-RS/UFSM -CESNORS,2010,2006,Curso de Enfermagem/CESNORS/PM,40,55,40,137.50,54.02,56.18,2006
CENTRO DE EDUCAÇÃO SUPERIOR NORTE-RS/UFSM -CESNORS,2011,2006,Curso de Enfermagem/CESNORS/PM,41,39,78,95.12,74.03,49.65,2007
CENTRO DE EDUCAÇÃO SUPERIOR NORTE-RS/UFSM -CESNORS,2012,2006,Curso de Enfermagem/CESNORS/PM,45,36,119,80.00,48.59,46.73,2008
CENTRO DE EDUCAÇÃO SUPERIOR NORTE-RS/UFSM -CESNORS,2013,2006,Curso de Enfermagem/CESNORS/PM,52,38,159,73.07,37.34,62.08,2009
CENTRO DE EDUCAÇÃO SUPERIOR NORTE-RS/UFSM -CESNORS,2014,2006,Curso de Enfermagem/CESNORS/PM,47,2,195,4.25,35.89,42.85,2010
CENTRO DE EDUCAÇÃO SUPERIOR NORTE-RS/UFSM -CESNORS,2015,2006,Curso de Enfermagem/CESNORS/PM,44,0,175,0.00,21.15,23.12,2011
CENTRO DE TECNOLOGIA - CT,2013,311,Curso de Engenharia Acústica,42,0,41,0.00,27.29,62.08,2009
CENTRO DE TECNOLOGIA - CT,2014,311,Curso de Engenharia Acústica,42,6,80,14.28,36.01,42.85,2010
CENTRO DE TECNOLOGIA - CT,2015,311,Curso de Engenharia Acústica,41,0,107,0.00,19.23,23.12,2011
CENTRO DE EDUCAÇÃO SUPERIOR NORTE-RS/UFSM -CESNORS,2013,2009,Curso de Engenharia Ambiental e Sanitária/CESNORS/FW,66,0,60,0.00,37.34,62.08,2009
CENTRO DE EDUCAÇÃO SUPERIOR NORTE-RS/UFSM -CESNORS,2014,2009,Curso de Engenharia Ambiental e Sanitária/CESNORS/FW,66,34,118,51.51,35.89,42.85,2010
CENTRO DE EDUCAÇÃO SUPERIOR NORTE-RS/UFSM -CESNORS,2015,2009,Curso de Engenharia Ambiental e Sanitária/CESNORS/FW,64,25,168,39.06,21.15,23.12,2011
CENTRO DE TECNOLOGIA - CT,2013,312,Curso de Engenharia de Computação,41,0,40,0.00,27.29,62.08,2009
CENTRO DE TECNOLOGIA - CT,2014,312,Curso de Engenharia de Computação,40,7,75,17.50,36.01,42.85,2010
CENTRO DE TECNOLOGIA - CT,2015,312,Curso de Engenharia de Computação,47,7,112,14.89,19.23,23.12,2011
CENTRO DE TECNOLOGIA - CT,2013,313,Curso de Engenharia de Produção,41,0,40,0.00,27.29,62.08,2009
CENTRO DE TECNOLOGIA - CT,2014,313,Curso de Engenharia de Produção,47,12,80,25.53,36.01,42.85,2010
CENTRO DE TECNOLOGIA - CT,2015,313,Curso de Engenharia de Produção,41,10,112,24.39,19.23,23.12,2011
CENTRO DE EDUCAÇÃO SUPERIOR NORTE-RS/UFSM -CESNORS,2010,2002,Curso de Engenharia Florestal/CESNORS/FW,62,0,59,0.00,54.02,56.18,2006
CENTRO DE EDUCAÇÃO SUPERIOR NORTE-RS/UFSM -CESNORS,2011,2002,Curso de Engenharia Florestal/CESNORS/FW,64,60,116,93.75,74.03,49.65,2007
CENTRO DE EDUCAÇÃO SUPERIOR NORTE-RS/UFSM -CESNORS,2012,2002,Curso de Engenharia Florestal/CESNORS/FW,64,49,175,76.56,48.59,46.73,2008
CENTRO DE EDUCAÇÃO SUPERIOR NORTE-RS/UFSM -CESNORS,2013,2002,Curso de Engenharia Florestal/CESNORS/FW,63,35,224,55.55,37.34,62.08,2009
CENTRO DE EDUCAÇÃO SUPERIOR NORTE-RS/UFSM -CESNORS,2014,2002,Curso de Engenharia Florestal/CESNORS/FW,55,23,258,41.81,35.89,42.85,2010
CENTRO DE EDUCAÇÃO SUPERIOR NORTE-RS/UFSM -CESNORS,2015,2002,Curso de Engenharia Florestal/CESNORS/FW,59,8,291,13.55,21.15,23.12,2011
CENTRO DE TECNOLOGIA - CT,2013,309,Curso de Engenharia Sanitária e Ambiental,41,0,40,0.00,27.29,62.08,2009
CENTRO DE TECNOLOGIA - CT,2014,309,Curso de Engenharia Sanitária e Ambiental,40,5,75,12.50,36.01,42.85,2010
CENTRO DE TECNOLOGIA - CT,2015,309,Curso de Engenharia Sanitária e Ambiental,43,8,102,18.60,19.23,23.12,2011
CENTRO DE EDUCAÇÃO SUPERIOR NORTE-RS/UFSM -CESNORS,2013,2008,Curso de Nutrição/CESNORS/PM,51,20,50,39.21,37.34,62.08,2009
CENTRO DE EDUCAÇÃO SUPERIOR NORTE-RS/UFSM -CESNORS,2014,2008,Curso de Nutrição/CESNORS/PM,58,25,97,43.10,35.89,42.85,2010
CENTRO DE EDUCAÇÃO SUPERIOR NORTE-RS/UFSM -CESNORS,2015,2008,Curso de Nutrição/CESNORS/PM,52,28,139,53.84,21.15,23.12,2011
CENTRO DE EDUCAÇÃO SUPERIOR NORTE-RS/UFSM -CESNORS,2010,2007,Curso de Zootecnia/CESNORS/PM,58,24,56,41.37,54.02,56.18,2006
CENTRO DE EDUCAÇÃO SUPERIOR NORTE-RS/UFSM -CESNORS,2011,2007,Curso de Zootecnia/CESNORS/PM,56,31,107,55.35,74.03,49.65,2007
CENTRO DE EDUCAÇÃO SUPERIOR NORTE-RS/UFSM -CESNORS,2012,2007,Curso de Zootecnia/CESNORS/PM,56,30,148,53.57,48.59,46.73,2008
CENTRO DE EDUCAÇÃO SUPERIOR NORTE-RS/UFSM -CESNORS,2013,2007,Curso de Zootecnia/CESNORS/PM,57,13,188,22.80,37.34,62.08,2009
CENTRO DE EDUCAÇÃO SUPERIOR NORTE-RS/UFSM -CESNORS,2014,2007,Curso de Zootecnia/CESNORS/PM,62,24,221,38.70,35.89,42.85,2010
CENTRO DE EDUCAÇÃO SUPERIOR NORTE-RS/UFSM -CESNORS,2015,2007,Curso de Zootecnia/CESNORS/PM,55,17,236,30.90,21.15,23.12,2011
CENTRO DE TECNOLOGIA - CT,2013,310,Curso Engenharia de Controle e Automação,41,0,40,0.00,27.29,62.08,2009
CENTRO DE TECNOLOGIA - CT,2014,310,Curso Engenharia de Controle e Automação,42,3,75,7.14,36.01,42.85,2010
CENTRO DE TECNOLOGIA - CT,2015,310,Curso Engenharia de Controle e Automação,43,6,109,13.95,19.23,23.12,2011
COLÉGIO POLITÉCNICO DA UNIVERSIDADE FEDERAL DE SANTA MARIA,2011,081.CPSM,Curso Superior de Tecnologia de Geoprocessamento,40,0,40,0.00,0.00,49.65,2009
COLÉGIO POLITÉCNICO DA UNIVERSIDADE FEDERAL DE SANTA MARIA,2012,081.CPSM,Curso Superior de Tecnologia de Geoprocessamento,26,6,60,23.07,17.32,46.73,2010
COLÉGIO POLITÉCNICO DA UNIVERSIDADE FEDERAL DE SANTA MARIA,2013,081.CPSM,Curso Superior de Tecnologia de Geoprocessamento,45,14,97,31.11,27.04,62.08,2011
COLÉGIO POLITÉCNICO DA UNIVERSIDADE FEDERAL DE SANTA MARIA,2014,081.CPSM,Curso Superior de Tecnologia de Geoprocessamento,46,15,124,32.60,27.09,42.85,2012
COLÉGIO POLITÉCNICO DA UNIVERSIDADE FEDERAL DE SANTA MARIA,2015,081.CPSM,Curso Superior de Tecnologia de Geoprocessamento,43,17,139,39.53,14.88,23.12,2013
UNIDADE DESCENTRALIZADA EDUC SUPERIOR UFSM SILVEIRA MARTINS,2011,3003,Curso Superior de Tecnologia em Agronegócio,18,0,16,0.00,0.00,49.65,2009
UNIDADE DESCENTRALIZADA EDUC SUPERIOR UFSM SILVEIRA MARTINS,2012,3003,Curso Superior de Tecnologia em Agronegócio,40,4,53,10.00,19.46,46.73,2010
UNIDADE DESCENTRALIZADA EDUC SUPERIOR UFSM SILVEIRA MARTINS,2013,3003,Curso Superior de Tecnologia em Agronegócio,44,15,84,34.09,209.41,62.08,2011
UNIDADE DESCENTRALIZADA EDUC SUPERIOR UFSM SILVEIRA MARTINS,2014,3003,Curso Superior de Tecnologia em Agronegócio,24,13,84,54.16,45.32,42.85,2012
UNIDADE DESCENTRALIZADA EDUC SUPERIOR UFSM SILVEIRA MARTINS,2015,3003,Curso Superior de Tecnologia em Agronegócio,2,3,56,150.00,204.17,23.12,2013
COLÉGIO AGRÍCOLA DE FREDERICO WESTPHALEN - CAFW,2011,079.TCAFW,Curso Superior de Tecnologia em Alimentos,14,0,13,0.00,0.00,49.65,2009
CENTRO DE CIÊNCIAS RURAIS - CCR,2011,407,Curso Superior de Tecnologia em Alimentos,51,0,51,0.00,65.17,49.65,2009
COLÉGIO AGRÍCOLA DE FREDERICO WESTPHALEN - CAFW,2012,079.TCAFW,Curso Superior de Tecnologia em Alimentos,29,5,35,17.24,25.29,46.73,2010
CENTRO DE CIÊNCIAS RURAIS - CCR,2012,407,Curso Superior de Tecnologia em Alimentos,106,18,147,16.98,61.57,46.73,2010
COLÉGIO AGRÍCOLA DE FREDERICO WESTPHALEN - CAFW,2013,079.TCAFW,Curso Superior de Tecnologia em Alimentos,33,16,58,48.48,33.06,62.08,2011
CENTRO DE CIÊNCIAS RURAIS - CCR,2013,407,Curso Superior de Tecnologia em Alimentos,103,48,223,46.60,78.55,62.08,2011
COLÉGIO AGRÍCOLA DE FREDERICO WESTPHALEN - CAFW,2014,079.TCAFW,Curso Superior de Tecnologia em Alimentos,18,14,63,77.77,85.94,42.85,2012
CENTRO DE CIÊNCIAS RURAIS - CCR,2014,407,Curso Superior de Tecnologia em Alimentos,106,61,304,57.54,61.34,42.85,2012
COLÉGIO AGRÍCOLA DE FREDERICO WESTPHALEN - CAFW,2015,079.TCAFW,Curso Superior de Tecnologia em Alimentos,20,8,63,40.00,30.00,23.12,2013
CENTRO DE CIÊNCIAS RURAIS - CCR,2015,407,Curso Superior de Tecnologia em Alimentos,118,17,339,14.40,21.23,23.12,2013
COLÉGIO TÉCNICO INDUSTRIAL - CTISM,2011,083.CTISM,Curso Superior de Tecnologia em Fabricação Mecânica,42,0,40,0.00,0.00,49.65,2009
COLÉGIO TÉCNICO INDUSTRIAL - CTISM,2012,083.CTISM,Curso Superior de Tecnologia em Fabricação Mecânica,30,1,59,3.33,9.52,46.73,2010
COLÉGIO TÉCNICO INDUSTRIAL - CTISM,2013,083.CTISM,Curso Superior de Tecnologia em Fabricação Mecânica,43,13,90,30.23,19.38,62.08,2011
COLÉGIO TÉCNICO INDUSTRIAL - CTISM,2014,083.CTISM,Curso Superior de Tecnologia em Fabricação Mecânica,42,6,114,14.28,15.19,42.85,2012
COLÉGIO TÉCNICO INDUSTRIAL - CTISM,2015,083.CTISM,Curso Superior de Tecnologia em Fabricação Mecânica,49,5,133,10.20,9.79,23.12,2013
UNIDADE DESCENTRALIZADA EDUC SUPERIOR UFSM SILVEIRA MARTINS,2011,3000,Curso Superior de Tecnologia em Gestão Ambiental,26,0,25,0.00,0.00,49.65,2009
UNIDADE DESCENTRALIZADA EDUC SUPERIOR UFSM SILVEIRA MARTINS,2012,3000,Curso Superior de Tecnologia em Gestão Ambiental,56,8,72,14.28,19.46,46.73,2010
UNIDADE DESCENTRALIZADA EDUC SUPERIOR UFSM SILVEIRA MARTINS,2013,3000,Curso Superior de Tecnologia em Gestão Ambiental,49,32,108,65.30,209.41,62.08,2011
UNIDADE DESCENTRALIZADA EDUC SUPERIOR UFSM SILVEIRA MARTINS,2014,3000,Curso Superior de Tecnologia em Gestão Ambiental,33,21,120,63.63,45.32,42.85,2012
UNIDADE DESCENTRALIZADA EDUC SUPERIOR UFSM SILVEIRA MARTINS,2015,3000,Curso Superior de Tecnologia em Gestão Ambiental,3,8,91,266.66,204.17,23.12,2013
COLÉGIO POLITÉCNICO DA UNIVERSIDADE FEDERAL DE SANTA MARIA,2011,082.CPSM,Curso Superior de Tecnologia em Gestão de Cooperativas,40,0,40,0.00,0.00,49.65,2009
COLÉGIO POLITÉCNICO DA UNIVERSIDADE FEDERAL DE SANTA MARIA,2012,082.CPSM,Curso Superior de Tecnologia em Gestão de Cooperativas,45,13,79,28.88,17.32,46.73,2010
COLÉGIO POLITÉCNICO DA UNIVERSIDADE FEDERAL DE SANTA MARIA,2013,082.CPSM,Curso Superior de Tecnologia em Gestão de Cooperativas,40,20,110,50.00,27.04,62.08,2011
COLÉGIO POLITÉCNICO DA UNIVERSIDADE FEDERAL DE SANTA MARIA,2014,082.CPSM,Curso Superior de Tecnologia em Gestão de Cooperativas,47,17,145,36.17,27.09,42.85,2012
COLÉGIO POLITÉCNICO DA UNIVERSIDADE FEDERAL DE SANTA MARIA,2015,082.CPSM,Curso Superior de Tecnologia em Gestão de Cooperativas,44,0,156,0.00,14.88,23.12,2013
UNIDADE DESCENTRALIZADA EDUC SUPERIOR UFSM SILVEIRA MARTINS,2011,3001,Curso Superior de Tecnologia em Gestão de Turismo,20,0,20,0.00,0.00,49.65,2009
UNIDADE DESCENTRALIZADA EDUC SUPERIOR UFSM SILVEIRA MARTINS,2012,3001,Curso Superior de Tecnologia em Gestão de Turismo,28,8,43,28.57,19.46,46.73,2010
UNIDADE DESCENTRALIZADA EDUC SUPERIOR UFSM SILVEIRA MARTINS,2013,3001,Curso Superior de Tecnologia em Gestão de Turismo,34,13,69,38.23,209.41,62.08,2011
UNIDADE DESCENTRALIZADA EDUC SUPERIOR UFSM SILVEIRA MARTINS,2014,3001,Curso Superior de Tecnologia em Gestão de Turismo,33,6,83,18.18,45.32,42.85,2012
UNIDADE DESCENTRALIZADA EDUC SUPERIOR UFSM SILVEIRA MARTINS,2015,3001,Curso Superior de Tecnologia em Gestão de Turismo,1,4,58,400.00,204.17,23.12,2013
UNIDADE DESCENTRALIZADA EDUC SUPERIOR UFSM SILVEIRA MARTINS,2011,3002,Curso Superior de Tecnologia em Processos Gerenciais,17,0,15,0.00,0.00,49.65,2009
UNIDADE DESCENTRALIZADA EDUC SUPERIOR UFSM SILVEIRA MARTINS,2012,3002,Curso Superior de Tecnologia em Processos Gerenciais,32,8,42,25.00,19.46,46.73,2010
UNIDADE DESCENTRALIZADA EDUC SUPERIOR UFSM SILVEIRA MARTINS,2013,3002,Curso Superior de Tecnologia em Processos Gerenciais,1,7,33,700.00,209.41,62.08,2011
CENTRO DE CIÊNCIAS NATURAIS E EXATAS - CCNE,2014,141,Curso Superior de Tecnologia em Processos Químicos,40,0,39,0.00,28.98,42.85,2012
CENTRO DE CIÊNCIAS NATURAIS E EXATAS - CCNE,2015,141,Curso Superior de Tecnologia em Processos Químicos,43,11,68,25.58,8.90,23.12,2013
COLÉGIO TÉCNICO INDUSTRIAL - CTISM,2011,078.CTISM,Curso Superior de Tecnologia em Redes de Computadores,40,0,40,0.00,0.00,49.65,2009
COLÉGIO TÉCNICO INDUSTRIAL - CTISM,2012,078.CTISM,Curso Superior de Tecnologia em Redes de Computadores,70,11,103,15.71,9.52,46.73,2010
COLÉGIO TÉCNICO INDUSTRIAL - CTISM,2013,078.CTISM,Curso Superior de Tecnologia em Redes de Computadores,82,7,170,8.53,19.38,62.08,2011
COLÉGIO TÉCNICO INDUSTRIAL - CTISM,2014,078.CTISM,Curso Superior de Tecnologia em Redes de Computadores,87,14,215,16.09,15.19,42.85,2012
COLÉGIO TÉCNICO INDUSTRIAL - CTISM,2015,078.CTISM,Curso Superior de Tecnologia em Redes de Computadores,96,9,248,9.37,9.79,23.12,2013
COLÉGIO AGRÍCOLA DE FREDERICO WESTPHALEN - CAFW,2012,080.TCAFW,Curso Superior de Tecnologia em Sistemas de Internet,15,5,32,33.33,25.29,46.73,2010
COLÉGIO AGRÍCOLA DE FREDERICO WESTPHALEN - CAFW,2011,080.TCAFW,Curso Superior de Tecnologia em Sistemas de Internet,26,0,24,0.00,0.00,49.65,2009
COLÉGIO AGRÍCOLA DE FREDERICO WESTPHALEN - CAFW,2013,080.TCAFW,Curso Superior de Tecnologia em Sistemas de Internet,34,6,51,17.64,33.06,62.08,2011
COLÉGIO AGRÍCOLA DE FREDERICO WESTPHALEN - CAFW,2014,080.TCAFW,Curso Superior de Tecnologia em Sistemas de Internet,17,16,59,94.11,85.94,42.85,2012
COLÉGIO AGRÍCOLA DE FREDERICO WESTPHALEN - CAFW,2015,080.TCAFW,Curso Superior de Tecnologia em Sistemas de Internet,20,4,60,20.00,30.00,23.12,2013
COLÉGIO POLITÉCNICO DA UNIVERSIDADE FEDERAL DE SANTA MARIA,2012,084.CPSM,Curso Superior de Tecnologia em Sistemas para Internet,34,0,32,0.00,17.32,46.73,2010
COLÉGIO POLITÉCNICO DA UNIVERSIDADE FEDERAL DE SANTA MARIA,2013,084.CPSM,Curso Superior de Tecnologia em Sistemas para Internet,45,0,70,0.00,27.04,62.08,2011
COLÉGIO POLITÉCNICO DA UNIVERSIDADE FEDERAL DE SANTA MARIA,2014,084.CPSM,Curso Superior de Tecnologia em Sistemas para Internet,40,5,94,12.50,27.09,42.85,2012
COLÉGIO POLITÉCNICO DA UNIVERSIDADE FEDERAL DE SANTA MARIA,2015,084.CPSM,Curso Superior de Tecnologia em Sistemas para Internet,39,2,110,5.12,14.88,23.12,2013
CENTRO DE ARTES E LETRAS - CAL,2008,718,Desenho Industrial - Habilitação Programação Visual,30,4,112,13.33,27.90,43.15,2005
CENTRO DE ARTES E LETRAS - CAL,2009,718,Desenho Industrial - Habilitação Programação Visual,21,19,105,90.47,42.42,51.69,2006
CENTRO DE ARTES E LETRAS - CAL,2010,718,Desenho Industrial - Habilitação Programação Visual,24,17,105,70.83,41.47,56.18,2007
CENTRO DE ARTES E LETRAS - CAL,2011,718,Desenho Industrial - Habilitação Programação Visual,20,19,100,95.00,37.69,49.65,2008
CENTRO DE ARTES E LETRAS - CAL,2012,718,Desenho Industrial - Habilitação Programação Visual,27,14,117,51.85,53.10,46.73,2009
CENTRO DE ARTES E LETRAS - CAL,2013,718,Desenho Industrial - Habilitação Programação Visual,20,8,115,40.00,41.82,62.08,2010
CENTRO DE ARTES E LETRAS - CAL,2014,718,Desenho Industrial - Habilitação Programação Visual,20,12,113,60.00,32.31,42.85,2011
CENTRO DE ARTES E LETRAS - CAL,2015,718,Desenho Industrial - Habilitação Programação Visual,28,8,114,28.57,12.44,23.12,2012
CENTRO DE ARTES E LETRAS - CAL,2008,738,Desenho Industrial - Projeto de Produto,21,0,21,0.00,27.90,43.15,2005
CENTRO DE ARTES E LETRAS - CAL,2009,738,Desenho Industrial - Projeto de Produto,21,8,41,38.09,42.42,51.69,2006
CENTRO DE ARTES E LETRAS - CAL,2010,738,Desenho Industrial - Projeto de Produto,20,20,60,100.00,41.47,56.18,2007
CENTRO DE ARTES E LETRAS - CAL,2011,738,Desenho Industrial - Projeto de Produto,24,17,80,70.83,37.69,49.65,2008
CENTRO DE ARTES E LETRAS - CAL,2012,738,Desenho Industrial - Projeto de Produto,22,16,97,72.72,53.10,46.73,2009
CENTRO DE ARTES E LETRAS - CAL,2013,738,Desenho Industrial - Projeto de Produto,20,10,107,50.00,41.82,62.08,2010
CENTRO DE ARTES E LETRAS - CAL,2014,738,Desenho Industrial - Projeto de Produto,24,11,103,45.83,32.31,42.85,2011
CENTRO DE ARTES E LETRAS - CAL,2015,738,Desenho Industrial - Projeto de Produto,29,16,111,55.17,12.44,23.12,2012
CENTRO DE CIÊNCIAS SOCIAIS E HUMANAS - CCSH,2009,519,Direito - Noturno,46,48,324,104.34,63.77,51.69,2005
CENTRO DE CIÊNCIAS SOCIAIS E HUMANAS - CCSH,2010,519,Direito - Noturno,46,47,318,102.17,59.10,56.18,2006
CENTRO DE CIÊNCIAS SOCIAIS E HUMANAS - CCSH,2011,519,Direito - Noturno,42,31,308,73.80,58.36,49.65,2007
CENTRO DE CIÊNCIAS SOCIAIS E HUMANAS - CCSH,2012,519,Direito - Noturno,44,31,272,70.45,51.44,46.73,2008
CENTRO DE CIÊNCIAS SOCIAIS E HUMANAS - CCSH,2013,519,Direito - Noturno,48,29,278,60.41,48.39,62.08,2009
CENTRO DE CIÊNCIAS SOCIAIS E HUMANAS - CCSH,2014,519,Direito - Noturno,65,48,279,73.84,54.43,42.85,2010
CENTRO DE CIÊNCIAS SOCIAIS E HUMANAS - CCSH,2015,519,Direito - Noturno,77,1,284,1.29,12.51,23.12,2011
CENTRO DE CIÊNCIAS SOCIAIS E HUMANAS - CCSH,2009,503,Direito Diurno,44,34,230,77.27,63.77,51.69,2005
CENTRO DE CIÊNCIAS SOCIAIS E HUMANAS - CCSH,2010,503,Direito Diurno,41,38,213,92.68,59.10,56.18,2006
CENTRO DE CIÊNCIAS SOCIAIS E HUMANAS - CCSH,2011,503,Direito Diurno,41,36,209,87.80,58.36,49.65,2007
CENTRO DE CIÊNCIAS SOCIAIS E HUMANAS - CCSH,2012,503,Direito Diurno,41,40,205,97.56,51.44,46.73,2008
CENTRO DE CIÊNCIAS SOCIAIS E HUMANAS - CCSH,2013,503,Direito Diurno,41,35,201,85.36,48.39,62.08,2009
CENTRO DE CIÊNCIAS SOCIAIS E HUMANAS - CCSH,2014,503,Direito Diurno,41,34,206,82.92,54.43,42.85,2010
CENTRO DE CIÊNCIAS SOCIAIS E HUMANAS - CCSH,2015,503,Direito Diurno,49,3,210,6.12,12.51,23.12,2011
CENTRO DE EDUCAÇÃO - CE,2008,633,Educação Especial - Licenciatura Plena,45,38,94,84.44,84.44,43.15,2005
CENTRO DE EDUCAÇÃO - CE,2009,633,Educação Especial - Licenciatura Plena,49,35,135,71.42,71.42,51.69,2006
CENTRO DE EDUCAÇÃO - CE,2010,633,Educação Especial - Licenciatura Plena,49,36,175,73.46,36.78,56.18,2007
CENTRO DE EDUCAÇÃO - CE,2011,633,Educação Especial - Licenciatura Plena,53,28,191,52.83,57.40,49.65,2008
CENTRO DE EDUCAÇÃO - CE,2012,633,Educação Especial - Licenciatura Plena,50,30,195,60.00,63.84,46.73,2009
CENTRO DE EDUCAÇÃO - CE,2013,633,Educação Especial - Licenciatura Plena,48,36,183,75.00,59.27,62.08,2010
CENTRO DE EDUCAÇÃO - CE,2014,633,Educação Especial - Licenciatura Plena,55,32,178,58.18,46.89,42.85,2011
CENTRO DE EDUCAÇÃO - CE,2015,633,Educação Especial - Licenciatura Plena,54,1,188,1.85,12.43,23.12,2012
CENTRO DE EDUCAÇÃO FÍSICA E DESPORTOS - CEFD,2009,801,Educação Física,126,58,536,46.03,46.03,51.69,2005
CENTRO DE EDUCAÇÃO FÍSICA E DESPORTOS - CEFD,2010,801,Educação Física,68,54,483,79.41,61.84,56.18,2006
CENTRO DE EDUCAÇÃO FÍSICA E DESPORTOS - CEFD,2011,801,Educação Física,81,63,419,77.77,71.14,49.65,2007
CENTRO DE EDUCAÇÃO FÍSICA E DESPORTOS - CEFD,2012,801,Educação Física,72,44,371,61.11,56.58,46.73,2008
CENTRO DE EDUCAÇÃO FÍSICA E DESPORTOS - CEFD,2013,801,Educação Física,74,40,337,54.05,51.44,62.08,2009
CENTRO DE EDUCAÇÃO FÍSICA E DESPORTOS - CEFD,2014,801,Educação Física,72,39,324,54.16,51.40,42.85,2010
CENTRO DE EDUCAÇÃO FÍSICA E DESPORTOS - CEFD,2015,801,Educação Física,70,16,312,22.85,17.47,23.12,2011
CENTRO DE EDUCAÇÃO FÍSICA E DESPORTOS - CEFD,2010,809,Educação Física - Bacharelado,61,27,60,44.26,61.84,56.18,2006
CENTRO DE EDUCAÇÃO FÍSICA E DESPORTOS - CEFD,2011,809,Educação Física - Bacharelado,62,40,116,64.51,71.14,49.65,2007
CENTRO DE EDUCAÇÃO FÍSICA E DESPORTOS - CEFD,2012,809,Educação Física - Bacharelado,73,38,179,52.05,56.58,46.73,2008
CENTRO DE EDUCAÇÃO FÍSICA E DESPORTOS - CEFD,2013,809,Educação Física - Bacharelado,86,42,246,48.83,51.44,62.08,2009
CENTRO DE EDUCAÇÃO FÍSICA E DESPORTOS - CEFD,2014,809,Educação Física - Bacharelado,74,36,284,48.64,51.40,42.85,2010
CENTRO DE EDUCAÇÃO FÍSICA E DESPORTOS - CEFD,2015,809,Educação Física - Bacharelado,91,11,305,12.08,17.47,23.12,2011
CENTRO DE CIÊNCIAS DA SAÚDE - CCS,2009,209,Enfermagem,41,37,187,90.24,75.05,51.69,2005
CENTRO DE CIÊNCIAS DA SAÚDE - CCS,2010,209,Enfermagem,42,38,184,90.47,79.22,56.18,2006
CENTRO DE CIÊNCIAS DA SAÚDE - CCS,2011,209,Enfermagem,50,35,180,70.00,84.03,49.65,2007
CENTRO DE CIÊNCIAS DA SAÚDE - CCS,2012,209,Enfermagem,43,29,182,67.44,71.15,46.73,2008
CENTRO DE CIÊNCIAS DA SAÚDE - CCS,2013,209,Enfermagem,52,39,195,75.00,78.59,62.08,2009
CENTRO DE CIÊNCIAS DA SAÚDE - CCS,2014,209,Enfermagem,48,45,188,93.75,68.70,42.85,2010
CENTRO DE CIÊNCIAS DA SAÚDE - CCS,2015,209,Enfermagem,55,16,195,29.09,30.10,23.12,2011
CENTRO DE TECNOLOGIA - CT,2009,302,Engenharia Civil,88,53,443,60.22,66.63,51.69,2005
CENTRO DE TECNOLOGIA - CT,2010,302,Engenharia Civil,92,50,446,54.34,60.03,56.18,2006
CENTRO DE TECNOLOGIA - CT,2011,302,Engenharia Civil,88,53,449,60.22,70.07,49.65,2007
CENTRO DE TECNOLOGIA - CT,2012,302,Engenharia Civil,94,66,467,70.21,55.77,46.73,2008
CENTRO DE TECNOLOGIA - CT,2013,302,Engenharia Civil,108,73,479,67.59,27.29,62.08,2009
CENTRO DE TECNOLOGIA - CT,2014,302,Engenharia Civil,95,40,485,42.10,36.01,42.85,2010
CENTRO DE TECNOLOGIA - CT,2015,302,Engenharia Civil,86,29,491,33.72,19.23,23.12,2011
CENTRO DE TECNOLOGIA - CT,2009,303,Engenharia Elétrica,73,57,371,78.08,66.63,51.69,2005
CENTRO DE TECNOLOGIA - CT,2010,303,Engenharia Elétrica,74,37,365,50.00,60.03,56.18,2006
CENTRO DE TECNOLOGIA - CT,2011,303,Engenharia Elétrica,65,46,365,70.76,70.07,49.65,2007
CENTRO DE TECNOLOGIA - CT,2012,303,Engenharia Elétrica,64,47,374,73.43,55.77,46.73,2008
CENTRO DE TECNOLOGIA - CT,2013,303,Engenharia Elétrica,64,40,369,62.50,27.29,62.08,2009
CENTRO DE TECNOLOGIA - CT,2014,303,Engenharia Elétrica,64,29,355,45.31,36.01,42.85,2010
CENTRO DE TECNOLOGIA - CT,2015,303,Engenharia Elétrica,65,24,355,36.92,19.23,23.12,2011
CENTRO DE CIÊNCIAS RURAIS - CCR,2009,402,Engenharia Florestal,72,43,297,59.72,77.36,51.69,2005
CENTRO DE CIÊNCIAS RURAIS - CCR,2010,402,Engenharia Florestal,82,56,330,68.29,79.64,56.18,2006
CENTRO DE CIÊNCIAS RURAIS - CCR,2011,402,Engenharia Florestal,72,58,334,80.55,65.17,49.65,2007
CENTRO DE CIÊNCIAS RURAIS - CCR,2012,402,Engenharia Florestal,71,54,351,76.05,61.57,46.73,2008
CENTRO DE CIÊNCIAS RURAIS - CCR,2013,402,Engenharia Florestal,68,70,359,102.94,78.55,62.08,2009
CENTRO DE CIÊNCIAS RURAIS - CCR,2014,402,Engenharia Florestal,89,40,384,44.94,61.34,42.85,2010
CENTRO DE CIÊNCIAS RURAIS - CCR,2015,402,Engenharia Florestal,84,25,384,29.76,21.23,23.12,2011
CENTRO DE TECNOLOGIA - CT,2009,304,Engenharia Mecânica,56,33,309,58.92,66.63,51.69,2005
CENTRO DE TECNOLOGIA - CT,2010,304,Engenharia Mecânica,56,39,299,69.64,60.03,56.18,2006
CENTRO DE TECNOLOGIA - CT,2011,304,Engenharia Mecânica,59,47,302,79.66,70.07,49.65,2007
CENTRO DE TECNOLOGIA - CT,2012,304,Engenharia Mecânica,52,41,306,78.84,55.77,46.73,2008
CENTRO DE TECNOLOGIA - CT,2013,304,Engenharia Mecânica,52,36,314,69.23,27.29,62.08,2009
CENTRO DE TECNOLOGIA - CT,2014,304,Engenharia Mecânica,52,40,316,76.92,36.01,42.85,2010
CENTRO DE TECNOLOGIA - CT,2015,304,Engenharia Mecânica,55,13,316,23.63,19.23,23.12,2011
CENTRO DE TECNOLOGIA - CT,2009,305,Engenharia Química,35,24,129,68.57,66.63,51.69,2005
CENTRO DE TECNOLOGIA - CT,2010,305,Engenharia Química,35,25,135,71.42,60.03,56.18,2006
CENTRO DE TECNOLOGIA - CT,2011,305,Engenharia Química,32,26,143,81.25,70.07,49.65,2007
CENTRO DE TECNOLOGIA - CT,2012,305,Engenharia Química,30,20,145,66.66,55.77,46.73,2008
CENTRO DE TECNOLOGIA - CT,2013,305,Engenharia Química,71,20,191,28.16,27.29,62.08,2009
CENTRO DE TECNOLOGIA - CT,2014,305,Engenharia Química,75,31,224,41.33,36.01,42.85,2010
CENTRO DE TECNOLOGIA - CT,2015,305,Engenharia Química,80,16,255,20.00,19.23,23.12,2011
CENTRO DE CIÊNCIAS DA SAÚDE - CCS,2009,211,Farmácia,112,85,300,75.89,75.05,51.69,2005
CENTRO DE CIÊNCIAS DA SAÚDE - CCS,2010,211,Farmácia,111,82,399,73.87,79.22,56.18,2006
CENTRO DE CIÊNCIAS DA SAÚDE - CCS,2011,211,Farmácia,126,101,492,80.15,84.03,49.65,2007
CENTRO DE CIÊNCIAS DA SAÚDE - CCS,2012,211,Farmácia,116,82,550,70.68,71.15,46.73,2008
CENTRO DE CIÊNCIAS DA SAÚDE - CCS,2013,211,Farmácia,103,85,544,82.52,78.59,62.08,2009
CENTRO DE CIÊNCIAS DA SAÚDE - CCS,2014,211,Farmácia,128,74,543,57.81,68.70,42.85,2010
CENTRO DE CIÊNCIAS DA SAÚDE - CCS,2015,211,Farmácia,122,35,548,28.68,30.10,23.12,2011
CENTRO DE CIÊNCIAS SOCIAIS E HUMANAS - CCSH,2008,101,Filosofia - Licenciatura Plena,58,16,209,27.58,51.17,43.15,2005
CENTRO DE CIÊNCIAS SOCIAIS E HUMANAS - CCSH,2009,101,Filosofia - Licenciatura Plena,54,21,201,38.88,63.77,51.69,2006
CENTRO DE CIÊNCIAS SOCIAIS E HUMANAS - CCSH,2010,101,Filosofia - Licenciatura Plena,55,30,198,54.54,59.10,56.18,2007
CENTRO DE CIÊNCIAS SOCIAIS E HUMANAS - CCSH,2011,101,Filosofia - Licenciatura Plena,52,26,199,50.00,58.36,49.65,2008
CENTRO DE CIÊNCIAS SOCIAIS E HUMANAS - CCSH,2012,101,Filosofia - Licenciatura Plena,44,21,206,47.72,51.44,46.73,2009
CENTRO DE CIÊNCIAS SOCIAIS E HUMANAS - CCSH,2013,101,Filosofia - Licenciatura Plena,43,14,190,32.55,48.39,62.08,2010
CENTRO DE CIÊNCIAS SOCIAIS E HUMANAS - CCSH,2014,101,Filosofia - Licenciatura Plena,40,19,170,47.50,54.43,42.85,2011
CENTRO DE CIÊNCIAS SOCIAIS E HUMANAS - CCSH,2015,101,Filosofia - Licenciatura Plena,44,7,150,15.90,12.51,23.12,2012
CENTRO DE CIÊNCIAS NATURAIS E EXATAS - CCNE,2008,123,Física - Bacharelado,37,16,91,43.24,39.48,43.15,2005
CENTRO DE CIÊNCIAS NATURAIS E EXATAS - CCNE,2009,123,Física - Bacharelado,28,9,97,32.14,34.40,51.69,2006
CENTRO DE CIÊNCIAS NATURAIS E EXATAS - CCNE,2010,123,Física - Bacharelado,24,10,93,41.66,51.28,56.18,2007
CENTRO DE CIÊNCIAS NATURAIS E EXATAS - CCNE,2011,123,Física - Bacharelado,23,6,94,26.08,39.96,49.65,2008
CENTRO DE CIÊNCIAS NATURAIS E EXATAS - CCNE,2012,123,Física - Bacharelado,25,6,88,24.00,31.87,46.73,2009
CENTRO DE CIÊNCIAS NATURAIS E EXATAS - CCNE,2013,123,Física - Bacharelado,24,5,83,20.83,108.33,62.08,2010
CENTRO DE CIÊNCIAS NATURAIS E EXATAS - CCNE,2014,123,Física - Bacharelado,34,2,78,5.88,28.98,42.85,2011
CENTRO DE CIÊNCIAS NATURAIS E EXATAS - CCNE,2015,123,Física - Bacharelado,27,3,76,11.11,8.90,23.12,2012
CENTRO DE CIÊNCIAS NATURAIS E EXATAS - CCNE,2008,102,Física - Licenciatura Plena,29,11,112,37.93,39.48,43.15,2005
CENTRO DE CIÊNCIAS NATURAIS E EXATAS - CCNE,2009,102,Física - Licenciatura Plena,27,6,101,22.22,34.40,51.69,2006
CENTRO DE CIÊNCIAS NATURAIS E EXATAS - CCNE,2010,102,Física - Licenciatura Plena,29,9,105,31.03,51.28,56.18,2007
CENTRO DE CIÊNCIAS NATURAIS E EXATAS - CCNE,2011,102,Física - Licenciatura Plena,27,10,101,37.03,39.96,49.65,2008
CENTRO DE CIÊNCIAS NATURAIS E EXATAS - CCNE,2012,102,Física - Licenciatura Plena,28,11,99,39.28,31.87,46.73,2009
CENTRO DE CIÊNCIAS NATURAIS E EXATAS - CCNE,2013,102,Física - Licenciatura Plena,21,0,90,0.00,108.33,62.08,2010
CENTRO DE CIÊNCIAS NATURAIS E EXATAS - CCNE,2014,102,Física - Licenciatura Plena,28,5,88,17.85,28.98,42.85,2011
CENTRO DE CIÊNCIAS NATURAIS E EXATAS - CCNE,2015,102,Física - Licenciatura Plena,26,3,77,11.53,8.90,23.12,2012
CENTRO DE CIÊNCIAS NATURAIS E EXATAS - CCNE,2008,126,Física - Licenciatura Plena Noturno,31,7,131,22.58,39.48,43.15,2005
CENTRO DE CIÊNCIAS NATURAIS E EXATAS - CCNE,2009,126,Física - Licenciatura Plena Noturno,36,15,126,41.66,34.40,51.69,2006
CENTRO DE CIÊNCIAS NATURAIS E EXATAS - CCNE,2010,126,Física - Licenciatura Plena Noturno,36,5,121,13.88,51.28,56.18,2007
CENTRO DE CIÊNCIAS NATURAIS E EXATAS - CCNE,2011,126,Física - Licenciatura Plena Noturno,32,8,131,25.00,39.96,49.65,2008
CENTRO DE CIÊNCIAS NATURAIS E EXATAS - CCNE,2012,126,Física - Licenciatura Plena Noturno,34,5,122,14.70,31.87,46.73,2009
CENTRO DE CIÊNCIAS NATURAIS E EXATAS - CCNE,2013,126,Física - Licenciatura Plena Noturno,27,7,114,25.92,108.33,62.08,2010
CENTRO DE CIÊNCIAS NATURAIS E EXATAS - CCNE,2014,126,Física - Licenciatura Plena Noturno,22,2,96,9.09,28.98,42.85,2011
CENTRO DE CIÊNCIAS NATURAIS E EXATAS - CCNE,2015,126,Física - Licenciatura Plena Noturno,27,6,91,22.22,8.90,23.12,2012
CENTRO DE CIÊNCIAS DA SAÚDE - CCS,2009,210,Fisioterapia,43,28,213,65.11,75.05,51.69,2005
CENTRO DE CIÊNCIAS DA SAÚDE - CCS,2010,210,Fisioterapia,43,39,203,90.69,79.22,56.18,2006
CENTRO DE CIÊNCIAS DA SAÚDE - CCS,2011,210,Fisioterapia,46,42,200,91.30,84.03,49.65,2007
CENTRO DE CIÊNCIAS DA SAÚDE - CCS,2012,210,Fisioterapia,48,22,201,45.83,71.15,46.73,2008
CENTRO DE CIÊNCIAS DA SAÚDE - CCS,2013,210,Fisioterapia,43,33,199,76.74,78.59,62.08,2009
CENTRO DE CIÊNCIAS DA SAÚDE - CCS,2014,210,Fisioterapia,44,26,203,59.09,68.70,42.85,2010
CENTRO DE CIÊNCIAS DA SAÚDE - CCS,2015,210,Fisioterapia,47,19,203,40.42,30.10,23.12,2011
CENTRO DE CIÊNCIAS DA SAÚDE - CCS,2009,204,Fonoaudiologia,25,24,97,96.00,75.05,51.69,2005
CENTRO DE CIÊNCIAS DA SAÚDE - CCS,2010,204,Fonoaudiologia,25,9,100,36.00,79.22,56.18,2006
CENTRO DE CIÊNCIAS DA SAÚDE - CCS,2011,204,Fonoaudiologia,27,23,100,85.18,84.03,49.65,2007
CENTRO DE CIÊNCIAS DA SAÚDE - CCS,2012,204,Fonoaudiologia,26,16,101,61.53,71.15,46.73,2008
CENTRO DE CIÊNCIAS DA SAÚDE - CCS,2013,204,Fonoaudiologia,28,13,96,46.42,78.59,62.08,2009
CENTRO DE CIÊNCIAS DA SAÚDE - CCS,2014,204,Fonoaudiologia,28,16,95,57.14,68.70,42.85,2010
CENTRO DE CIÊNCIAS DA SAÚDE - CCS,2015,204,Fonoaudiologia,30,1,108,3.33,30.10,23.12,2011
CENTRO DE CIÊNCIAS NATURAIS E EXATAS - CCNE,2008,122,Geografia - Bacharelado,34,20,108,58.82,39.48,43.15,2005
CENTRO DE CIÊNCIAS NATURAIS E EXATAS - CCNE,2009,122,Geografia - Bacharelado,44,10,126,22.72,34.40,51.69,2006
CENTRO DE CIÊNCIAS NATURAIS E EXATAS - CCNE,2010,122,Geografia - Bacharelado,45,9,149,20.00,51.28,56.18,2007
CENTRO DE CIÊNCIAS NATURAIS E EXATAS - CCNE,2011,122,Geografia - Bacharelado,36,12,150,33.33,39.96,49.65,2008
CENTRO DE CIÊNCIAS NATURAIS E EXATAS - CCNE,2012,122,Geografia - Bacharelado,36,13,138,36.11,31.87,46.73,2009
CENTRO DE CIÊNCIAS NATURAIS E EXATAS - CCNE,2013,122,Geografia - Bacharelado,29,10,127,34.48,108.33,62.08,2010
CENTRO DE CIÊNCIAS NATURAIS E EXATAS - CCNE,2014,122,Geografia - Bacharelado,44,13,142,29.54,28.98,42.85,2011
CENTRO DE CIÊNCIAS NATURAIS E EXATAS - CCNE,2015,122,Geografia - Bacharelado,42,1,136,2.38,8.90,23.12,2012
CENTRO DE CIÊNCIAS NATURAIS E EXATAS - CCNE,2008,121,Geografia - Licenciatura Plena,41,25,210,60.97,39.48,43.15,2005
CENTRO DE CIÊNCIAS NATURAIS E EXATAS - CCNE,2009,121,Geografia - Licenciatura Plena,55,21,202,38.18,34.40,51.69,2006
CENTRO DE CIÊNCIAS NATURAIS E EXATAS - CCNE,2010,121,Geografia - Licenciatura Plena,44,19,181,43.18,51.28,56.18,2007
CENTRO DE CIÊNCIAS NATURAIS E EXATAS - CCNE,2011,121,Geografia - Licenciatura Plena,48,16,180,33.33,39.96,49.65,2008
CENTRO DE CIÊNCIAS NATURAIS E EXATAS - CCNE,2012,121,Geografia - Licenciatura Plena,47,22,175,46.80,31.87,46.73,2009
CENTRO DE CIÊNCIAS NATURAIS E EXATAS - CCNE,2013,121,Geografia - Licenciatura Plena,44,26,178,59.09,108.33,62.08,2010
CENTRO DE CIÊNCIAS NATURAIS E EXATAS - CCNE,2014,121,Geografia - Licenciatura Plena,46,20,168,43.47,28.98,42.85,2011
CENTRO DE CIÊNCIAS NATURAIS E EXATAS - CCNE,2015,121,Geografia - Licenciatura Plena,41,3,161,7.31,8.90,23.12,2012
CENTRO DE CIÊNCIAS SOCIAIS E HUMANAS - CCSH,2008,130,História,41,15,112,36.58,51.17,43.15,2005
CENTRO DE CIÊNCIAS SOCIAIS E HUMANAS - CCSH,2009,130,História,41,23,141,56.09,63.77,51.69,2006
CENTRO DE CIÊNCIAS SOCIAIS E HUMANAS - CCSH,2010,130,História,46,19,174,41.30,59.10,56.18,2007
CENTRO DE CIÊNCIAS SOCIAIS E HUMANAS - CCSH,2011,130,História,40,16,177,40.00,58.36,49.65,2008
CENTRO DE CIÊNCIAS SOCIAIS E HUMANAS - CCSH,2012,130,História,58,12,206,20.68,51.44,46.73,2009
CENTRO DE CIÊNCIAS SOCIAIS E HUMANAS - CCSH,2013,130,História,62,35,203,56.45,48.39,62.08,2010
CENTRO DE CIÊNCIAS SOCIAIS E HUMANAS - CCSH,2014,130,História,52,26,212,50.00,54.43,42.85,2011
CENTRO DE CIÊNCIAS SOCIAIS E HUMANAS - CCSH,2015,130,História,54,2,224,3.70,12.51,23.12,2012
CENTRO DE ARTES E LETRAS - CAL,2008,735,Letras - Lic - Hab. Português e Literatura Língua Portuguesa,37,22,83,59.45,27.90,43.15,2005
CENTRO DE ARTES E LETRAS - CAL,2009,735,Letras - Lic - Hab. Português e Literatura Língua Portuguesa,42,18,109,42.85,42.42,51.69,2006
CENTRO DE ARTES E LETRAS - CAL,2010,735,Letras - Lic - Hab. Português e Literatura Língua Portuguesa,44,25,141,56.81,41.47,56.18,2007
CENTRO DE ARTES E LETRAS - CAL,2011,735,Letras - Lic - Hab. Português e Literatura Língua Portuguesa,46,17,149,36.95,37.69,49.65,2008
CENTRO DE ARTES E LETRAS - CAL,2012,735,Letras - Lic - Hab. Português e Literatura Língua Portuguesa,43,14,151,32.55,53.10,46.73,2009
CENTRO DE ARTES E LETRAS - CAL,2013,735,Letras - Lic - Hab. Português e Literatura Língua Portuguesa,47,15,158,31.91,41.82,62.08,2010
CENTRO DE ARTES E LETRAS - CAL,2014,735,Letras - Lic - Hab. Português e Literatura Língua Portuguesa,54,18,150,33.33,32.31,42.85,2011
CENTRO DE ARTES E LETRAS - CAL,2015,735,Letras - Lic - Hab. Português e Literatura Língua Portuguesa,51,4,155,7.84,12.44,23.12,2012
CENTRO DE ARTES E LETRAS - CAL,2008,737,Letras - Lic.- Hab. Espanhol e Literaturas Língua Espanhola,34,8,106,23.52,27.90,43.15,2005
CENTRO DE ARTES E LETRAS - CAL,2009,737,Letras - Lic.- Hab. Espanhol e Literaturas Língua Espanhola,40,15,120,37.50,42.42,51.69,2006
CENTRO DE ARTES E LETRAS - CAL,2010,737,Letras - Lic.- Hab. Espanhol e Literaturas Língua Espanhola,35,12,133,34.28,41.47,56.18,2007
CENTRO DE ARTES E LETRAS - CAL,2011,737,Letras - Lic.- Hab. Espanhol e Literaturas Língua Espanhola,34,6,150,17.64,37.69,49.65,2008
CENTRO DE ARTES E LETRAS - CAL,2012,737,Letras - Lic.- Hab. Espanhol e Literaturas Língua Espanhola,41,7,158,17.07,53.10,46.73,2009
CENTRO DE ARTES E LETRAS - CAL,2013,737,Letras - Lic.- Hab. Espanhol e Literaturas Língua Espanhola,42,10,154,23.80,41.82,62.08,2010
CENTRO DE ARTES E LETRAS - CAL,2014,737,Letras - Lic.- Hab. Espanhol e Literaturas Língua Espanhola,59,5,163,8.47,32.31,42.85,2011
CENTRO DE ARTES E LETRAS - CAL,2015,737,Letras - Lic.- Hab. Espanhol e Literaturas Língua Espanhola,48,3,172,6.25,12.44,23.12,2012
CENTRO DE ARTES E LETRAS - CAL,2008,736,Letras - Lic.- Hab. Inglês e Literaturas Língua Inglesa,38,11,90,28.94,27.90,43.15,2005
CENTRO DE ARTES E LETRAS - CAL,2009,736,Letras - Lic.- Hab. Inglês e Literaturas Língua Inglesa,35,7,115,20.00,42.42,51.69,2006
CENTRO DE ARTES E LETRAS - CAL,2010,736,Letras - Lic.- Hab. Inglês e Literaturas Língua Inglesa,40,10,134,25.00,41.47,56.18,2007
CENTRO DE ARTES E LETRAS - CAL,2011,736,Letras - Lic.- Hab. Inglês e Literaturas Língua Inglesa,41,11,143,26.82,37.69,49.65,2008
CENTRO DE ARTES E LETRAS - CAL,2012,736,Letras - Lic.- Hab. Inglês e Literaturas Língua Inglesa,44,7,141,15.90,53.10,46.73,2009
CENTRO DE ARTES E LETRAS - CAL,2013,736,Letras - Lic.- Hab. Inglês e Literaturas Língua Inglesa,42,16,138,38.09,41.82,62.08,2010
CENTRO DE ARTES E LETRAS - CAL,2014,736,Letras - Lic.- Hab. Inglês e Literaturas Língua Inglesa,50,21,154,42.00,32.31,42.85,2011
CENTRO DE ARTES E LETRAS - CAL,2015,736,Letras - Lic.- Hab. Inglês e Literaturas Língua Inglesa,52,5,160,9.61,12.44,23.12,2012
CENTRO DE EDUCAÇÃO - CE,2012,637,Licenciatura em Educação Especial - Noturno,45,0,45,0.00,63.84,46.73,2009
CENTRO DE EDUCAÇÃO - CE,2013,637,Licenciatura em Educação Especial - Noturno,48,13,73,27.08,59.27,62.08,2010
CENTRO DE EDUCAÇÃO - CE,2014,637,Licenciatura em Educação Especial - Noturno,75,18,134,24.00,46.89,42.85,2011
CENTRO DE EDUCAÇÃO - CE,2015,637,Licenciatura em Educação Especial - Noturno,51,2,168,3.92,12.43,23.12,2012
CENTRO DE CIÊNCIAS SOCIAIS E HUMANAS - CCSH,2013,526,Licenciatura em Sociologia,33,4,33,12.12,48.39,62.08,2010
CENTRO DE CIÊNCIAS SOCIAIS E HUMANAS - CCSH,2014,526,Licenciatura em Sociologia,54,12,78,22.22,54.43,42.85,2011
CENTRO DE CIÊNCIAS SOCIAIS E HUMANAS - CCSH,2015,526,Licenciatura em Sociologia,56,3,117,5.35,12.51,23.12,2012
CENTRO DE ARTES E LETRAS - CAL,2013,756,Licenciatura em Teatro,11,1,9,9.09,41.82,62.08,2010
CENTRO DE ARTES E LETRAS - CAL,2014,756,Licenciatura em Teatro,23,12,30,52.17,32.31,42.85,2011
CENTRO DE ARTES E LETRAS - CAL,2015,756,Licenciatura em Teatro,16,0,38,0.00,12.44,23.12,2012
CENTRO DE CIÊNCIAS NATURAIS E EXATAS - CCNE,2008,132.2,Matemática - Bacharelado,16,2,18,12.50,39.48,43.15,2005
CENTRO DE CIÊNCIAS NATURAIS E EXATAS - CCNE,2010,132.2,Matemática - Bacharelado,8,1,13,12.50,51.28,56.18,2007
CENTRO DE CIÊNCIAS NATURAIS E EXATAS - CCNE,2011,132.2,Matemática - Bacharelado,6,2,11,33.33,39.96,49.65,2008
CENTRO DE CIÊNCIAS NATURAIS E EXATAS - CCNE,2012,132.2,Matemática - Bacharelado,6,1,13,16.66,31.87,46.73,2009
CENTRO DE CIÊNCIAS NATURAIS E EXATAS - CCNE,2013,132.2,Matemática - Bacharelado,3,0,11,0.00,108.33,62.08,2010
CENTRO DE CIÊNCIAS NATURAIS E EXATAS - CCNE,2014,132.2,Matemática - Bacharelado,4,1,14,25.00,28.98,42.85,2011
CENTRO DE CIÊNCIAS NATURAIS E EXATAS - CCNE,2008,132,Matemática - Licenciatura e Bacharelado,50,0,49,0.00,39.48,43.15,2005
CENTRO DE CIÊNCIAS NATURAIS E EXATAS - CCNE,2009,132,Matemática - Licenciatura e Bacharelado,47,1,91,2.12,34.40,51.69,2006
CENTRO DE CIÊNCIAS NATURAIS E EXATAS - CCNE,2010,132,Matemática - Licenciatura e Bacharelado,51,2,116,3.92,51.28,56.18,2007
CENTRO DE CIÊNCIAS NATURAIS E EXATAS - CCNE,2011,132,Matemática - Licenciatura e Bacharelado,52,2,124,3.84,39.96,49.65,2008
CENTRO DE CIÊNCIAS NATURAIS E EXATAS - CCNE,2012,132,Matemática - Licenciatura e Bacharelado,64,1,160,1.56,31.87,46.73,2009
CENTRO DE CIÊNCIAS NATURAIS E EXATAS - CCNE,2013,132,Matemática - Licenciatura e Bacharelado,54,2,138,3.70,108.33,62.08,2010
CENTRO DE CIÊNCIAS NATURAIS E EXATAS - CCNE,2008,125,Matemática - Licenciatura Plena,40,10,186,25.00,39.48,43.15,2005
CENTRO DE CIÊNCIAS NATURAIS E EXATAS - CCNE,2008,132.1,Matemática - Licenciatura Plena,20,13,33,65.00,39.48,43.15,2005
CENTRO DE CIÊNCIAS NATURAIS E EXATAS - CCNE,2009,125,Matemática - Licenciatura Plena,58,8,178,13.79,34.40,51.69,2006
CENTRO DE CIÊNCIAS NATURAIS E EXATAS - CCNE,2009,132.1,Matemática - Licenciatura Plena,87,22,122,25.28,34.40,51.69,2006
CENTRO DE CIÊNCIAS NATURAIS E EXATAS - CCNE,2010,125,Matemática - Licenciatura Plena,61,12,191,19.67,51.28,56.18,2007
CENTRO DE CIÊNCIAS NATURAIS E EXATAS - CCNE,2010,132.1,Matemática - Licenciatura Plena,9,28,87,311.11,51.28,56.18,2007
CENTRO DE CIÊNCIAS NATURAIS E EXATAS - CCNE,2011,125,Matemática - Licenciatura Plena,42,16,198,38.09,39.96,49.65,2008
CENTRO DE CIÊNCIAS NATURAIS E EXATAS - CCNE,2011,132.1,Matemática - Licenciatura Plena,29,14,90,48.27,39.96,49.65,2008
CENTRO DE CIÊNCIAS NATURAIS E EXATAS - CCNE,2012,125,Matemática - Licenciatura Plena,48,11,203,22.91,31.87,46.73,2009
CENTRO DE CIÊNCIAS NATURAIS E EXATAS - CCNE,2012,132.1,Matemática - Licenciatura Plena,19,6,84,31.57,31.87,46.73,2009
CENTRO DE CIÊNCIAS NATURAIS E EXATAS - CCNE,2013,125,Matemática - Licenciatura Plena,55,17,192,30.90,108.33,62.08,2010
CENTRO DE CIÊNCIAS NATURAIS E EXATAS - CCNE,2013,132.1,Matemática - Licenciatura Plena,13,21,68,161.53,108.33,62.08,2010
CENTRO DE CIÊNCIAS NATURAIS E EXATAS - CCNE,2014,125,Matemática - Licenciatura Plena,50,12,181,24.00,28.98,42.85,2011
CENTRO DE CIÊNCIAS NATURAIS E EXATAS - CCNE,2014,132.1,Matemática - Licenciatura Plena,12,7,50,58.33,28.98,42.85,2011
CENTRO DE CIÊNCIAS NATURAIS E EXATAS - CCNE,2015,125,Matemática - Licenciatura Plena,54,0,171,0.00,8.90,23.12,2012
CENTRO DE CIÊNCIAS NATURAIS E EXATAS - CCNE,2015,132.1,Matemática - Licenciatura Plena,7,2,41,28.57,8.90,23.12,2012
CENTRO DE CIÊNCIAS DA SAÚDE - CCS,2010,202,Medicina,109,104,674,95.41,79.22,56.18,2005
CENTRO DE CIÊNCIAS DA SAÚDE - CCS,2011,202,Medicina,112,99,664,88.39,84.03,49.65,2006
CENTRO DE CIÊNCIAS DA SAÚDE - CCS,2012,202,Medicina,107,103,660,96.26,71.15,46.73,2007
CENTRO DE CIÊNCIAS DA SAÚDE - CCS,2013,202,Medicina,107,98,658,91.58,78.59,62.08,2008
CENTRO DE CIÊNCIAS DA SAÚDE - CCS,2014,202,Medicina,116,95,666,81.89,68.70,42.85,2009
CENTRO DE CIÊNCIAS DA SAÚDE - CCS,2015,202,Medicina,118,55,685,46.61,30.10,23.12,2010
CENTRO DE CIÊNCIAS RURAIS - CCR,2009,403,Medicina Veterinária,98,106,580,108.16,77.36,51.69,2005
CENTRO DE CIÊNCIAS RURAIS - CCR,2010,403,Medicina Veterinária,103,98,574,95.14,79.64,56.18,2006
CENTRO DE CIÊNCIAS RURAIS - CCR,2011,403,Medicina Veterinária,110,102,575,92.72,65.17,49.65,2007
CENTRO DE CIÊNCIAS RURAIS - CCR,2012,403,Medicina Veterinária,102,89,577,87.25,61.57,46.73,2008
CENTRO DE CIÊNCIAS RURAIS - CCR,2013,403,Medicina Veterinária,105,95,564,90.47,78.55,62.08,2009
CENTRO DE CIÊNCIAS RURAIS - CCR,2014,403,Medicina Veterinária,119,90,555,75.63,61.34,42.85,2010
CENTRO DE CIÊNCIAS RURAIS - CCR,2015,403,Medicina Veterinária,119,30,562,25.21,21.23,23.12,2011
CENTRO DE CIÊNCIAS NATURAIS E EXATAS - CCNE,2008,131,Meteorologia - Bacharelado,21,6,20,28.57,39.48,43.15,2005
CENTRO DE CIÊNCIAS NATURAIS E EXATAS - CCNE,2009,131,Meteorologia - Bacharelado,22,9,40,40.90,34.40,51.69,2006
CENTRO DE CIÊNCIAS NATURAIS E EXATAS - CCNE,2010,131,Meteorologia - Bacharelado,28,10,60,35.71,51.28,56.18,2007
CENTRO DE CIÊNCIAS NATURAIS E EXATAS - CCNE,2011,131,Meteorologia - Bacharelado,25,8,73,32.00,39.96,49.65,2008
CENTRO DE CIÊNCIAS NATURAIS E EXATAS - CCNE,2012,131,Meteorologia - Bacharelado,31,13,79,41.93,31.87,46.73,2009
CENTRO DE CIÊNCIAS NATURAIS E EXATAS - CCNE,2013,131,Meteorologia - Bacharelado,20,4,81,20.00,108.33,62.08,2010
CENTRO DE CIÊNCIAS NATURAIS E EXATAS - CCNE,2014,131,Meteorologia - Bacharelado,21,8,79,38.09,28.98,42.85,2011
CENTRO DE CIÊNCIAS NATURAIS E EXATAS - CCNE,2015,131,Meteorologia - Bacharelado,25,1,80,4.00,8.90,23.12,2012
CENTRO DE ARTES E LETRAS - CAL,2008,734,Música - Licenciatura Plena,19,11,72,57.89,27.90,43.15,2005
CENTRO DE ARTES E LETRAS - CAL,2009,734,Música - Licenciatura Plena,18,6,77,33.33,42.42,51.69,2006
CENTRO DE ARTES E LETRAS - CAL,2010,734,Música - Licenciatura Plena,17,3,75,17.64,41.47,56.18,2007
CENTRO DE ARTES E LETRAS - CAL,2011,734,Música - Licenciatura Plena,21,6,77,28.57,37.69,49.65,2008
CENTRO DE ARTES E LETRAS - CAL,2012,734,Música - Licenciatura Plena,19,12,78,63.15,53.10,46.73,2009
CENTRO DE ARTES E LETRAS - CAL,2013,734,Música - Licenciatura Plena,21,4,73,19.04,41.82,62.08,2010
CENTRO DE ARTES E LETRAS - CAL,2014,734,Música - Licenciatura Plena,17,4,76,23.52,32.31,42.85,2011
CENTRO DE ARTES E LETRAS - CAL,2015,734,Música - Licenciatura Plena,15,3,69,20.00,12.44,23.12,2012
CENTRO DE CIÊNCIAS DA SAÚDE - CCS,2009,203,Odontologia,75,36,358,48.00,75.05,51.69,2005
CENTRO DE CIÊNCIAS DA SAÚDE - CCS,2010,203,Odontologia,72,64,354,88.88,79.22,56.18,2006
CENTRO DE CIÊNCIAS DA SAÚDE - CCS,2011,203,Odontologia,74,66,353,89.18,84.03,49.65,2007
CENTRO DE CIÊNCIAS DA SAÚDE - CCS,2012,203,Odontologia,74,63,354,85.13,71.15,46.73,2008
CENTRO DE CIÊNCIAS DA SAÚDE - CCS,2013,203,Odontologia,80,60,356,75.00,78.59,62.08,2009
CENTRO DE CIÊNCIAS DA SAÚDE - CCS,2014,203,Odontologia,71,60,380,84.50,68.70,42.85,2010
CENTRO DE CIÊNCIAS DA SAÚDE - CCS,2015,203,Odontologia,70,31,376,44.28,30.10,23.12,2011
CENTRO DE EDUCAÇÃO - CE,2010,628,Pedagogia - Licenciatura Plena Diurno,369,71,362,19.24,36.78,56.18,2007
CENTRO DE EDUCAÇÃO - CE,2011,628,Pedagogia - Licenciatura Plena Diurno,83,65,365,78.31,57.40,49.65,2008
CENTRO DE EDUCAÇÃO - CE,2012,628,Pedagogia - Licenciatura Plena Diurno,102,53,387,51.96,63.84,46.73,2009
CENTRO DE EDUCAÇÃO - CE,2013,628,Pedagogia - Licenciatura Plena Diurno,94,63,381,67.02,59.27,62.08,2010
CENTRO DE EDUCAÇÃO - CE,2014,628,Pedagogia - Licenciatura Plena Diurno,89,47,361,52.80,46.89,42.85,2011
CENTRO DE EDUCAÇÃO - CE,2015,628,Pedagogia - Licenciatura Plena Diurno,91,1,344,1.09,12.43,23.12,2012
CENTRO DE EDUCAÇÃO - CE,2010,627,Pedagogia - Licenciatura Plena Noturno,119,21,116,17.64,36.78,56.18,2007
CENTRO DE EDUCAÇÃO - CE,2011,627,Pedagogia - Licenciatura Plena Noturno,56,23,161,41.07,57.40,49.65,2008
CENTRO DE EDUCAÇÃO - CE,2012,627,Pedagogia - Licenciatura Plena Noturno,60,28,202,46.66,63.84,46.73,2009
CENTRO DE EDUCAÇÃO - CE,2013,627,Pedagogia - Licenciatura Plena Noturno,50,24,229,48.00,59.27,62.08,2010
CENTRO DE EDUCAÇÃO - CE,2014,627,Pedagogia - Licenciatura Plena Noturno,46,21,227,45.65,46.89,42.85,2011
CENTRO DE EDUCAÇÃO - CE,2015,627,Pedagogia - Licenciatura Plena Noturno,48,16,223,33.33,12.43,23.12,2012
CENTRO DE EDUCAÇÃO - CE,2012,638,Programa Especial de Graduação de Formação de Professores pa,132,212,132,160.60,63.84,46.73,2009
CENTRO DE EDUCAÇÃO - CE,2013,638,Programa Especial de Graduação de Formação de Professores pa,294,233,393,79.25,59.27,62.08,2010
CENTRO DE EDUCAÇÃO - CE,2014,638,Programa Especial de Graduação de Formação de Professores pa,314,169,560,53.82,46.89,42.85,2011
CENTRO DE EDUCAÇÃO - CE,2015,638,Programa Especial de Graduação de Formação de Professores pa,319,70,627,21.94,12.43,23.12,2012
CENTRO DE CIÊNCIAS SOCIAIS E HUMANAS - CCSH,2009,520,Psicologia,25,20,142,80.00,63.77,51.69,2005
CENTRO DE CIÊNCIAS SOCIAIS E HUMANAS - CCSH,2010,520,Psicologia,42,20,133,47.61,59.10,56.18,2006
CENTRO DE CIÊNCIAS SOCIAIS E HUMANAS - CCSH,2011,520,Psicologia,31,27,131,87.09,58.36,49.65,2007
CENTRO DE CIÊNCIAS SOCIAIS E HUMANAS - CCSH,2012,520,Psicologia,27,22,131,81.48,51.44,46.73,2008
CENTRO DE CIÊNCIAS SOCIAIS E HUMANAS - CCSH,2013,520,Psicologia,31,21,134,67.74,48.39,62.08,2009
CENTRO DE CIÊNCIAS SOCIAIS E HUMANAS - CCSH,2014,520,Psicologia,26,18,132,69.23,54.43,42.85,2010
CENTRO DE CIÊNCIAS SOCIAIS E HUMANAS - CCSH,2015,520,Psicologia,27,0,129,0.00,12.51,23.12,2011
CENTRO DE CIÊNCIAS NATURAIS E EXATAS - CCNE,2009,133,Química - Bacharelado,22,4,20,18.18,34.40,51.69,2006
CENTRO DE CIÊNCIAS NATURAIS E EXATAS - CCNE,2010,133,Química - Bacharelado,21,7,40,33.33,51.28,56.18,2007
CENTRO DE CIÊNCIAS NATURAIS E EXATAS - CCNE,2011,133,Química - Bacharelado,24,9,59,37.50,39.96,49.65,2008
CENTRO DE CIÊNCIAS NATURAIS E EXATAS - CCNE,2012,133,Química - Bacharelado,26,10,76,38.46,31.87,46.73,2009
CENTRO DE CIÊNCIAS NATURAIS E EXATAS - CCNE,2013,133,Química - Bacharelado,21,6,79,28.57,108.33,62.08,2010
CENTRO DE CIÊNCIAS NATURAIS E EXATAS - CCNE,2014,133,Química - Bacharelado,27,7,82,25.92,28.98,42.85,2011
CENTRO DE CIÊNCIAS NATURAIS E EXATAS - CCNE,2015,133,Química - Bacharelado,27,2,83,7.40,8.90,23.12,2012
CENTRO DE CIÊNCIAS NATURAIS E EXATAS - CCNE,2008,109,Química - Licenciatura Plena,40,19,154,47.50,39.48,43.15,2005
CENTRO DE CIÊNCIAS NATURAIS E EXATAS - CCNE,2009,109,Química - Licenciatura Plena,45,19,157,42.22,34.40,51.69,2006
CENTRO DE CIÊNCIAS NATURAIS E EXATAS - CCNE,2010,109,Química - Licenciatura Plena,45,24,156,53.33,51.28,56.18,2007
CENTRO DE CIÊNCIAS NATURAIS E EXATAS - CCNE,2011,109,Química - Licenciatura Plena,50,27,167,54.00,39.96,49.65,2008
CENTRO DE CIÊNCIAS NATURAIS E EXATAS - CCNE,2012,109,Química - Licenciatura Plena,41,19,166,46.34,31.87,46.73,2009
CENTRO DE CIÊNCIAS NATURAIS E EXATAS - CCNE,2013,109,Química - Licenciatura Plena,49,24,167,48.97,108.33,62.08,2010
CENTRO DE CIÊNCIAS NATURAIS E EXATAS - CCNE,2014,109,Química - Licenciatura Plena,47,18,160,38.29,28.98,42.85,2011
CENTRO DE CIÊNCIAS NATURAIS E EXATAS - CCNE,2015,109,Química - Licenciatura Plena,46,2,149,4.34,8.90,23.12,2012
CENTRO DE CIÊNCIAS NATURAIS E EXATAS - CCNE,2008,110,Química Industrial,34,24,152,70.58,39.48,43.15,2005
CENTRO DE CIÊNCIAS NATURAIS E EXATAS - CCNE,2009,110,Química Industrial,20,15,134,75.00,34.40,51.69,2006
CENTRO DE CIÊNCIAS NATURAIS E EXATAS - CCNE,2010,110,Química Industrial,18,12,117,66.66,51.28,56.18,2007
CENTRO DE CIÊNCIAS NATURAIS E EXATAS - CCNE,2011,110,Química Industrial,15,15,96,100.00,39.96,49.65,2008
CENTRO DE CIÊNCIAS NATURAIS E EXATAS - CCNE,2012,110,Química Industrial,16,10,81,62.50,31.87,46.73,2009
CENTRO DE CIÊNCIAS NATURAIS E EXATAS - CCNE,2013,110,Química Industrial,22,9,80,40.90,108.33,62.08,2010
CENTRO DE CIÊNCIAS NATURAIS E EXATAS - CCNE,2014,110,Química Industrial,16,16,71,100.00,28.98,42.85,2011
CENTRO DE CIÊNCIAS NATURAIS E EXATAS - CCNE,2015,110,Química Industrial,26,2,76,7.69,8.90,23.12,2012
CENTRO DE CIÊNCIAS SOCIAIS E HUMANAS - CCSH,2012,525,Relações Internacionais,53,0,50,0.00,51.44,46.73,2009
CENTRO DE CIÊNCIAS SOCIAIS E HUMANAS - CCSH,2013,525,Relações Internacionais,60,40,101,66.66,48.39,62.08,2010
CENTRO DE CIÊNCIAS SOCIAIS E HUMANAS - CCSH,2014,525,Relações Internacionais,51,32,137,62.74,54.43,42.85,2011
CENTRO DE CIÊNCIAS SOCIAIS E HUMANAS - CCSH,2015,525,Relações Internacionais,80,6,187,7.50,12.51,23.12,2012
CENTRO DE CIÊNCIAS SOCIAIS E HUMANAS - CCSH,2013,528,Serviço Social - Bacharelado (Noturno),50,0,50,0.00,48.39,62.08,2010
CENTRO DE CIÊNCIAS SOCIAIS E HUMANAS - CCSH,2014,528,Serviço Social - Bacharelado (Noturno),51,21,99,41.17,54.43,42.85,2011
CENTRO DE CIÊNCIAS SOCIAIS E HUMANAS - CCSH,2015,528,Serviço Social - Bacharelado (Noturno),56,2,150,3.57,12.51,23.12,2012
CENTRO DE EDUCAÇÃO SUPERIOR NORTE-RS/UFSM -CESNORS,2013,2012,Sistemas de Informação/CESNORS/FW,37,0,33,0.00,37.34,62.08,2010
CENTRO DE EDUCAÇÃO SUPERIOR NORTE-RS/UFSM -CESNORS,2014,2012,Sistemas de Informação/CESNORS/FW,43,7,69,16.27,35.89,42.85,2011
CENTRO DE EDUCAÇÃO SUPERIOR NORTE-RS/UFSM -CESNORS,2015,2012,Sistemas de Informação/CESNORS/FW,51,2,102,3.92,21.15,23.12,2012
CENTRO DE CIÊNCIAS DA SAÚDE - CCS,2013,212,Terapia Ocupacional,35,36,35,102.85,78.59,62.08,2009
CENTRO DE CIÊNCIAS DA SAÚDE - CCS,2014,212,Terapia Ocupacional,77,36,105,46.75,68.70,42.85,2010
CENTRO DE CIÊNCIAS DA SAÚDE - CCS,2015,212,Terapia Ocupacional,71,13,169,18.30,30.10,23.12,2011
CENTRO DE CIÊNCIAS RURAIS - CCR,2009,404,Zootecnia,81,50,282,61.72,77.36,51.69,2005
CENTRO DE CIÊNCIAS RURAIS - CCR,2010,404,Zootecnia,72,46,292,63.88,79.64,56.18,2006
CENTRO DE CIÊNCIAS RURAIS - CCR,2011,404,Zootecnia,78,46,302,58.97,65.17,49.65,2007
CENTRO DE CIÊNCIAS RURAIS - CCR,2012,404,Zootecnia,77,49,325,63.63,61.57,46.73,2008
CENTRO DE CIÊNCIAS RURAIS - CCR,2013,404,Zootecnia,77,57,343,74.02,78.55,62.08,2009
CENTRO DE CIÊNCIAS RURAIS - CCR,2014,404,Zootecnia,80,40,342,50.00,61.34,42.85,2010
CENTRO DE CIÊNCIAS RURAIS - CCR,2015,404,Zootecnia,79,5,339,6.32,21.23,23.12,2011
