campus,area,codigo_curso,uf,municipio
CAMPUS CACHOEIRA DO SUL,ARQUITETURA E URBANISMO,21,RS,Santa Maria
CAMPUS CACHOEIRA DO SUL,ARQUITETURA E URBANISMO,21,RS,Santa Maria
CAMPUS CACHOEIRA DO SUL,ARQUITETURA E URBANISMO,21,SP,Sorocaba
CAMPUS CACHOEIRA DO SUL,ARQUITETURA E URBANISMO,21,RS,Candelária
CAMPUS CACHOEIRA DO SUL,ARQUITETURA E URBANISMO,21,RS,Santa Maria
CAMPUS CACHOEIRA DO SUL,ARQUITETURA E URBANISMO,21,RS,Santa Maria
CAMPUS CACHOEIRA DO SUL,ARQUITETURA E URBANISMO,21,RS,Bento Gonçalves
CAMPUS CACHOEIRA DO SUL,ENGENHARIA AGRÍCOLA,0,RS,Cachoeira do Sul
CAMPUS CACHOEIRA DO SUL,ENGENHARIA AGRÍCOLA,0,RS,Jaguarão
CAMPUS CACHOEIRA DO SUL,ENGENHARIA AGRÍCOLA,0,RS,Cachoeira do Sul
CAMPUS CACHOEIRA DO SUL,ENGENHARIA AGRÍCOLA,0,RS,Agudo
CAMPUS CACHOEIRA DO SUL,ENGENHARIA AGRÍCOLA,0,RS,Cachoeira do Sul
CAMPUS CACHOEIRA DO SUL,ENGENHARIA AGRÍCOLA,0,RS,São Leopoldo
CAMPUS CACHOEIRA DO SUL,ENGENHARIA AGRÍCOLA,0,RS,Cachoeira do Sul
CAMPUS CACHOEIRA DO SUL,ENGENHARIA AGRÍCOLA,0,RS,Santa Maria
CAMPUS CACHOEIRA DO SUL,ENGENHARIA AGRÍCOLA,0,RS,Cachoeira do Sul
CAMPUS CACHOEIRA DO SUL,ENGENHARIA AGRÍCOLA,0,RS,Júlio de Castilhos
CAMPUS CACHOEIRA DO SUL,ENGENHARIA AGRÍCOLA,0,RS,Vera Cruz
CAMPUS CACHOEIRA DO SUL,ENGENHARIA AGRÍCOLA,0,RS,Cachoeira do Sul
CAMPUS CACHOEIRA DO SUL,ENGENHARIA AGRÍCOLA,0,RS,Gravataí
CAMPUS CACHOEIRA DO SUL,ENGENHARIA AGRÍCOLA,0,SP,São Paulo
CAMPUS CACHOEIRA DO SUL,ENGENHARIA DE TRANSPORTES E LOGÍSTICA,0,RS,Cachoeira do Sul
CAMPUS CACHOEIRA DO SUL,ENGENHARIA DE TRANSPORTES E LOGÍSTICA,0,RS,Rio Pardo
CAMPUS CACHOEIRA DO SUL,ENGENHARIA DE TRANSPORTES E LOGÍSTICA,0,RS,Porto Alegre
CAMPUS CACHOEIRA DO SUL,ENGENHARIA DE TRANSPORTES E LOGÍSTICA,0,RS,Cachoeira do Sul
CAMPUS CACHOEIRA DO SUL,ENGENHARIA DE TRANSPORTES E LOGÍSTICA,0,RS,Cachoeira do Sul
CAMPUS CACHOEIRA DO SUL,ENGENHARIA DE TRANSPORTES E LOGÍSTICA,0,RS,Encantado
CAMPUS CACHOEIRA DO SUL,ENGENHARIA DE TRANSPORTES E LOGÍSTICA,0,SP,São Paulo
CAMPUS CACHOEIRA DO SUL,ENGENHARIA DE TRANSPORTES E LOGÍSTICA,0,RS,Cachoeira do Sul
CAMPUS CACHOEIRA DO SUL,ENGENHARIA DE TRANSPORTES E LOGÍSTICA,0,RS,Cachoeira do Sul
CAMPUS CACHOEIRA DO SUL,ENGENHARIA DE TRANSPORTES E LOGÍSTICA,0,RS,Cachoeira do Sul
CAMPUS CACHOEIRA DO SUL,ENGENHARIA DE TRANSPORTES E LOGÍSTICA,0,RS,Cachoeira do Sul
CAMPUS CACHOEIRA DO SUL,ENGENHARIA DE TRANSPORTES E LOGÍSTICA,0,RS,Cachoeira do Sul
CAMPUS CACHOEIRA DO SUL,ENGENHARIA DE TRANSPORTES E LOGÍSTICA,0,PR,Curitiba
CAMPUS CACHOEIRA DO SUL,ENGENHARIA DE TRANSPORTES E LOGÍSTICA,0,RS,Cachoeira do Sul
CAMPUS CACHOEIRA DO SUL,ENGENHARIA DE TRANSPORTES E LOGÍSTICA,0,RS,Cachoeira do Sul
CAMPUS CACHOEIRA DO SUL,ENGENHARIA ELÉTRICA,5806,RS,Vera Cruz
CAMPUS CACHOEIRA DO SUL,ENGENHARIA ELÉTRICA,5806,RO,Porto Velho
CAMPUS CACHOEIRA DO SUL,ENGENHARIA ELÉTRICA,5806,RS,Rosário do Sul
CAMPUS CACHOEIRA DO SUL,ENGENHARIA ELÉTRICA,5806,SC,Seara
CAMPUS CACHOEIRA DO SUL,ENGENHARIA ELÉTRICA,5806,RS,Santa Maria
CAMPUS CACHOEIRA DO SUL,ENGENHARIA ELÉTRICA,5806,PR,Santa Isabel do Ivaí
CAMPUS CACHOEIRA DO SUL,ENGENHARIA ELÉTRICA,5806,RS,São Luiz Gonzaga
CAMPUS CACHOEIRA DO SUL,ENGENHARIA ELÉTRICA,5806,SP,São Paulo
CAMPUS CACHOEIRA DO SUL,ENGENHARIA ELÉTRICA,5806,SP,Jundiaí
CAMPUS CACHOEIRA DO SUL,ENGENHARIA MECÂNICA,5902,RS,Santo Ângelo
CAMPUS CACHOEIRA DO SUL,ENGENHARIA MECÂNICA,5902,RS,Campos Borges
CAMPUS CACHOEIRA DO SUL,ENGENHARIA MECÂNICA,5902,RS,Porto Alegre
CAMPUS CACHOEIRA DO SUL,ENGENHARIA MECÂNICA,5902,RS,Butiá
CAMPUS CACHOEIRA DO SUL,ENGENHARIA MECÂNICA,5902,RS,Santa Clara do Sul
CAMPUS CACHOEIRA DO SUL,ENGENHARIA MECÂNICA,5902,RS,Novo Cabrais
CAMPUS CACHOEIRA DO SUL,ENGENHARIA MECÂNICA,5902,RS,Santa Maria
CAMPUS CACHOEIRA DO SUL,ENGENHARIA MECÂNICA,5902,RS,Osório
CAMPUS CACHOEIRA DO SUL,ENGENHARIA MECÂNICA,5902,SP,Regente Feijó
CAMPUS CACHOEIRA DO SUL,ENGENHARIA MECÂNICA,5902,RS,Santa Maria
CAMPUS CACHOEIRA DO SUL,ENGENHARIA MECÂNICA,5902,MG,Lagoa da Prata
CAMPUS CACHOEIRA DO SUL,ENGENHARIA MECÂNICA,5902,RS,Faxinal do Soturno
CAMPUS CACHOEIRA DO SUL,ENGENHARIA MECÂNICA,5902,RS,Nova Prata
CAMPUS CACHOEIRA DO SUL,ENGENHARIA MECÂNICA,5902,RS,Santa Maria
CAMPUS CACHOEIRA DO SUL,ENGENHARIA MECÂNICA,5902,RS,Cachoeira do Sul
CAMPUS CACHOEIRA DO SUL,ENGENHARIA MECÂNICA,5902,RS,Santa Maria
CAMPUS CACHOEIRA DO SUL,ENGENHARIA MECÂNICA,5902,SP,São Paulo
CAMPUS DE FREDERICO WESTPHALEN,AGRONOMIA,17,RS,Tapejara
CAMPUS DE FREDERICO WESTPHALEN,AGRONOMIA,17,RS,Novo Xingu
CAMPUS DE FREDERICO WESTPHALEN,AGRONOMIA,17,RS,Jaboticaba
CAMPUS DE FREDERICO WESTPHALEN,AGRONOMIA,17,RS,Frederico Westphalen
CAMPUS DE FREDERICO WESTPHALEN,AGRONOMIA,17,RS,Sarandi
CAMPUS DE FREDERICO WESTPHALEN,AGRONOMIA,17,RS,Palmeira das Missões
CAMPUS DE FREDERICO WESTPHALEN,AGRONOMIA,17,RS,Santo Augusto
CAMPUS DE FREDERICO WESTPHALEN,AGRONOMIA,17,RS,Coronel Bicaco
CAMPUS DE FREDERICO WESTPHALEN,AGRONOMIA,17,RS,Jóia
CAMPUS DE FREDERICO WESTPHALEN,AGRONOMIA,17,RS,Constantina
CAMPUS DE FREDERICO WESTPHALEN,AGRONOMIA,17,RS,Boa Vista do Buricá
CAMPUS DE FREDERICO WESTPHALEN,AGRONOMIA,17,RS,Passo Fundo
CAMPUS DE FREDERICO WESTPHALEN,AGRONOMIA,17,RS,Porto Alegre
CAMPUS DE FREDERICO WESTPHALEN,AGRONOMIA,17,RS,Caiçara
CAMPUS DE FREDERICO WESTPHALEN,AGRONOMIA,17,RS,São José do Inhacorá
CAMPUS DE FREDERICO WESTPHALEN,AGRONOMIA,17,RJ,Rio de Janeiro
CAMPUS DE FREDERICO WESTPHALEN,AGRONOMIA,17,RS,Tupanciretã
CAMPUS DE FREDERICO WESTPHALEN,AGRONOMIA,17,RS,Palmeira das Missões
CAMPUS DE FREDERICO WESTPHALEN,AGRONOMIA,17,RS,Erval Seco
CAMPUS DE FREDERICO WESTPHALEN,COMUNICAÇÃO SOCIAL - JORNALISMO,803,SP,São José dos Campos
CAMPUS DE FREDERICO WESTPHALEN,COMUNICAÇÃO SOCIAL - JORNALISMO,803,SC,Itapiranga
CAMPUS DE FREDERICO WESTPHALEN,COMUNICAÇÃO SOCIAL - JORNALISMO,803,SP,São Paulo
CAMPUS DE FREDERICO WESTPHALEN,COMUNICAÇÃO SOCIAL - JORNALISMO,803,SC,Itapiranga
CAMPUS DE FREDERICO WESTPHALEN,COMUNICAÇÃO SOCIAL - JORNALISMO,803,SP,São Paulo
CAMPUS DE FREDERICO WESTPHALEN,COMUNICAÇÃO SOCIAL - JORNALISMO,803,PR,Renascença
CAMPUS DE FREDERICO WESTPHALEN,ENGENHARIA FLORESTAL,6405,SP,Irapuã
CAMPUS DE FREDERICO WESTPHALEN,ENGENHARIA FLORESTAL,6405,SC,Cunha Porã
CAMPUS DE FREDERICO WESTPHALEN,ENGENHARIA FLORESTAL,6405,SC,Joinville
CAMPUS DE FREDERICO WESTPHALEN,ENGENHARIA FLORESTAL,6405,RS,Santa Maria
CAMPUS DE FREDERICO WESTPHALEN,ENGENHARIA FLORESTAL,6405,RS,Tenente Portela
CAMPUS DE FREDERICO WESTPHALEN,ENGENHARIA FLORESTAL,6405,GO,Luziânia
CAMPUS DE FREDERICO WESTPHALEN,ENGENHARIA FLORESTAL,6405,RS,São Luiz Gonzaga
CAMPUS DE FREDERICO WESTPHALEN,ENGENHARIA FLORESTAL,6405,RS,Vera Cruz
CAMPUS DE FREDERICO WESTPHALEN,ENGENHARIA FLORESTAL,6405,RS,Gramado
CAMPUS  - SANTA MARIA - CAMOBI,ADMINISTRAÇÃO,1,RS,Cândido Godói
CAMPUS  - SANTA MARIA - CAMOBI,ADMINISTRAÇÃO,1,RS,Santa Maria
CAMPUS  - SANTA MARIA - CAMOBI,ADMINISTRAÇÃO,1,RS,Santa Maria
CAMPUS  - SANTA MARIA - CAMOBI,ADMINISTRAÇÃO,1,RS,Santa Maria
CAMPUS DE PALMEIRA DAS MISSÕES,ENFERMAGEM,23,RS,São João do Polêsine
CAMPUS DE PALMEIRA DAS MISSÕES,ENFERMAGEM,23,RS,Coronel Bicaco
CAMPUS DE PALMEIRA DAS MISSÕES,ENFERMAGEM,23,RS,São Francisco de Assis
CAMPUS DE PALMEIRA DAS MISSÕES,ENFERMAGEM,23,RS,Pelotas
CAMPUS DE PALMEIRA DAS MISSÕES,ZOOTECNIA,51,RS,Augusto Pestana
CAMPUS DE PALMEIRA DAS MISSÕES,ZOOTECNIA,51,SP,Itapecerica da Serra
CAMPUS DE PALMEIRA DAS MISSÕES,ZOOTECNIA,51,PR,Rolândia
CAMPUS DE PALMEIRA DAS MISSÕES,ZOOTECNIA,51,SP,Caraguatatuba
CAMPUS DE PALMEIRA DAS MISSÕES,ZOOTECNIA,51,RS,Palmeira das Missões
CAMPUS DE PALMEIRA DAS MISSÕES,ZOOTECNIA,51,RS,Santa Maria
CAMPUS DE PALMEIRA DAS MISSÕES,ZOOTECNIA,51,RS,Tuparendi
CAMPUS  - SANTA MARIA - CAMOBI,ABI - ARTES CÊNICAS,0,RS,Santa Cruz do Sul
CAMPUS  - SANTA MARIA - CAMOBI,ABI - ARTES CÊNICAS,0,SP,São Paulo
CAMPUS  - SANTA MARIA - CAMOBI,ABI - ARTES CÊNICAS,0,AL,Maceió
CAMPUS  - SANTA MARIA - CAMOBI,ABI - CIÊNCIAS BIOLÓGICAS,1601,RS,Santa Maria
CAMPUS  - SANTA MARIA - CAMOBI,ABI - CIÊNCIAS BIOLÓGICAS,1601,RS,Jóia
CAMPUS  - SANTA MARIA - CAMOBI,ABI - CIÊNCIAS BIOLÓGICAS,1601,RS,Ijuí
CAMPUS  - SANTA MARIA - CAMOBI,ABI - CIÊNCIAS BIOLÓGICAS,1601,RS,Santa Maria
CAMPUS  - SANTA MARIA - CAMOBI,ABI - CIÊNCIAS BIOLÓGICAS,1601,RS,Santa Maria
CAMPUS  - SANTA MARIA - CAMOBI,ABI - CIÊNCIAS BIOLÓGICAS,1601,RS,Viamão
CAMPUS  - SANTA MARIA - CAMOBI,ABI - CIÊNCIAS BIOLÓGICAS,1601,RS,Cruz Alta
CAMPUS  - SANTA MARIA - CAMOBI,ABI - CIÊNCIAS BIOLÓGICAS,1601,RS,Santa Maria
CAMPUS  - SANTA MARIA - CAMOBI,ABI - CIÊNCIAS BIOLÓGICAS,1601,RS,Santa Maria
CAMPUS  - SANTA MARIA - CAMOBI,ABI - CIÊNCIAS BIOLÓGICAS,1601,RS,Santa Maria
CAMPUS  - SANTA MARIA - CAMOBI,ABI - CIÊNCIAS BIOLÓGICAS,1601,RJ,Rio de Janeiro
CAMPUS  - SANTA MARIA - CAMOBI,ABI - CIÊNCIAS BIOLÓGICAS,1601,RS,Venâncio Aires
CAMPUS  - SANTA MARIA - CAMOBI,ABI - CIÊNCIAS BIOLÓGICAS,1601,RS,Rosário do Sul
CAMPUS  - SANTA MARIA - CAMOBI,ABI - CIÊNCIAS BIOLÓGICAS,1601,RS,São Martinho
CAMPUS  - SANTA MARIA - CAMOBI,ABI - CIÊNCIAS BIOLÓGICAS,1601,RS,Bagé
CAMPUS  - SANTA MARIA - CAMOBI,ABI - CIÊNCIAS BIOLÓGICAS,1601,RS,Cachoeira do Sul
CAMPUS  - SANTA MARIA - CAMOBI,ADMINISTRAÇÃO,1,RS,São Sepé
CAMPUS  - SANTA MARIA - CAMOBI,ADMINISTRAÇÃO,1,RS,Santa Maria
CAMPUS  - SANTA MARIA - CAMOBI,ADMINISTRAÇÃO,1,RS,Restinga Seca
CAMPUS  - SANTA MARIA - CAMOBI,ADMINISTRAÇÃO,1,RS,Santa Maria
CAMPUS DE PALMEIRA DAS MISSÕES,ADMINISTRAÇÃO,1,RS,Rosário do Sul
CAMPUS  - SANTA MARIA - CAMOBI,ADMINISTRAÇÃO,1,RS,Santa Maria
CAMPUS  - SANTA MARIA - CAMOBI,ADMINISTRAÇÃO,1,RS,Santa Maria
CAMPUS  - SANTA MARIA - CAMOBI,ADMINISTRAÇÃO,1,RS,Cruz Alta
CAMPUS  - SANTA MARIA - CAMOBI,ADMINISTRAÇÃO,1,SP,São Bernardo do Campo
CAMPUS  - SANTA MARIA - CAMOBI,ADMINISTRAÇÃO,1,RS,Santa Maria
CAMPUS  - SANTA MARIA - CAMOBI,ADMINISTRAÇÃO,1,RS,Santa Maria
CAMPUS DE PALMEIRA DAS MISSÕES,ADMINISTRAÇÃO,1,RS,São Sepé
CAMPUS DE PALMEIRA DAS MISSÕES,ADMINISTRAÇÃO,1,RS,Palmeira das Missões
CAMPUS  - SANTA MARIA - CAMOBI,ADMINISTRAÇÃO,1,RS,Santa Maria
CAMPUS  - SANTA MARIA - CAMOBI,ADMINISTRAÇÃO,1,RS,Santa Maria
CAMPUS  - SANTA MARIA - CAMOBI,ADMINISTRAÇÃO,1,RS,Santa Maria
CAMPUS DE PALMEIRA DAS MISSÕES,ADMINISTRAÇÃO,1,SP,São Paulo
CAMPUS  - SANTA MARIA - CAMOBI,ADMINISTRAÇÃO,1,RS,Santa Maria
CAMPUS  - SANTA MARIA - CAMOBI,ADMINISTRAÇÃO,1,RS,Santa Maria
CAMPUS  - SANTA MARIA - CAMOBI,AGRONOMIA,17,RS,Cachoeira do Sul
CAMPUS  - SANTA MARIA - CAMOBI,AGRONOMIA,17,RS,Santa Maria
CAMPUS  - SANTA MARIA - CAMOBI,AGRONOMIA,17,RS,Santa Maria
CAMPUS  - SANTA MARIA - CAMOBI,AGRONOMIA,17,RS,Vale do Sol
CAMPUS  - SANTA MARIA - CAMOBI,AGRONOMIA,17,RS,Tuparendi
CAMPUS  - SANTA MARIA - CAMOBI,AGRONOMIA,17,RS,Quaraí
CAMPUS  - SANTA MARIA - CAMOBI,AGRONOMIA,17,RS,Boa Vista das Missões
CAMPUS  - SANTA MARIA - CAMOBI,AGRONOMIA,17,RS,Santa Maria
CAMPUS  - SANTA MARIA - CAMOBI,AGRONOMIA,17,RS,Santa Maria
CAMPUS  - SANTA MARIA - CAMOBI,AGRONOMIA,17,SP,São Paulo
CAMPUS  - SANTA MARIA - CAMOBI,AGRONOMIA,17,RS,Santa Maria
CAMPUS  - SANTA MARIA - CAMOBI,AGRONOMIA,17,RS,Giruá
CAMPUS  - SANTA MARIA - CAMOBI,AGRONOMIA,17,RS,Santa Rosa
CAMPUS  - SANTA MARIA - CAMOBI,AGRONOMIA,17,RS,Tupanciretã
CAMPUS  - SANTA MARIA - CAMOBI,AGRONOMIA,17,RS,Lajeado
CAMPUS  - SANTA MARIA - CAMOBI,AGRONOMIA,17,RS,Dona Francisca
CAMPUS  - SANTA MARIA - CAMOBI,AGRONOMIA,17,RS,Alecrim
CAMPUS  - SANTA MARIA - CAMOBI,AGRONOMIA,17,RS,Santa Maria
CAMPUS  - SANTA MARIA - CAMOBI,AGRONOMIA,17,RS,Boa Vista do Buricá
CAMPUS  - SANTA MARIA - CAMOBI,AGRONOMIA,17,RS,Maquiné
CAMPUS  - SANTA MARIA - CAMOBI,AGRONOMIA,17,RS,Santa Maria
CAMPUS  - SANTA MARIA - CAMOBI,AGRONOMIA,17,RS,Santa Maria
CAMPUS  - SANTA MARIA - CAMOBI,AGRONOMIA,17,RS,Júlio de Castilhos
CAMPUS  - SANTA MARIA - CAMOBI,AGRONOMIA,17,RS,Júlio de Castilhos
CAMPUS  - SANTA MARIA - CAMOBI,AGRONOMIA,17,RS,Santa Maria
CAMPUS  - SANTA MARIA - CAMOBI,AGRONOMIA,17,RS,São Gabriel
CAMPUS  - SANTA MARIA - CAMOBI,AGRONOMIA,17,RS,Restinga Seca
CAMPUS  - SANTA MARIA - CAMOBI,AGRONOMIA,17,RS,Santa Maria
CAMPUS  - SANTA MARIA - CAMOBI,AGRONOMIA,17,RS,Santa Maria
CAMPUS  - SANTA MARIA - CAMOBI,ALIMENTOS,0,RS,Pejuçara
CAMPUS  - SANTA MARIA - CAMOBI,ALIMENTOS,0,RS,Santa Maria
CAMPUS  - SANTA MARIA - CAMOBI,ALIMENTOS,0,RS,Santa Maria
CAMPUS  - SANTA MARIA - CAMOBI,ALIMENTOS,0,RS,Santa Maria
CAMPUS  - SANTA MARIA - CAMOBI,ALIMENTOS,0,RS,Santa Maria
CAMPUS  - SANTA MARIA - CAMOBI,ALIMENTOS,0,RS,Santa Maria
CAMPUS  - SANTA MARIA - CAMOBI,ALIMENTOS,0,RS,Santa Maria
CAMPUS  - SANTA MARIA - CAMOBI,ALIMENTOS,0,RS,Santa Maria
CAMPUS  - SANTA MARIA - CAMOBI,ALIMENTOS,0,RS,Santa Maria
CAMPUS  - SANTA MARIA - CAMOBI,ALIMENTOS,0,RS,Santa Maria
CAMPUS  - SANTA MARIA - CAMOBI,ALIMENTOS,0,RS,Santa Maria
CAMPUS  - SANTA MARIA - CAMOBI,ALIMENTOS,0,RS,Santa Maria
CAMPUS  - SANTA MARIA - CAMOBI,ALIMENTOS,0,RS,Santa Maria
CAMPUS  - SANTA MARIA - CAMOBI,ALIMENTOS,0,RS,Santa Maria
CAMPUS  - SANTA MARIA - CAMOBI,ALIMENTOS,0,RS,Santa Maria
CAMPUS  - SANTA MARIA - CAMOBI,ALIMENTOS,0,RS,Santa Maria
CAMPUS  - SANTA MARIA - CAMOBI,ARQUITETURA E URBANISMO,21,RS,Restinga Seca
CAMPUS  - SANTA MARIA - CAMOBI,ARQUITETURA E URBANISMO,21,RS,Santa Maria
CAMPUS  - SANTA MARIA - CAMOBI,ARQUITETURA E URBANISMO,21,SP,São Paulo
CAMPUS  - SANTA MARIA - CAMOBI,ARQUITETURA E URBANISMO,21,RS,Santa Maria
CAMPUS  - SANTA MARIA - CAMOBI,ARQUITETURA E URBANISMO,21,RS,Santa Maria
CAMPUS  - SANTA MARIA - CAMOBI,ARQUITETURA E URBANISMO,21,RS,São Gabriel
CAMPUS  - SANTA MARIA - CAMOBI,ARQUITETURA E URBANISMO,21,RS,Porto Alegre
CAMPUS  - SANTA MARIA - CAMOBI,ARQUITETURA E URBANISMO,21,RS,Ibirubá
CAMPUS  - SANTA MARIA - CAMOBI,ARQUITETURA E URBANISMO,21,RS,Faxinal do Soturno
CAMPUS  - SANTA MARIA - CAMOBI,ARQUITETURA E URBANISMO,21,RS,Santa Maria
CAMPUS  - SANTA MARIA - CAMOBI,ARQUITETURA E URBANISMO,21,RS,Santa Maria
CAMPUS  - SANTA MARIA - CAMOBI,ARQUIVOLOGIA,65,RS,Santa Maria
CAMPUS  - SANTA MARIA - CAMOBI,ARQUIVOLOGIA,65,MS,Campo Grande
CAMPUS  - SANTA MARIA - CAMOBI,ARQUIVOLOGIA,65,RS,São Pedro do Sul
CAMPUS  - SANTA MARIA - CAMOBI,ARQUIVOLOGIA,65,RS,Santa Maria
CAMPUS  - SANTA MARIA - CAMOBI,ARQUIVOLOGIA,65,RS,Santa Maria
CAMPUS  - SANTA MARIA - CAMOBI,ARQUIVOLOGIA,65,RS,Santa Maria
CAMPUS  - SANTA MARIA - CAMOBI,ARQUIVOLOGIA,65,RS,Santa Maria
CAMPUS  - SANTA MARIA - CAMOBI,ARQUIVOLOGIA,65,RS,Santa Maria
CAMPUS  - SANTA MARIA - CAMOBI,ARQUIVOLOGIA,65,RS,Santa Maria
CAMPUS  - SANTA MARIA - CAMOBI,ARQUIVOLOGIA,65,RS,Santa Maria
CAMPUS  - SANTA MARIA - CAMOBI,ARQUIVOLOGIA,65,RS,Santa Maria
CAMPUS  - SANTA MARIA - CAMOBI,ARTES VISUAIS,2501,RS,São Vicente do Sul
CAMPUS  - SANTA MARIA - CAMOBI,ARTES VISUAIS,2501,RS,Santa Maria
CAMPUS  - SANTA MARIA - CAMOBI,ARTES VISUAIS,2501,RS,Santa Maria
CAMPUS  - SANTA MARIA - CAMOBI,ARTES VISUAIS,2501,RS,Santa Maria
CAMPUS  - SANTA MARIA - CAMOBI,ARTES VISUAIS,2501,RS,Ijuí
CAMPUS  - SANTA MARIA - CAMOBI,ARTES VISUAIS,2501,RS,Canoas
CAMPUS  - SANTA MARIA - CAMOBI,CIÊNCIA DA COMPUTAÇÃO,4004,RS,Santa Maria
CAMPUS  - SANTA MARIA - CAMOBI,CIÊNCIA DA COMPUTAÇÃO,4004,RS,Santa Maria
CAMPUS  - SANTA MARIA - CAMOBI,CIÊNCIA DA COMPUTAÇÃO,4004,RS,Santa Maria
CAMPUS  - SANTA MARIA - CAMOBI,CIÊNCIA DA COMPUTAÇÃO,4004,RS,Sant'Ana do Livramento
CAMPUS  - SANTA MARIA - CAMOBI,CIÊNCIA DA COMPUTAÇÃO,4004,PR,Quedas do Iguaçu
CAMPUS  - SANTA MARIA - CAMOBI,CIÊNCIA DA COMPUTAÇÃO,4004,RS,Santa Maria
CAMPUS  - SANTA MARIA - CAMOBI,CIÊNCIA DA COMPUTAÇÃO,4004,RS,Esperança do Sul
CAMPUS  - SANTA MARIA - CAMOBI,CIÊNCIA DA COMPUTAÇÃO,4004,RS,Santo Ângelo
CAMPUS  - SANTA MARIA - CAMOBI,CIÊNCIA DA COMPUTAÇÃO,4004,RS,Santa Maria
CAMPUS  - SANTA MARIA - CAMOBI,CIÊNCIA DA COMPUTAÇÃO,4004,RS,Santa Maria
CAMPUS  - SANTA MARIA - CAMOBI,CIÊNCIA DA COMPUTAÇÃO,4004,RS,São Gabriel
CAMPUS  - SANTA MARIA - CAMOBI,CIÊNCIA DA COMPUTAÇÃO,4004,RS,Sant'Ana do Livramento
CAMPUS  - SANTA MARIA - CAMOBI,CIÊNCIA DA COMPUTAÇÃO,4004,RS,Itaara
CAMPUS  - SANTA MARIA - CAMOBI,CIÊNCIA DA COMPUTAÇÃO,4004,RS,Porto Alegre
CAMPUS  - SANTA MARIA - CAMOBI,CIÊNCIA DA COMPUTAÇÃO,4004,SP,São Paulo
CAMPUS  - SANTA MARIA - CAMOBI,CIÊNCIA DA COMPUTAÇÃO,4004,RS,Porto Alegre
CAMPUS  - SANTA MARIA - CAMOBI,CIÊNCIA DA COMPUTAÇÃO,4004,RS,Santa Maria
CAMPUS  - SANTA MARIA - CAMOBI,CIÊNCIA DA COMPUTAÇÃO,4004,RS,Santa Maria
CAMPUS  - SANTA MARIA - CAMOBI,CIÊNCIAS CONTÁBEIS,22,SC,Campos Novos
CAMPUS  - SANTA MARIA - CAMOBI,CIÊNCIAS CONTÁBEIS,22,RS,Santa Maria
CAMPUS  - SANTA MARIA - CAMOBI,CIÊNCIAS CONTÁBEIS,22,RS,Silveira Martins
CAMPUS  - SANTA MARIA - CAMOBI,CIÊNCIAS CONTÁBEIS,22,RS,Alvorada
CAMPUS  - SANTA MARIA - CAMOBI,CIÊNCIAS CONTÁBEIS,22,RS,Santa Maria
CAMPUS  - SANTA MARIA - CAMOBI,CIÊNCIAS CONTÁBEIS,22,RS,Santa Maria
CAMPUS  - SANTA MARIA - CAMOBI,CIÊNCIAS CONTÁBEIS,22,RS,Santa Maria
CAMPUS  - SANTA MARIA - CAMOBI,CIÊNCIAS CONTÁBEIS,22,RS,Santa Maria
CAMPUS  - SANTA MARIA - CAMOBI,CIÊNCIAS CONTÁBEIS,22,RS,Encruzilhada do Sul
CAMPUS  - SANTA MARIA - CAMOBI,CIÊNCIAS CONTÁBEIS,22,RS,Santa Maria
CAMPUS  - SANTA MARIA - CAMOBI,CIÊNCIAS CONTÁBEIS,22,RS,Santa Maria
CAMPUS  - SANTA MARIA - CAMOBI,CIÊNCIAS CONTÁBEIS,22,RS,Agudo
CAMPUS  - SANTA MARIA - CAMOBI,CIÊNCIAS CONTÁBEIS,22,RS,Sapucaia do Sul
CAMPUS  - SANTA MARIA - CAMOBI,CIÊNCIAS CONTÁBEIS,22,RS,Santa Maria
CAMPUS  - SANTA MARIA - CAMOBI,CIÊNCIAS CONTÁBEIS,22,RS,Mata
CAMPUS  - SANTA MARIA - CAMOBI,CIÊNCIAS CONTÁBEIS,22,RS,Nova Palma
CAMPUS  - SANTA MARIA - CAMOBI,CIÊNCIAS CONTÁBEIS,22,RS,Santa Maria
CAMPUS  - SANTA MARIA - CAMOBI,CIÊNCIAS ECONÔMICAS,13,RS,Santa Maria
CAMPUS  - SANTA MARIA - CAMOBI,CIÊNCIAS ECONÔMICAS,13,RS,Santa Maria
CAMPUS  - SANTA MARIA - CAMOBI,CIÊNCIAS ECONÔMICAS,13,RS,Porto Alegre
CAMPUS  - SANTA MARIA - CAMOBI,CIÊNCIAS ECONÔMICAS,13,RS,Santa Maria
CAMPUS  - SANTA MARIA - CAMOBI,CIÊNCIAS ECONÔMICAS,13,RS,Três Passos
CAMPUS  - SANTA MARIA - CAMOBI,CIÊNCIAS ECONÔMICAS,13,RS,Estância Velha
CAMPUS  - SANTA MARIA - CAMOBI,CIÊNCIAS ECONÔMICAS,13,RS,Gravataí
CAMPUS  - SANTA MARIA - CAMOBI,CIÊNCIAS ECONÔMICAS,13,RS,São Borja
CAMPUS  - SANTA MARIA - CAMOBI,CIÊNCIAS ECONÔMICAS,13,RS,Santa Maria
CAMPUS  - SANTA MARIA - CAMOBI,CIÊNCIAS ECONÔMICAS,13,PR,Curitiba
CAMPUS  - SANTA MARIA - CAMOBI,CIÊNCIAS ECONÔMICAS,13,RS,Santa Maria
CAMPUS  - SANTA MARIA - CAMOBI,CIÊNCIAS SOCIAIS,5401,RS,Santa Maria
CAMPUS  - SANTA MARIA - CAMOBI,CIÊNCIAS SOCIAIS,5401,RS,Santa Maria
CAMPUS  - SANTA MARIA - CAMOBI,CIÊNCIAS SOCIAIS,5401,RS,Santa Maria
CAMPUS  - SANTA MARIA - CAMOBI,CIÊNCIAS SOCIAIS,5401,RS,Santa Maria
CAMPUS  - SANTA MARIA - CAMOBI,CIÊNCIAS SOCIAIS,5401,RS,Sant'Ana do Livramento
CAMPUS  - SANTA MARIA - CAMOBI,CIÊNCIAS SOCIAIS,5401,RS,Santa Maria
CAMPUS  - SANTA MARIA - CAMOBI,CIÊNCIAS SOCIAIS,5401,MG,Três Corações
CAMPUS  - SANTA MARIA - CAMOBI,CIÊNCIAS SOCIAIS,5401,RS,Santa Maria
CAMPUS  - SANTA MARIA - CAMOBI,CIÊNCIAS SOCIAIS,5401,RS,Palmeira das Missões
CAMPUS  - SANTA MARIA - CAMOBI,CIÊNCIAS SOCIAIS,5401,RS,Formigueiro
CAMPUS  - SANTA MARIA - CAMOBI,CIÊNCIAS SOCIAIS,5401,RS,Passo Fundo
CAMPUS  - SANTA MARIA - CAMOBI,CIÊNCIAS SOCIAIS,5401,RS,Santa Maria
CAMPUS  - SANTA MARIA - CAMOBI,CIÊNCIAS SOCIAIS,5401,RS,Santa Maria
CAMPUS  - SANTA MARIA - CAMOBI,CIÊNCIAS SOCIAIS,5401,RS,Santa Maria
CAMPUS  - SANTA MARIA - CAMOBI,CIÊNCIAS SOCIAIS,5401,RS,Santa Maria
CAMPUS  - SANTA MARIA - CAMOBI,CIÊNCIAS SOCIAIS,5402,RS,Guaporé
CAMPUS  - SANTA MARIA - CAMOBI,CIÊNCIAS SOCIAIS,5402,RS,Santa Maria
CAMPUS  - SANTA MARIA - CAMOBI,CIÊNCIAS SOCIAIS,5402,PR,Capitão Leônidas Marques
CAMPUS  - SANTA MARIA - CAMOBI,CIÊNCIAS SOCIAIS,5402,SP,São José dos Campos
CAMPUS  - SANTA MARIA - CAMOBI,CIÊNCIAS SOCIAIS,5402,RS,Santa Rosa
CAMPUS  - SANTA MARIA - CAMOBI,CIÊNCIAS SOCIAIS,5402,RS,Santa Maria
CAMPUS  - SANTA MARIA - CAMOBI,CIÊNCIAS SOCIAIS,5402,RS,Tupanciretã
CAMPUS  - SANTA MARIA - CAMOBI,CIÊNCIAS SOCIAIS,5402,RS,Santa Maria
CAMPUS  - SANTA MARIA - CAMOBI,CIÊNCIAS SOCIAIS,5402,RS,Santa Maria
CAMPUS  - SANTA MARIA - CAMOBI,CIÊNCIAS SOCIAIS,5402,RS,Santa Maria
CAMPUS  - SANTA MARIA - CAMOBI,CIÊNCIAS SOCIAIS,5402,RS,Panambi
CAMPUS  - SANTA MARIA - CAMOBI,CIÊNCIAS SOCIAIS,5402,RS,Venâncio Aires
CAMPUS  - SANTA MARIA - CAMOBI,CIÊNCIAS SOCIAIS,5402,RS,Alegrete
CAMPUS  - SANTA MARIA - CAMOBI,CIÊNCIAS SOCIAIS,5402,RS,Novo Hamburgo
CAMPUS  - SANTA MARIA - CAMOBI,CIÊNCIAS SOCIAIS,5402,RS,Caxias do Sul
CAMPUS  - SANTA MARIA - CAMOBI,COMUNICAÇÃO SOCIAL,8,RS,Santa Maria
CAMPUS  - SANTA MARIA - CAMOBI,COMUNICAÇÃO SOCIAL,8,RS,Santa Maria
CAMPUS  - SANTA MARIA - CAMOBI,COMUNICAÇÃO SOCIAL,8,MT,Alta Floresta
CAMPUS  - SANTA MARIA - CAMOBI,COMUNICAÇÃO SOCIAL,8,RS,Santa Maria
CAMPUS  - SANTA MARIA - CAMOBI,COMUNICAÇÃO SOCIAL,8,SP,Santo André
CAMPUS  - SANTA MARIA - CAMOBI,COMUNICAÇÃO SOCIAL,8,RS,Santa Maria
CAMPUS  - SANTA MARIA - CAMOBI,COMUNICAÇÃO SOCIAL,8,SP,São Vicente
CAMPUS  - SANTA MARIA - CAMOBI,COMUNICAÇÃO SOCIAL,8,PR,Umuarama
CAMPUS  - SANTA MARIA - CAMOBI,COMUNICAÇÃO SOCIAL,8,RS,São Gabriel
CAMPUS  - SANTA MARIA - CAMOBI,COMUNICAÇÃO SOCIAL,8,RS,Charqueadas
CAMPUS  - SANTA MARIA - CAMOBI,COMUNICAÇÃO SOCIAL,8,SP,São Paulo
CAMPUS  - SANTA MARIA - CAMOBI,COMUNICAÇÃO SOCIAL - JORNALISMO,803,RS,Osório
CAMPUS  - SANTA MARIA - CAMOBI,COMUNICAÇÃO SOCIAL - JORNALISMO,803,MT,Cuiabá
CAMPUS  - SANTA MARIA - CAMOBI,COMUNICAÇÃO SOCIAL - JORNALISMO,803,RS,Aratiba
CAMPUS  - SANTA MARIA - CAMOBI,COMUNICAÇÃO SOCIAL - JORNALISMO,803,RS,Cândido Godói
CAMPUS  - SANTA MARIA - CAMOBI,COMUNICAÇÃO SOCIAL - JORNALISMO,803,RS,Cândido Godói
CAMPUS  - SANTA MARIA - CAMOBI,COMUNICAÇÃO SOCIAL - JORNALISMO,803,RS,Cachoeira do Sul
CAMPUS  - SANTA MARIA - CAMOBI,COMUNICAÇÃO SOCIAL - JORNALISMO,803,RS,Santa Rosa
CAMPUS  - SANTA MARIA - CAMOBI,COMUNICAÇÃO SOCIAL - JORNALISMO,803,RS,Santa Maria
CAMPUS  - SANTA MARIA - CAMOBI,COMUNICAÇÃO SOCIAL - JORNALISMO,803,RS,Agudo
CAMPUS  - SANTA MARIA - CAMOBI,COMUNICAÇÃO SOCIAL - JORNALISMO,803,PR,Toledo
CAMPUS  - SANTA MARIA - CAMOBI,COMUNICAÇÃO SOCIAL - JORNALISMO,803,RS,Uruguaiana
CAMPUS  - SANTA MARIA - CAMOBI,COMUNICAÇÃO SOCIAL - JORNALISMO,803,SP,São José do Rio Preto
CAMPUS  - SANTA MARIA - CAMOBI,COMUNICAÇÃO SOCIAL - JORNALISMO,803,RS,Santa Maria
CAMPUS  - SANTA MARIA - CAMOBI,COMUNICAÇÃO SOCIAL - JORNALISMO,803,SP,Suzano
CAMPUS  - SANTA MARIA - CAMOBI,COMUNICAÇÃO SOCIAL - JORNALISMO,803,PR,Francisco Beltrão
CAMPUS  - SANTA MARIA - CAMOBI,COMUNICAÇÃO SOCIAL - JORNALISMO,803,RS,Bento Gonçalves
CAMPUS  - SANTA MARIA - CAMOBI,COMUNICAÇÃO SOCIAL - PUBLICIDADE E PROPAGANDA,804,SP,Indaiatuba
CAMPUS  - SANTA MARIA - CAMOBI,COMUNICAÇÃO SOCIAL - PUBLICIDADE E PROPAGANDA,804,RS,Ijuí
CAMPUS  - SANTA MARIA - CAMOBI,COMUNICAÇÃO SOCIAL - PUBLICIDADE E PROPAGANDA,804,RS,Santa Maria
CAMPUS  - SANTA MARIA - CAMOBI,COMUNICAÇÃO SOCIAL - PUBLICIDADE E PROPAGANDA,804,RS,Santa Maria
CAMPUS  - SANTA MARIA - CAMOBI,COMUNICAÇÃO SOCIAL - PUBLICIDADE E PROPAGANDA,804,RS,Porto Alegre
CAMPUS  - SANTA MARIA - CAMOBI,COMUNICAÇÃO SOCIAL - PUBLICIDADE E PROPAGANDA,804,RS,Santa Maria
CAMPUS  - SANTA MARIA - CAMOBI,COMUNICAÇÃO SOCIAL - PUBLICIDADE E PROPAGANDA,804,RS,Santa Maria
CAMPUS  - SANTA MARIA - CAMOBI,COMUNICAÇÃO SOCIAL - PUBLICIDADE E PROPAGANDA,804,RS,Santa Cruz do Sul
CAMPUS  - SANTA MARIA - CAMOBI,COMUNICAÇÃO SOCIAL - PUBLICIDADE E PROPAGANDA,804,RS,Santa Maria
CAMPUS  - SANTA MARIA - CAMOBI,COMUNICAÇÃO SOCIAL - PUBLICIDADE E PROPAGANDA,804,RS,São Sepé
CAMPUS  - SANTA MARIA - CAMOBI,COMUNICAÇÃO SOCIAL - RELAÇÕES PÚBLICAS,0,RS,Faxinal do Soturno
CAMPUS  - SANTA MARIA - CAMOBI,COMUNICAÇÃO SOCIAL - RELAÇÕES PÚBLICAS,0,RS,Teutônia
CAMPUS  - SANTA MARIA - CAMOBI,COMUNICAÇÃO SOCIAL - RELAÇÕES PÚBLICAS,0,RS,Santa Maria
CAMPUS  - SANTA MARIA - CAMOBI,COMUNICAÇÃO SOCIAL - RELAÇÕES PÚBLICAS,0,RS,Santa Maria
CAMPUS  - SANTA MARIA - CAMOBI,COMUNICAÇÃO SOCIAL - RELAÇÕES PÚBLICAS,0,RS,Tuparendi
CAMPUS  - SANTA MARIA - CAMOBI,COMUNICAÇÃO SOCIAL - RELAÇÕES PÚBLICAS,0,RS,Caxias do Sul
CAMPUS  - SANTA MARIA - CAMOBI,COMUNICAÇÃO SOCIAL - RELAÇÕES PÚBLICAS,0,RS,Cacequi
CAMPUS  - SANTA MARIA - CAMOBI,COMUNICAÇÃO SOCIAL - RELAÇÕES PÚBLICAS,0,RS,Santa Maria
CAMPUS  - SANTA MARIA - CAMOBI,COMUNICAÇÃO SOCIAL - RELAÇÕES PÚBLICAS,0,RS,São Pedro do Sul
CAMPUS  - SANTA MARIA - CAMOBI,COMUNICAÇÃO SOCIAL - RELAÇÕES PÚBLICAS,0,RS,Santa Maria
CAMPUS  - SANTA MARIA - CAMOBI,DANÇA,0,RS,Cachoeira do Sul
CAMPUS  - SANTA MARIA - CAMOBI,DANÇA,0,RS,São Borja
CAMPUS  - SANTA MARIA - CAMOBI,DANÇA,0,RS,Santa Maria
CAMPUS  - SANTA MARIA - CAMOBI,DESENHO INDUSTRIAL,0,RS,Santa Maria
CAMPUS  - SANTA MARIA - CAMOBI,DESENHO INDUSTRIAL,0,RS,Santa Maria
CAMPUS  - SANTA MARIA - CAMOBI,DESENHO INDUSTRIAL,0,SP,Jaú
CAMPUS  - SANTA MARIA - CAMOBI,DESENHO INDUSTRIAL,0,RS,Santa Maria
CAMPUS  - SANTA MARIA - CAMOBI,DESENHO INDUSTRIAL,0,RS,São Francisco de Assis
CAMPUS  - SANTA MARIA - CAMOBI,DESENHO INDUSTRIAL,0,RS,Santa Maria
CAMPUS  - SANTA MARIA - CAMOBI,DESENHO INDUSTRIAL,0,RS,Santa Maria
CAMPUS  - SANTA MARIA - CAMOBI,DESENHO INDUSTRIAL,0,RS,Santa Maria
CAMPUS  - SANTA MARIA - CAMOBI,DESENHO INDUSTRIAL,0,RS,Santa Maria
CAMPUS  - SANTA MARIA - CAMOBI,DESENHO INDUSTRIAL,0,RS,São Luiz Gonzaga
CAMPUS  - SANTA MARIA - CAMOBI,DESENHO INDUSTRIAL,0,RS,Santa Rosa
CAMPUS  - SANTA MARIA - CAMOBI,DESENHO INDUSTRIAL,0,RS,Santa Maria
CAMPUS  - SANTA MARIA - CAMOBI,DESENHO INDUSTRIAL,0,RS,Santa Maria
CAMPUS  - SANTA MARIA - CAMOBI,DIREITO,2,RS,Santa Maria
CAMPUS  - SANTA MARIA - CAMOBI,DIREITO,2,RS,Uruguaiana
CAMPUS  - SANTA MARIA - CAMOBI,DIREITO,2,RS,Santa Maria
CAMPUS  - SANTA MARIA - CAMOBI,DIREITO,2,RS,Santa Maria
CAMPUS  - SANTA MARIA - CAMOBI,DIREITO,2,RS,Santa Maria
CAMPUS  - SANTA MARIA - CAMOBI,DIREITO,2,RS,Panambi
CAMPUS  - SANTA MARIA - CAMOBI,DIREITO,2,RS,Alecrim
CAMPUS  - SANTA MARIA - CAMOBI,DIREITO,2,RS,Santa Maria
CAMPUS  - SANTA MARIA - CAMOBI,DIREITO,2,RS,Santa Maria
CAMPUS  - SANTA MARIA - CAMOBI,DIREITO,2,RS,Santa Maria
CAMPUS  - SANTA MARIA - CAMOBI,DIREITO,2,RS,Santa Maria
CAMPUS  - SANTA MARIA - CAMOBI,DIREITO,2,RS,Santa Maria
CAMPUS  - SANTA MARIA - CAMOBI,DIREITO,2,RS,Panambi
CAMPUS  - SANTA MARIA - CAMOBI,DIREITO,2,RS,São Pedro do Sul
CAMPUS  - SANTA MARIA - CAMOBI,DIREITO,2,RS,Santa Maria
CAMPUS  - SANTA MARIA - CAMOBI,EDUCAÇÃO ESPECIAL,0,RS,Santa Maria
CAMPUS  - SANTA MARIA - CAMOBI,EDUCAÇÃO ESPECIAL,0,RS,Quevedos
CAMPUS  - SANTA MARIA - CAMOBI,EDUCAÇÃO ESPECIAL,0,RS,Agudo
CAMPUS  - SANTA MARIA - CAMOBI,EDUCAÇÃO ESPECIAL,0,RS,Santa Maria
CAMPUS  - SANTA MARIA - CAMOBI,EDUCAÇÃO ESPECIAL,0,RS,Santa Maria
CAMPUS  - SANTA MARIA - CAMOBI,EDUCAÇÃO ESPECIAL,0,RS,Santa Maria
CAMPUS  - SANTA MARIA - CAMOBI,EDUCAÇÃO ESPECIAL,0,RS,São Sepé
CAMPUS  - SANTA MARIA - CAMOBI,EDUCAÇÃO ESPECIAL,0,RS,Santa Maria
CAMPUS  - SANTA MARIA - CAMOBI,EDUCAÇÃO ESPECIAL,0,RS,Santa Maria
CAMPUS  - SANTA MARIA - CAMOBI,EDUCAÇÃO ESPECIAL,0,RS,Santa Maria
CAMPUS  - SANTA MARIA - CAMOBI,EDUCAÇÃO ESPECIAL,0,RS,Santa Maria
CAMPUS  - SANTA MARIA - CAMOBI,EDUCAÇÃO ESPECIAL,0,SP,Santo André
CAMPUS  - SANTA MARIA - CAMOBI,EDUCAÇÃO ESPECIAL,0,RS,Santa Maria
CAMPUS  - SANTA MARIA - CAMOBI,EDUCAÇÃO ESPECIAL,0,RS,Santa Maria
CAMPUS  - SANTA MARIA - CAMOBI,EDUCAÇÃO ESPECIAL,0,RS,Palmeira das Missões
CAMPUS  - SANTA MARIA - CAMOBI,EDUCAÇÃO ESPECIAL,0,RS,Júlio de Castilhos
CAMPUS  - SANTA MARIA - CAMOBI,EDUCAÇÃO ESPECIAL,0,RS,Santa Maria
CAMPUS  - SANTA MARIA - CAMOBI,EDUCAÇÃO ESPECIAL,0,RS,Santa Maria
CAMPUS  - SANTA MARIA - CAMOBI,EDUCAÇÃO ESPECIAL,0,RS,Quevedos
CAMPUS  - SANTA MARIA - CAMOBI,EDUCAÇÃO FÍSICA,0,RS,Santa Maria
CAMPUS  - SANTA MARIA - CAMOBI,EDUCAÇÃO FÍSICA,0,RS,Lajeado
CAMPUS  - SANTA MARIA - CAMOBI,EDUCAÇÃO FÍSICA,0,RS,Tupanciretã
CAMPUS  - SANTA MARIA - CAMOBI,EDUCAÇÃO FÍSICA,0,RS,Santa Maria
CAMPUS  - SANTA MARIA - CAMOBI,EDUCAÇÃO FÍSICA,0,RS,Santa Maria
CAMPUS  - SANTA MARIA - CAMOBI,EDUCAÇÃO FÍSICA,0,SC,Gaspar
CAMPUS  - SANTA MARIA - CAMOBI,EDUCAÇÃO FÍSICA,0,RS,Santa Maria
CAMPUS  - SANTA MARIA - CAMOBI,EDUCAÇÃO FÍSICA,0,RS,Santa Maria
CAMPUS  - SANTA MARIA - CAMOBI,EDUCAÇÃO FÍSICA,0,RS,Santa Maria
CAMPUS  - SANTA MARIA - CAMOBI,EDUCAÇÃO FÍSICA,0,RS,Itaqui
CAMPUS  - SANTA MARIA - CAMOBI,EDUCAÇÃO FÍSICA,0,RS,Santa Maria
CAMPUS  - SANTA MARIA - CAMOBI,EDUCAÇÃO FÍSICA,0,RS,Cachoeira do Sul
CAMPUS  - SANTA MARIA - CAMOBI,EDUCAÇÃO FÍSICA,0,RS,Santa Maria
CAMPUS  - SANTA MARIA - CAMOBI,EDUCAÇÃO FÍSICA,0,RS,São Luiz Gonzaga
CAMPUS  - SANTA MARIA - CAMOBI,EDUCAÇÃO FÍSICA,0,RS,Santa Maria
CAMPUS  - SANTA MARIA - CAMOBI,EDUCAÇÃO FÍSICA,0,RS,Santa Maria
CAMPUS  - SANTA MARIA - CAMOBI,EDUCAÇÃO FÍSICA,0,RS,Sobradinho
CAMPUS  - SANTA MARIA - CAMOBI,EDUCAÇÃO FÍSICA,0,RS,Lavras do Sul
CAMPUS  - SANTA MARIA - CAMOBI,EDUCAÇÃO FÍSICA,0,RS,Cruz Alta
CAMPUS  - SANTA MARIA - CAMOBI,EDUCAÇÃO FÍSICA,0,RS,Santa Maria
CAMPUS  - SANTA MARIA - CAMOBI,EDUCAÇÃO FÍSICA,0,RS,Santa Maria
CAMPUS  - SANTA MARIA - CAMOBI,EDUCAÇÃO FÍSICA,0,RS,Encruzilhada do Sul
CAMPUS  - SANTA MARIA - CAMOBI,ENFERMAGEM,23,RS,Santa Maria
CAMPUS  - SANTA MARIA - CAMOBI,ENFERMAGEM,23,RS,Santa Maria
CAMPUS  - SANTA MARIA - CAMOBI,ENFERMAGEM,23,RS,Santa Maria
CAMPUS  - SANTA MARIA - CAMOBI,ENFERMAGEM,23,RS,Alegrete
CAMPUS  - SANTA MARIA - CAMOBI,ENFERMAGEM,23,RS,Santa Maria
CAMPUS  - SANTA MARIA - CAMOBI,ENFERMAGEM,23,RS,Uruguaiana
CAMPUS  - SANTA MARIA - CAMOBI,ENFERMAGEM,23,RS,Dom Pedrito
CAMPUS  - SANTA MARIA - CAMOBI,ENFERMAGEM,23,RS,Santa Maria
CAMPUS  - SANTA MARIA - CAMOBI,ENFERMAGEM,23,RS,Santa Maria
CAMPUS  - SANTA MARIA - CAMOBI,ENFERMAGEM,23,RS,Santa Cruz do Sul
CAMPUS  - SANTA MARIA - CAMOBI,ENFERMAGEM,23,RS,Santa Maria
CAMPUS  - SANTA MARIA - CAMOBI,ENFERMAGEM,23,RS,Santa Maria
CAMPUS  - SANTA MARIA - CAMOBI,ENGENHARIA AEROESPACIAL,0,RS,São Sepé
CAMPUS  - SANTA MARIA - CAMOBI,ENGENHARIA AEROESPACIAL,0,MT,Sinop
CAMPUS  - SANTA MARIA - CAMOBI,ENGENHARIA AEROESPACIAL,0,RS,São Leopoldo
CAMPUS  - SANTA MARIA - CAMOBI,ENGENHARIA CIVIL,5710,RS,Santa Maria
CAMPUS  - SANTA MARIA - CAMOBI,ENGENHARIA CIVIL,5710,RS,São Luiz Gonzaga
CAMPUS  - SANTA MARIA - CAMOBI,ENGENHARIA CIVIL,5710,RS,Santa Maria
CAMPUS  - SANTA MARIA - CAMOBI,ENGENHARIA CIVIL,5710,RS,Santa Maria
CAMPUS  - SANTA MARIA - CAMOBI,ENGENHARIA CIVIL,5710,GO,Rio Verde
CAMPUS  - SANTA MARIA - CAMOBI,ENGENHARIA CIVIL,5710,RS,Santa Maria
CAMPUS  - SANTA MARIA - CAMOBI,ENGENHARIA CIVIL,5710,RS,Santa Maria
CAMPUS  - SANTA MARIA - CAMOBI,ENGENHARIA CIVIL,5710,RS,Santa Maria
CAMPUS  - SANTA MARIA - CAMOBI,ENGENHARIA CIVIL,5710,RS,Santa Maria
CAMPUS  - SANTA MARIA - CAMOBI,ENGENHARIA CIVIL,5710,RS,Caxias do Sul
CAMPUS  - SANTA MARIA - CAMOBI,ENGENHARIA CIVIL,5710,RS,Santa Maria
CAMPUS  - SANTA MARIA - CAMOBI,ENGENHARIA CIVIL,5710,RS,Tiradentes do Sul
CAMPUS  - SANTA MARIA - CAMOBI,ENGENHARIA CIVIL,5710,RS,Doutor Maurício Cardoso
CAMPUS  - SANTA MARIA - CAMOBI,ENGENHARIA CIVIL,5710,RS,Santa Maria
CAMPUS  - SANTA MARIA - CAMOBI,ENGENHARIA CIVIL,5710,RS,Santa Maria
CAMPUS  - SANTA MARIA - CAMOBI,ENGENHARIA CIVIL,5710,RS,Santa Maria
CAMPUS  - SANTA MARIA - CAMOBI,ENGENHARIA DE TELECOMUNICAÇÕES,0,RS,Augusto Pestana
CAMPUS  - SANTA MARIA - CAMOBI,ENGENHARIA DE TELECOMUNICAÇÕES,0,RS,São Sepé
CAMPUS  - SANTA MARIA - CAMOBI,ENGENHARIA DE TELECOMUNICAÇÕES,0,RS,Santa Maria
CAMPUS  - SANTA MARIA - CAMOBI,ENGENHARIA DE TELECOMUNICAÇÕES,0,RS,Santa Maria
CAMPUS  - SANTA MARIA - CAMOBI,ENGENHARIA DE TELECOMUNICAÇÕES,0,RS,Pirapó
CAMPUS  - SANTA MARIA - CAMOBI,ENGENHARIA DE TELECOMUNICAÇÕES,0,RS,Boa Vista do Buricá
CAMPUS  - SANTA MARIA - CAMOBI,ENGENHARIA DE TELECOMUNICAÇÕES,0,RS,Santa Maria
CAMPUS  - SANTA MARIA - CAMOBI,ENGENHARIA DE TELECOMUNICAÇÕES,0,RS,Santa Maria
CAMPUS  - SANTA MARIA - CAMOBI,ENGENHARIA DE TELECOMUNICAÇÕES,0,RO,Porto Velho
CAMPUS  - SANTA MARIA - CAMOBI,ENGENHARIA DE TELECOMUNICAÇÕES,0,RS,Santa Maria
CAMPUS  - SANTA MARIA - CAMOBI,ENGENHARIA DE TELECOMUNICAÇÕES,0,RS,Santa Maria
CAMPUS  - SANTA MARIA - CAMOBI,ENGENHARIA DE TELECOMUNICAÇÕES,0,SP,Mogi das Cruzes
CAMPUS  - SANTA MARIA - CAMOBI,ENGENHARIA DE TELECOMUNICAÇÕES,0,RS,Santa Maria
CAMPUS  - SANTA MARIA - CAMOBI,ENGENHARIA DE TELECOMUNICAÇÕES,0,RS,São José do Hortêncio
CAMPUS  - SANTA MARIA - CAMOBI,ENGENHARIA DE TELECOMUNICAÇÕES,0,RS,Santa Maria
CAMPUS  - SANTA MARIA - CAMOBI,ENGENHARIA DE TELECOMUNICAÇÕES,0,RS,Santo Ângelo
CAMPUS  - SANTA MARIA - CAMOBI,ENGENHARIA DE TELECOMUNICAÇÕES,0,RS,Santa Maria
CAMPUS  - SANTA MARIA - CAMOBI,ENGENHARIA DE TELECOMUNICAÇÕES,0,RS,São Vicente do Sul
CAMPUS  - SANTA MARIA - CAMOBI,ENGENHARIA DE TELECOMUNICAÇÕES,0,RS,Santa Maria
CAMPUS  - SANTA MARIA - CAMOBI,ENGENHARIA DE TELECOMUNICAÇÕES,0,RS,Santa Maria
CAMPUS  - SANTA MARIA - CAMOBI,ENGENHARIA DE TELECOMUNICAÇÕES,0,RS,Santa Maria
CAMPUS  - SANTA MARIA - CAMOBI,ENGENHARIA DE TELECOMUNICAÇÕES,0,MG,Uberlândia
CAMPUS  - SANTA MARIA - CAMOBI,ENGENHARIA DE TELECOMUNICAÇÕES,0,RS,Santa Maria
CAMPUS  - SANTA MARIA - CAMOBI,ENGENHARIA DE TELECOMUNICAÇÕES,0,RS,Santa Maria
CAMPUS  - SANTA MARIA - CAMOBI,ENGENHARIA DE TELECOMUNICAÇÕES,0,RS,Cerro Largo
CAMPUS  - SANTA MARIA - CAMOBI,ENGENHARIA DE TELECOMUNICAÇÕES,0,RS,Santo Ângelo
CAMPUS  - SANTA MARIA - CAMOBI,ENGENHARIA DE TELECOMUNICAÇÕES,0,RS,Santa Maria
CAMPUS  - SANTA MARIA - CAMOBI,ENGENHARIA DE TELECOMUNICAÇÕES,0,RS,Santa Maria
CAMPUS  - SANTA MARIA - CAMOBI,ENGENHARIA DE TELECOMUNICAÇÕES,0,RS,Santa Maria
CAMPUS  - SANTA MARIA - CAMOBI,ENGENHARIA ELÉTRICA,5806,RS,Vera Cruz
CAMPUS  - SANTA MARIA - CAMOBI,ENGENHARIA ELÉTRICA,5806,PR,Curitiba
CAMPUS  - SANTA MARIA - CAMOBI,ENGENHARIA ELÉTRICA,5806,RS,Santa Maria
CAMPUS  - SANTA MARIA - CAMOBI,ENGENHARIA ELÉTRICA,5806,RS,Santo Augusto
CAMPUS  - SANTA MARIA - CAMOBI,ENGENHARIA ELÉTRICA,5806,RS,Alegrete
CAMPUS  - SANTA MARIA - CAMOBI,ENGENHARIA ELÉTRICA,5806,RS,Santa Maria
CAMPUS  - SANTA MARIA - CAMOBI,ENGENHARIA ELÉTRICA,5806,RS,Guaporé
CAMPUS  - SANTA MARIA - CAMOBI,ENGENHARIA ELÉTRICA,5806,MT,Sinop
CAMPUS  - SANTA MARIA - CAMOBI,ENGENHARIA ELÉTRICA,5806,RS,Santa Maria
CAMPUS  - SANTA MARIA - CAMOBI,ENGENHARIA ELÉTRICA,5806,RS,Santa Maria
CAMPUS  - SANTA MARIA - CAMOBI,ENGENHARIA ELÉTRICA,5806,RS,Santa Maria
CAMPUS  - SANTA MARIA - CAMOBI,ENGENHARIA ELÉTRICA,5806,RS,Santa Maria
CAMPUS  - SANTA MARIA - CAMOBI,ENGENHARIA ELÉTRICA,5806,SC,Itapiranga
CAMPUS  - SANTA MARIA - CAMOBI,ENGENHARIA ELÉTRICA,5806,RS,Sobradinho
CAMPUS  - SANTA MARIA - CAMOBI,ENGENHARIA FLORESTAL,6405,SP,Mairinque
CAMPUS  - SANTA MARIA - CAMOBI,ENGENHARIA FLORESTAL,6405,RS,Santa Maria
CAMPUS  - SANTA MARIA - CAMOBI,ENGENHARIA FLORESTAL,6405,SP,São Sebastião
CAMPUS  - SANTA MARIA - CAMOBI,ENGENHARIA FLORESTAL,6405,RS,Santa Maria
CAMPUS  - SANTA MARIA - CAMOBI,ENGENHARIA FLORESTAL,6405,RS,Porto Alegre
CAMPUS  - SANTA MARIA - CAMOBI,ENGENHARIA FLORESTAL,6405,RS,Sant'Ana do Livramento
CAMPUS  - SANTA MARIA - CAMOBI,ENGENHARIA FLORESTAL,6405,RS,Venâncio Aires
CAMPUS  - SANTA MARIA - CAMOBI,ENGENHARIA FLORESTAL,6405,SP,Mogi das Cruzes
CAMPUS  - SANTA MARIA - CAMOBI,ENGENHARIA FLORESTAL,6405,RS,Santa Maria
CAMPUS  - SANTA MARIA - CAMOBI,ENGENHARIA FLORESTAL,6405,RS,Santa Maria
CAMPUS  - SANTA MARIA - CAMOBI,ENGENHARIA FLORESTAL,6405,RS,Santa Maria
CAMPUS  - SANTA MARIA - CAMOBI,ENGENHARIA FLORESTAL,6405,RS,Cruz Alta
CAMPUS  - SANTA MARIA - CAMOBI,ENGENHARIA FLORESTAL,6405,RJ,Piraí
CAMPUS  - SANTA MARIA - CAMOBI,ENGENHARIA FLORESTAL,6405,RS,Santa Maria
CAMPUS  - SANTA MARIA - CAMOBI,ENGENHARIA MECÂNICA,5902,RS,São Borja
CAMPUS  - SANTA MARIA - CAMOBI,ENGENHARIA MECÂNICA,5902,RS,Santa Maria
CAMPUS  - SANTA MARIA - CAMOBI,ENGENHARIA MECÂNICA,5902,RS,Santa Maria
CAMPUS  - SANTA MARIA - CAMOBI,ENGENHARIA MECÂNICA,5902,MS,Campo Grande
CAMPUS  - SANTA MARIA - CAMOBI,ENGENHARIA MECÂNICA,5902,RS,Carlos Barbosa
CAMPUS  - SANTA MARIA - CAMOBI,ENGENHARIA MECÂNICA,5902,RS,Barão
CAMPUS  - SANTA MARIA - CAMOBI,ENGENHARIA MECÂNICA,5902,RS,Santa Maria
CAMPUS  - SANTA MARIA - CAMOBI,ENGENHARIA MECÂNICA,5902,RS,Santa Maria
CAMPUS  - SANTA MARIA - CAMOBI,ENGENHARIA MECÂNICA,5902,RS,Santa Maria
CAMPUS  - SANTA MARIA - CAMOBI,ENGENHARIA MECÂNICA,5902,RS,Restinga Seca
CAMPUS  - SANTA MARIA - CAMOBI,ENGENHARIA MECÂNICA,5902,RS,Santa Maria
CAMPUS  - SANTA MARIA - CAMOBI,ENGENHARIA MECÂNICA,5902,RS,Santo Augusto
CAMPUS  - SANTA MARIA - CAMOBI,ENGENHARIA QUÍMICA,6008,PA,Santa Izabel do Pará
CAMPUS  - SANTA MARIA - CAMOBI,ENGENHARIA QUÍMICA,6008,ES,Vila Velha
CAMPUS  - SANTA MARIA - CAMOBI,ENGENHARIA QUÍMICA,6008,RS,Santa Maria
CAMPUS  - SANTA MARIA - CAMOBI,ENGENHARIA QUÍMICA,6008,RS,Tuparendi
CAMPUS  - SANTA MARIA - CAMOBI,ENGENHARIA QUÍMICA,6008,PR,Foz do Iguaçu
CAMPUS  - SANTA MARIA - CAMOBI,ENGENHARIA QUÍMICA,6008,RJ,Rio de Janeiro
CAMPUS  - SANTA MARIA - CAMOBI,ENGENHARIA QUÍMICA,6008,RS,Esteio
CAMPUS  - SANTA MARIA - CAMOBI,ENGENHARIA QUÍMICA,6008,ES,Vila Velha
CAMPUS  - SANTA MARIA - CAMOBI,ENGENHARIA QUÍMICA,6008,RS,São Borja
CAMPUS  - SANTA MARIA - CAMOBI,ENGENHARIA QUÍMICA,6008,RS,Santa Maria
CAMPUS  - SANTA MARIA - CAMOBI,ENGENHARIA QUÍMICA,6008,MG,Ipatinga
CAMPUS  - SANTA MARIA - CAMOBI,ENGENHARIA QUÍMICA,6008,RS,Roca Sales
CAMPUS  - SANTA MARIA - CAMOBI,FABRICAÇÃO MECÂNICA,5902,RS,Santa Maria
CAMPUS  - SANTA MARIA - CAMOBI,FABRICAÇÃO MECÂNICA,5902,RS,Santa Maria
CAMPUS  - SANTA MARIA - CAMOBI,FABRICAÇÃO MECÂNICA,5902,MG,Sabará
CAMPUS  - SANTA MARIA - CAMOBI,FABRICAÇÃO MECÂNICA,5902,RS,Santa Maria
CAMPUS  - SANTA MARIA - CAMOBI,FABRICAÇÃO MECÂNICA,5902,RS,São João do Polêsine
CAMPUS  - SANTA MARIA - CAMOBI,FABRICAÇÃO MECÂNICA,5902,RS,Santa Maria
CAMPUS  - SANTA MARIA - CAMOBI,FABRICAÇÃO MECÂNICA,5902,RS,Santa Maria
CAMPUS  - SANTA MARIA - CAMOBI,FABRICAÇÃO MECÂNICA,5902,RS,Santa Maria
CAMPUS  - SANTA MARIA - CAMOBI,FABRICAÇÃO MECÂNICA,5902,RS,Santa Maria
CAMPUS  - SANTA MARIA - CAMOBI,FABRICAÇÃO MECÂNICA,5902,RS,Santa Maria
CAMPUS  - SANTA MARIA - CAMOBI,FARMÁCIA,19,RS,Santa Maria
CAMPUS  - SANTA MARIA - CAMOBI,FARMÁCIA,19,RS,Santa Rosa
CAMPUS  - SANTA MARIA - CAMOBI,FARMÁCIA,19,RS,Santa Maria
CAMPUS  - SANTA MARIA - CAMOBI,FARMÁCIA,19,RS,Panambi
CAMPUS  - SANTA MARIA - CAMOBI,FARMÁCIA,19,RS,Lajeado
CAMPUS  - SANTA MARIA - CAMOBI,FARMÁCIA,19,RS,Jaguari
CAMPUS  - SANTA MARIA - CAMOBI,FARMÁCIA,19,SP,Guarulhos
CAMPUS  - SANTA MARIA - CAMOBI,FARMÁCIA,19,RS,Jaguari
CAMPUS  - SANTA MARIA - CAMOBI,FARMÁCIA,19,RS,Santa Maria
CAMPUS  - SANTA MARIA - CAMOBI,FARMÁCIA,19,RS,Ijuí
CAMPUS  - SANTA MARIA - CAMOBI,FARMÁCIA,19,RS,Santa Maria
CAMPUS  - SANTA MARIA - CAMOBI,FARMÁCIA,19,RS,Santa Maria
CAMPUS  - SANTA MARIA - CAMOBI,FARMÁCIA,19,SP,São Paulo
CAMPUS  - SANTA MARIA - CAMOBI,FARMÁCIA,19,RS,Santa Maria
CAMPUS  - SANTA MARIA - CAMOBI,FARMÁCIA,19,RS,Santa Maria
CAMPUS  - SANTA MARIA - CAMOBI,FARMÁCIA,19,RS,Roque Gonzales
CAMPUS  - SANTA MARIA - CAMOBI,FARMÁCIA,19,SP,São José dos Campos
CAMPUS  - SANTA MARIA - CAMOBI,FARMÁCIA,19,RS,Cachoeira do Sul
CAMPUS  - SANTA MARIA - CAMOBI,FARMÁCIA,19,RS,Santa Maria
CAMPUS  - SANTA MARIA - CAMOBI,FARMÁCIA,19,RS,Santa Maria
CAMPUS  - SANTA MARIA - CAMOBI,FARMÁCIA,19,RS,Santa Maria
CAMPUS  - SANTA MARIA - CAMOBI,FARMÁCIA,19,RS,Santa Maria
CAMPUS  - SANTA MARIA - CAMOBI,FILOSOFIA,3202,RS,Santa Maria
CAMPUS  - SANTA MARIA - CAMOBI,FILOSOFIA,3202,RS,Santa Maria
CAMPUS  - SANTA MARIA - CAMOBI,FILOSOFIA,3202,RS,Santa Maria
CAMPUS  - SANTA MARIA - CAMOBI,FILOSOFIA,3202,RS,Santa Maria
CAMPUS  - SANTA MARIA - CAMOBI,FILOSOFIA,3202,SP,Cabreúva
CAMPUS  - SANTA MARIA - CAMOBI,FILOSOFIA,3202,RS,Cruz Alta
CAMPUS  - SANTA MARIA - CAMOBI,FILOSOFIA,3202,RS,Santa Maria
CAMPUS  - SANTA MARIA - CAMOBI,FILOSOFIA,3202,RS,Santa Maria
CAMPUS  - SANTA MARIA - CAMOBI,FILOSOFIA,3202,RS,Cachoeira do Sul
CAMPUS  - SANTA MARIA - CAMOBI,FILOSOFIA,3202,RS,Santa Maria
CAMPUS  - SANTA MARIA - CAMOBI,FILOSOFIA,3202,RS,Santa Maria
CAMPUS  - SANTA MARIA - CAMOBI,FILOSOFIA,3202,RS,Imbé
CAMPUS  - SANTA MARIA - CAMOBI,FILOSOFIA,3202,RS,Nova Petrópolis
CAMPUS  - SANTA MARIA - CAMOBI,FILOSOFIA,3202,RS,Restinga Seca
CAMPUS  - SANTA MARIA - CAMOBI,FILOSOFIA,3202,RS,Santa Maria
CAMPUS  - SANTA MARIA - CAMOBI,FILOSOFIA,3201,RS,Santa Maria
CAMPUS  - SANTA MARIA - CAMOBI,FILOSOFIA,3201,RS,São Sepé
CAMPUS  - SANTA MARIA - CAMOBI,FILOSOFIA,3201,RS,Gramado
CAMPUS  - SANTA MARIA - CAMOBI,FILOSOFIA,3201,RS,Uruguaiana
CAMPUS  - SANTA MARIA - CAMOBI,FILOSOFIA,3201,RS,Santa Maria
CAMPUS  - SANTA MARIA - CAMOBI,FILOSOFIA,3201,RS,Santa Maria
CAMPUS  - SANTA MARIA - CAMOBI,FILOSOFIA,3201,RS,Santa Maria
CAMPUS  - SANTA MARIA - CAMOBI,FILOSOFIA,3201,RS,Taquara
CAMPUS  - SANTA MARIA - CAMOBI,FILOSOFIA,3201,RS,Bento Gonçalves
CAMPUS  - SANTA MARIA - CAMOBI,FILOSOFIA,3201,RS,Santa Maria
CAMPUS  - SANTA MARIA - CAMOBI,FILOSOFIA,3201,RS,Santa Maria
CAMPUS  - SANTA MARIA - CAMOBI,FILOSOFIA,3201,RJ,Rio de Janeiro
CAMPUS  - SANTA MARIA - CAMOBI,FILOSOFIA,3201,RS,Passo Fundo
CAMPUS  - SANTA MARIA - CAMOBI,FÍSICA,1401,SP,Poá
CAMPUS  - SANTA MARIA - CAMOBI,FÍSICA,1401,RS,Santa Maria
CAMPUS  - SANTA MARIA - CAMOBI,FÍSICA,1401,RS,Ametista do Sul
CAMPUS  - SANTA MARIA - CAMOBI,FÍSICA,1401,RS,Venâncio Aires
CAMPUS  - SANTA MARIA - CAMOBI,FÍSICA,1401,RS,Nova Palma
CAMPUS  - SANTA MARIA - CAMOBI,FÍSICA,1401,AM,Manaus
CAMPUS  - SANTA MARIA - CAMOBI,FÍSICA,1401,RS,São Borja
CAMPUS  - SANTA MARIA - CAMOBI,FÍSICA,1401,RS,Guarani das Missões
CAMPUS  - SANTA MARIA - CAMOBI,FÍSICA,1402,RS,Santa Maria
CAMPUS  - SANTA MARIA - CAMOBI,FÍSICA,1402,RS,Santa Maria
CAMPUS  - SANTA MARIA - CAMOBI,FÍSICA,1402,RS,Santa Maria
CAMPUS  - SANTA MARIA - CAMOBI,FÍSICA,1402,RS,Uruguaiana
CAMPUS  - SANTA MARIA - CAMOBI,FÍSICA,1402,RS,Santa Maria
CAMPUS  - SANTA MARIA - CAMOBI,FÍSICA,1402,SC,Sombrio
CAMPUS  - SANTA MARIA - CAMOBI,FÍSICA,1402,RS,Nova Ramada
CAMPUS  - SANTA MARIA - CAMOBI,FÍSICA,1402,RS,Santa Maria
CAMPUS  - SANTA MARIA - CAMOBI,FÍSICA,1402,RS,Sapucaia do Sul
CAMPUS  - SANTA MARIA - CAMOBI,FÍSICA,1402,RS,Santa Maria
CAMPUS  - SANTA MARIA - CAMOBI,FÍSICA,1402,RS,Constantina
CAMPUS  - SANTA MARIA - CAMOBI,FISIOTERAPIA,36,RS,Giruá
CAMPUS  - SANTA MARIA - CAMOBI,FISIOTERAPIA,36,RS,Santa Maria
CAMPUS  - SANTA MARIA - CAMOBI,FISIOTERAPIA,36,RS,Santa Maria
CAMPUS  - SANTA MARIA - CAMOBI,FISIOTERAPIA,36,RS,Santa Maria
CAMPUS  - SANTA MARIA - CAMOBI,FISIOTERAPIA,36,RS,São Gabriel
CAMPUS  - SANTA MARIA - CAMOBI,FISIOTERAPIA,36,RS,Augusto Pestana
CAMPUS  - SANTA MARIA - CAMOBI,FISIOTERAPIA,36,RS,Faxinal do Soturno
CAMPUS  - SANTA MARIA - CAMOBI,FISIOTERAPIA,36,RS,Santa Maria
CAMPUS  - SANTA MARIA - CAMOBI,FISIOTERAPIA,36,RS,Santa Maria
CAMPUS  - SANTA MARIA - CAMOBI,FISIOTERAPIA,36,RJ,Rio de Janeiro
CAMPUS  - SANTA MARIA - CAMOBI,FONOAUDIOLOGIA,27,RS,Crissiumal
CAMPUS  - SANTA MARIA - CAMOBI,FONOAUDIOLOGIA,27,RS,Santa Maria
CAMPUS  - SANTA MARIA - CAMOBI,FONOAUDIOLOGIA,27,RS,Santa Maria
CAMPUS  - SANTA MARIA - CAMOBI,FONOAUDIOLOGIA,27,RS,Santa Maria
CAMPUS  - SANTA MARIA - CAMOBI,FONOAUDIOLOGIA,27,AM,Manaus
CAMPUS  - SANTA MARIA - CAMOBI,FONOAUDIOLOGIA,27,RS,Bagé
CAMPUS  - SANTA MARIA - CAMOBI,FONOAUDIOLOGIA,27,RS,Horizontina
CAMPUS  - SANTA MARIA - CAMOBI,FONOAUDIOLOGIA,27,RS,Santa Maria
CAMPUS  - SANTA MARIA - CAMOBI,FONOAUDIOLOGIA,27,MG,Três Corações
CAMPUS  - SANTA MARIA - CAMOBI,FONOAUDIOLOGIA,27,RS,Nova Palma
CAMPUS  - SANTA MARIA - CAMOBI,FONOAUDIOLOGIA,27,RS,Santiago
CAMPUS  - SANTA MARIA - CAMOBI,GEOGRAFIA,3002,RS,Canela
CAMPUS  - SANTA MARIA - CAMOBI,GEOGRAFIA,3002,RS,Uruguaiana
CAMPUS  - SANTA MARIA - CAMOBI,GEOGRAFIA,3002,AM,Manaus
CAMPUS  - SANTA MARIA - CAMOBI,GEOGRAFIA,3002,RS,Palmares do Sul
CAMPUS  - SANTA MARIA - CAMOBI,GEOGRAFIA,3002,AM,Manaus
CAMPUS  - SANTA MARIA - CAMOBI,GEOGRAFIA,3002,RS,Torres
CAMPUS  - SANTA MARIA - CAMOBI,GEOGRAFIA,3002,RS,Restinga Seca
CAMPUS  - SANTA MARIA - CAMOBI,GEOGRAFIA,3002,RS,Santa Maria
CAMPUS  - SANTA MARIA - CAMOBI,GEOGRAFIA,3001,RS,Caxias do Sul
CAMPUS  - SANTA MARIA - CAMOBI,GEOGRAFIA,3001,RS,Santa Maria
CAMPUS  - SANTA MARIA - CAMOBI,GEOGRAFIA,3001,RS,Santa Maria
CAMPUS  - SANTA MARIA - CAMOBI,GEOGRAFIA,3001,RS,Caxias do Sul
CAMPUS  - SANTA MARIA - CAMOBI,GEOGRAFIA,3001,RS,São Paulo das Missões
CAMPUS  - SANTA MARIA - CAMOBI,GEOGRAFIA,3001,RS,Santa Maria
CAMPUS  - SANTA MARIA - CAMOBI,GEOGRAFIA,3001,RS,Cachoeira do Sul
CAMPUS  - SANTA MARIA - CAMOBI,GEOGRAFIA,3001,RS,Sant'Ana do Livramento
CAMPUS  - SANTA MARIA - CAMOBI,GEOGRAFIA,3001,SP,Campinas
CAMPUS  - SANTA MARIA - CAMOBI,GEOGRAFIA,3001,RS,Tupanciretã
CAMPUS  - SANTA MARIA - CAMOBI,GEOPROCESSAMENTO,0,RS,Santa Maria
CAMPUS  - SANTA MARIA - CAMOBI,GEOPROCESSAMENTO,0,RS,Maçambará
CAMPUS  - SANTA MARIA - CAMOBI,GEOPROCESSAMENTO,0,RS,Santa Maria
CAMPUS  - SANTA MARIA - CAMOBI,GEOPROCESSAMENTO,0,RS,Formigueiro
CAMPUS  - SANTA MARIA - CAMOBI,GEOPROCESSAMENTO,0,RS,Santa Maria
CAMPUS  - SANTA MARIA - CAMOBI,GEOPROCESSAMENTO,0,RS,Santa Maria
CAMPUS  - SANTA MARIA - CAMOBI,GEOPROCESSAMENTO,0,RS,Santa Maria
CAMPUS  - SANTA MARIA - CAMOBI,GEOPROCESSAMENTO,0,RS,Alegria
CAMPUS  - SANTA MARIA - CAMOBI,GEOPROCESSAMENTO,0,RS,Santa Maria
CAMPUS  - SANTA MARIA - CAMOBI,GEOPROCESSAMENTO,0,RS,Gravataí
CAMPUS  - SANTA MARIA - CAMOBI,GEOPROCESSAMENTO,0,RS,Santa Maria
CAMPUS  - SANTA MARIA - CAMOBI,GEOPROCESSAMENTO,0,RS,Santa Maria
CAMPUS  - SANTA MARIA - CAMOBI,GEOPROCESSAMENTO,0,RS,Santa Maria
CAMPUS  - SANTA MARIA - CAMOBI,GEOPROCESSAMENTO,0,RS,Santa Maria
CAMPUS  - SANTA MARIA - CAMOBI,HISTÓRIA,2402,RS,Farroupilha
CAMPUS  - SANTA MARIA - CAMOBI,HISTÓRIA,2402,RS,São Paulo das Missões
CAMPUS  - SANTA MARIA - CAMOBI,HISTÓRIA,2402,RS,Cruz Alta
CAMPUS  - SANTA MARIA - CAMOBI,HISTÓRIA,2402,RS,Ijuí
CAMPUS  - SANTA MARIA - CAMOBI,HISTÓRIA,2402,RS,Bento Gonçalves
CAMPUS  - SANTA MARIA - CAMOBI,HISTÓRIA,2402,RS,Santa Maria
CAMPUS  - SANTA MARIA - CAMOBI,HISTÓRIA,2402,RS,Santa Maria
CAMPUS  - SANTA MARIA - CAMOBI,HISTÓRIA,2402,RS,Santa Maria
CAMPUS  - SANTA MARIA - CAMOBI,HISTÓRIA,2402,RS,Cachoeira do Sul
CAMPUS  - SANTA MARIA - CAMOBI,HISTÓRIA,2402,RS,Venâncio Aires
CAMPUS  - SANTA MARIA - CAMOBI,HISTÓRIA,2402,RS,Santa Maria
CAMPUS  - SANTA MARIA - CAMOBI,HISTÓRIA,2402,RS,Santa Maria
CAMPUS  - SANTA MARIA - CAMOBI,HISTÓRIA,2402,RS,Santa Maria
CAMPUS  - SANTA MARIA - CAMOBI,HISTÓRIA,2402,RS,Santa Maria
CAMPUS  - SANTA MARIA - CAMOBI,HISTÓRIA,2402,RS,Santa Maria
CAMPUS  - SANTA MARIA - CAMOBI,HISTÓRIA,2402,RS,Pinhal Grande
CAMPUS  - SANTA MARIA - CAMOBI,HISTÓRIA,2402,RS,Itaara
CAMPUS  - SANTA MARIA - CAMOBI,HISTÓRIA,2402,RS,Encruzilhada do Sul
CAMPUS  - SANTA MARIA - CAMOBI,HISTÓRIA,2402,RS,Santa Maria
CAMPUS  - SANTA MARIA - CAMOBI,LETRAS - INGLÊS,904,RS,Soledade
CAMPUS  - SANTA MARIA - CAMOBI,LETRAS - INGLÊS,904,RS,Santa Maria
CAMPUS  - SANTA MARIA - CAMOBI,LETRAS - INGLÊS,904,RS,Cruz Alta
CAMPUS  - SANTA MARIA - CAMOBI,LETRAS - INGLÊS,904,RS,Ijuí
CAMPUS  - SANTA MARIA - CAMOBI,LETRAS - INGLÊS,904,RS,Carazinho
CAMPUS  - SANTA MARIA - CAMOBI,LETRAS - INGLÊS,904,RS,Santa Maria
CAMPUS  - SANTA MARIA - CAMOBI,LETRAS - INGLÊS,904,RS,Canoas
CAMPUS  - SANTA MARIA - CAMOBI,LETRAS - INGLÊS,904,RS,Santa Maria
CAMPUS  - SANTA MARIA - CAMOBI,LETRAS - INGLÊS,904,RS,Santa Maria
CAMPUS  - SANTA MARIA - CAMOBI,LETRAS - INGLÊS,904,RS,Santa Maria
CAMPUS  - SANTA MARIA - CAMOBI,LETRAS - INGLÊS,904,RS,Cruz Alta
CAMPUS  - SANTA MARIA - CAMOBI,LETRAS - INGLÊS,904,RS,Santa Maria
CAMPUS  - SANTA MARIA - CAMOBI,LETRAS - INGLÊS,904,RS,Tupanciretã
CAMPUS  - SANTA MARIA - CAMOBI,LETRAS - INGLÊS,904,RS,Três Passos
CAMPUS  - SANTA MARIA - CAMOBI,LETRAS - INGLÊS,904,BA,Muritiba
CAMPUS  - SANTA MARIA - CAMOBI,LETRAS - INGLÊS,904,SP,Sorocaba
CAMPUS  - SANTA MARIA - CAMOBI,LETRAS - INGLÊS,904,RS,Jaguarão
CAMPUS  - SANTA MARIA - CAMOBI,LETRAS - INGLÊS,904,RS,Santa Maria
CAMPUS  - SANTA MARIA - CAMOBI,LETRAS - INGLÊS,904,RS,Santa Maria
CAMPUS  - SANTA MARIA - CAMOBI,LETRAS - LÍNGUA PORTUGUESA,903,SP,Ribeirão Preto
CAMPUS  - SANTA MARIA - CAMOBI,LETRAS - LÍNGUA PORTUGUESA,903,RS,Alegrete
CAMPUS  - SANTA MARIA - CAMOBI,LETRAS - LÍNGUA PORTUGUESA,903,RS,Santa Maria
CAMPUS  - SANTA MARIA - CAMOBI,LETRAS - LÍNGUA PORTUGUESA,903,RS,Santa Maria
CAMPUS  - SANTA MARIA - CAMOBI,LETRAS - LÍNGUA PORTUGUESA,903,RS,Santa Cruz do Sul
CAMPUS  - SANTA MARIA - CAMOBI,LETRAS - LÍNGUA PORTUGUESA,903,RS,Santa Maria
CAMPUS  - SANTA MARIA - CAMOBI,LETRAS - LÍNGUA PORTUGUESA,903,RS,Porto Alegre
CAMPUS  - SANTA MARIA - CAMOBI,LETRAS - LÍNGUA PORTUGUESA,903,RS,Santa Maria
CAMPUS  - SANTA MARIA - CAMOBI,LETRAS - LÍNGUA PORTUGUESA,903,RS,Santa Maria
CAMPUS  - SANTA MARIA - CAMOBI,LETRAS - LÍNGUA PORTUGUESA,903,RS,Santa Maria
CAMPUS  - SANTA MARIA - CAMOBI,LETRAS - LÍNGUA PORTUGUESA,903,RS,Santa Maria
CAMPUS  - SANTA MARIA - CAMOBI,LETRAS - LÍNGUA PORTUGUESA,903,RS,Vale do Sol
CAMPUS  - SANTA MARIA - CAMOBI,LETRAS - LÍNGUA PORTUGUESA,903,RS,Santa Maria
CAMPUS  - SANTA MARIA - CAMOBI,LETRAS - LÍNGUA PORTUGUESA,903,RS,Santa Maria
CAMPUS  - SANTA MARIA - CAMOBI,LETRAS - PORTUGUÊS,903,RS,Santa Maria
CAMPUS  - SANTA MARIA - CAMOBI,LETRAS - PORTUGUÊS,903,RS,Santa Maria
CAMPUS  - SANTA MARIA - CAMOBI,LETRAS - PORTUGUÊS,903,RS,Santa Cruz do Sul
CAMPUS  - SANTA MARIA - CAMOBI,LETRAS - PORTUGUÊS,903,RS,Santa Maria
CAMPUS  - SANTA MARIA - CAMOBI,LETRAS - PORTUGUÊS,903,RS,Restinga Seca
CAMPUS  - SANTA MARIA - CAMOBI,LETRAS - PORTUGUÊS,903,RS,Santa Maria
CAMPUS  - SANTA MARIA - CAMOBI,LETRAS - PORTUGUÊS,903,SP,Capivari
CAMPUS  - SANTA MARIA - CAMOBI,LETRAS - PORTUGUÊS,903,RS,Itaqui
CAMPUS  - SANTA MARIA - CAMOBI,LETRAS - PORTUGUÊS,903,RS,Restinga Seca
CAMPUS  - SANTA MARIA - CAMOBI,LETRAS - PORTUGUÊS,903,RS,Santa Maria
CAMPUS  - SANTA MARIA - CAMOBI,LETRAS - PORTUGUÊS,903,RS,Santa Maria
CAMPUS  - SANTA MARIA - CAMOBI,LETRAS - PORTUGUÊS,903,RS,Fortaleza dos Valos
CAMPUS  - SANTA MARIA - CAMOBI,LETRAS - PORTUGUÊS,903,RS,São Sepé
CAMPUS  - SANTA MARIA - CAMOBI,LETRAS - PORTUGUÊS,903,RS,Santo Cristo
CAMPUS  - SANTA MARIA - CAMOBI,LETRAS - PORTUGUÊS,903,RS,Santa Maria
CAMPUS  - SANTA MARIA - CAMOBI,LETRAS - PORTUGUÊS,903,RS,São Borja
CAMPUS  - SANTA MARIA - CAMOBI,MATEMÁTICA,701,SP,São Paulo
CAMPUS  - SANTA MARIA - CAMOBI,MATEMÁTICA,701,RS,Porto Alegre
CAMPUS  - SANTA MARIA - CAMOBI,MATEMÁTICA,701,RS,Santa Maria
CAMPUS  - SANTA MARIA - CAMOBI,MATEMÁTICA,702,RS,São Paulo das Missões
CAMPUS  - SANTA MARIA - CAMOBI,MATEMÁTICA,702,RS,Venâncio Aires
CAMPUS  - SANTA MARIA - CAMOBI,MATEMÁTICA,702,RS,Santa Maria
CAMPUS  - SANTA MARIA - CAMOBI,MATEMÁTICA,702,RS,Santa Maria
CAMPUS  - SANTA MARIA - CAMOBI,MATEMÁTICA,702,RS,Santa Maria
CAMPUS  - SANTA MARIA - CAMOBI,MATEMÁTICA,702,RS,Lagoão
CAMPUS  - SANTA MARIA - CAMOBI,MEDICINA,12,RS,Ijuí
CAMPUS  - SANTA MARIA - CAMOBI,MEDICINA,12,RS,Santa Maria
CAMPUS  - SANTA MARIA - CAMOBI,MEDICINA,12,PR,Cascavel
CAMPUS  - SANTA MARIA - CAMOBI,MEDICINA,12,SP,São Paulo
CAMPUS  - SANTA MARIA - CAMOBI,MEDICINA,12,RS,Esteio
CAMPUS  - SANTA MARIA - CAMOBI,MEDICINA,12,RS,Ronda Alta
CAMPUS  - SANTA MARIA - CAMOBI,MEDICINA,12,SP,Sorocaba
CAMPUS  - SANTA MARIA - CAMOBI,MEDICINA,12,GO,Goiânia
CAMPUS  - SANTA MARIA - CAMOBI,MEDICINA,12,PR,Cascavel
CAMPUS  - SANTA MARIA - CAMOBI,MEDICINA,12,SP,Piraju
CAMPUS  - SANTA MARIA - CAMOBI,MEDICINA,12,SP,Santo André
CAMPUS  - SANTA MARIA - CAMOBI,MEDICINA,12,SP,São Paulo
CAMPUS  - SANTA MARIA - CAMOBI,MEDICINA,12,RS,Santa Maria
CAMPUS  - SANTA MARIA - CAMOBI,MEDICINA,12,SP,São Paulo
CAMPUS  - SANTA MARIA - CAMOBI,MEDICINA,12,ES,Vitória
CAMPUS  - SANTA MARIA - CAMOBI,MEDICINA,12,MG,Sete Lagoas
CAMPUS  - SANTA MARIA - CAMOBI,MEDICINA,12,MG,Ipatinga
CAMPUS  - SANTA MARIA - CAMOBI,MEDICINA,12,DF,Brasília
CAMPUS  - SANTA MARIA - CAMOBI,MEDICINA,12,MG,Betim
CAMPUS  - SANTA MARIA - CAMOBI,MEDICINA,12,RS,Santo Cristo
CAMPUS  - SANTA MARIA - CAMOBI,MEDICINA,12,RS,Santa Rosa
CAMPUS  - SANTA MARIA - CAMOBI,MEDICINA,12,PR,Paranavaí
CAMPUS  - SANTA MARIA - CAMOBI,MEDICINA,12,SC,São Joaquim
CAMPUS  - SANTA MARIA - CAMOBI,MEDICINA,12,SP,São Paulo
CAMPUS  - SANTA MARIA - CAMOBI,MEDICINA,12,RS,Santa Maria
CAMPUS  - SANTA MARIA - CAMOBI,MEDICINA,12,PR,Curitiba
CAMPUS  - SANTA MARIA - CAMOBI,MEDICINA,12,RS,Santa Maria
CAMPUS  - SANTA MARIA - CAMOBI,MEDICINA,12,SP,São Miguel Arcanjo
CAMPUS  - SANTA MARIA - CAMOBI,MEDICINA,12,RS,Santo Ângelo
CAMPUS  - SANTA MARIA - CAMOBI,MEDICINA,12,RS,Santa Maria
CAMPUS  - SANTA MARIA - CAMOBI,MEDICINA,12,MG,Congonhal
CAMPUS  - SANTA MARIA - CAMOBI,MEDICINA,12,RS,Santa Maria
CAMPUS  - SANTA MARIA - CAMOBI,MEDICINA VETERINÁRIA,5,RS,Caxias do Sul
CAMPUS  - SANTA MARIA - CAMOBI,MEDICINA VETERINÁRIA,5,MT,Cuiabá
CAMPUS  - SANTA MARIA - CAMOBI,MEDICINA VETERINÁRIA,5,SC,Lages
CAMPUS  - SANTA MARIA - CAMOBI,MEDICINA VETERINÁRIA,5,SP,São Paulo
CAMPUS  - SANTA MARIA - CAMOBI,MEDICINA VETERINÁRIA,5,RS,Caxias do Sul
CAMPUS  - SANTA MARIA - CAMOBI,MEDICINA VETERINÁRIA,5,RS,Cachoeira do Sul
CAMPUS  - SANTA MARIA - CAMOBI,MEDICINA VETERINÁRIA,5,RS,Santa Maria
CAMPUS  - SANTA MARIA - CAMOBI,MEDICINA VETERINÁRIA,5,RS,Santa Maria
CAMPUS  - SANTA MARIA - CAMOBI,MEDICINA VETERINÁRIA,5,RS,Santa Maria
CAMPUS  - SANTA MARIA - CAMOBI,MEDICINA VETERINÁRIA,5,RJ,Volta Redonda
CAMPUS  - SANTA MARIA - CAMOBI,MEDICINA VETERINÁRIA,5,RS,Palmeira das Missões
CAMPUS  - SANTA MARIA - CAMOBI,MEDICINA VETERINÁRIA,5,RS,Dois Irmãos
CAMPUS  - SANTA MARIA - CAMOBI,MEDICINA VETERINÁRIA,5,RS,Santa Maria
CAMPUS  - SANTA MARIA - CAMOBI,MEDICINA VETERINÁRIA,5,RS,Caçapava do Sul
CAMPUS  - SANTA MARIA - CAMOBI,MEDICINA VETERINÁRIA,5,RS,Itaqui
CAMPUS  - SANTA MARIA - CAMOBI,MEDICINA VETERINÁRIA,5,RS,Santa Cruz do Sul
CAMPUS  - SANTA MARIA - CAMOBI,MEDICINA VETERINÁRIA,5,SP,São Paulo
CAMPUS  - SANTA MARIA - CAMOBI,MEDICINA VETERINÁRIA,5,RS,Bento Gonçalves
CAMPUS  - SANTA MARIA - CAMOBI,MEDICINA VETERINÁRIA,5,SP,Osasco
CAMPUS  - SANTA MARIA - CAMOBI,MEDICINA VETERINÁRIA,5,RS,Jaguari
CAMPUS  - SANTA MARIA - CAMOBI,METEOROLOGIA,0,RS,Restinga Seca
CAMPUS  - SANTA MARIA - CAMOBI,METEOROLOGIA,0,RS,Panambi
CAMPUS  - SANTA MARIA - CAMOBI,METEOROLOGIA,0,RS,Santa Maria
CAMPUS  - SANTA MARIA - CAMOBI,METEOROLOGIA,0,SC,Chapecó
CAMPUS  - SANTA MARIA - CAMOBI,METEOROLOGIA,0,RS,Bagé
CAMPUS  - SANTA MARIA - CAMOBI,METEOROLOGIA,0,MT,Cuiabá
CAMPUS  - SANTA MARIA - CAMOBI,ODONTOLOGIA,6,RS,Santa Maria
CAMPUS  - SANTA MARIA - CAMOBI,ODONTOLOGIA,6,RS,Três de Maio
CAMPUS  - SANTA MARIA - CAMOBI,ODONTOLOGIA,6,RS,Santa Maria
CAMPUS  - SANTA MARIA - CAMOBI,ODONTOLOGIA,6,RS,Santa Maria
CAMPUS  - SANTA MARIA - CAMOBI,ODONTOLOGIA,6,SP,Poá
CAMPUS  - SANTA MARIA - CAMOBI,ODONTOLOGIA,6,RS,Santa Maria
CAMPUS  - SANTA MARIA - CAMOBI,ODONTOLOGIA,6,RS,Santa Maria
CAMPUS  - SANTA MARIA - CAMOBI,ODONTOLOGIA,6,MA,São Luís
CAMPUS  - SANTA MARIA - CAMOBI,ODONTOLOGIA,6,RS,Santa Maria
CAMPUS  - SANTA MARIA - CAMOBI,ODONTOLOGIA,6,SC,Joinville
CAMPUS  - SANTA MARIA - CAMOBI,ODONTOLOGIA,6,RS,Santa Maria
CAMPUS  - SANTA MARIA - CAMOBI,ODONTOLOGIA,6,RS,Caxias do Sul
CAMPUS  - SANTA MARIA - CAMOBI,ODONTOLOGIA,6,RS,Santa Maria
CAMPUS  - SANTA MARIA - CAMOBI,ODONTOLOGIA,6,RS,Santa Maria
CAMPUS  - SANTA MARIA - CAMOBI,ODONTOLOGIA,6,RS,Santa Maria
CAMPUS  - SANTA MARIA - CAMOBI,ODONTOLOGIA,6,RS,Santa Maria
CAMPUS  - SANTA MARIA - CAMOBI,PEDAGOGIA,2001,RS,Santa Maria
CAMPUS  - SANTA MARIA - CAMOBI,PEDAGOGIA,2001,RS,Santa Maria
CAMPUS  - SANTA MARIA - CAMOBI,PEDAGOGIA,2001,RS,Venâncio Aires
CAMPUS  - SANTA MARIA - CAMOBI,PEDAGOGIA,2001,RS,Santa Maria
CAMPUS  - SANTA MARIA - CAMOBI,PEDAGOGIA,2001,RS,Santo Cristo
CAMPUS  - SANTA MARIA - CAMOBI,PEDAGOGIA,2001,RS,Cruz Alta
CAMPUS  - SANTA MARIA - CAMOBI,PEDAGOGIA,2001,RS,Santa Maria
CAMPUS  - SANTA MARIA - CAMOBI,PEDAGOGIA,2001,RS,Santa Maria
CAMPUS  - SANTA MARIA - CAMOBI,PEDAGOGIA,2001,RS,Porto Alegre
CAMPUS  - SANTA MARIA - CAMOBI,PEDAGOGIA,2001,RS,Santa Maria
CAMPUS  - SANTA MARIA - CAMOBI,PEDAGOGIA,2001,RS,Santa Maria
CAMPUS  - SANTA MARIA - CAMOBI,PEDAGOGIA,2001,RS,Santa Maria
CAMPUS  - SANTA MARIA - CAMOBI,PEDAGOGIA,2001,RS,Dona Francisca
CAMPUS  - SANTA MARIA - CAMOBI,PEDAGOGIA,2001,RS,Santa Maria
CAMPUS  - SANTA MARIA - CAMOBI,PEDAGOGIA,2001,RS,Santa Maria
CAMPUS  - SANTA MARIA - CAMOBI,PEDAGOGIA,2001,RS,Uruguaiana
CAMPUS  - SANTA MARIA - CAMOBI,PEDAGOGIA,2001,RS,Santa Maria
CAMPUS  - SANTA MARIA - CAMOBI,PEDAGOGIA,2001,RS,Bagé
CAMPUS  - SANTA MARIA - CAMOBI,PEDAGOGIA,2001,RS,Paraíso do Sul
CAMPUS  - SANTA MARIA - CAMOBI,PEDAGOGIA,2001,RS,Paraíso do Sul
CAMPUS  - SANTA MARIA - CAMOBI,PEDAGOGIA,2001,RS,Santa Maria
CAMPUS  - SANTA MARIA - CAMOBI,PEDAGOGIA,2001,RS,Santa Maria
CAMPUS  - SANTA MARIA - CAMOBI,PEDAGOGIA,2001,RS,Lajeado
CAMPUS  - SANTA MARIA - CAMOBI,PEDAGOGIA,2001,RS,Santa Maria
CAMPUS  - SANTA MARIA - CAMOBI,PEDAGOGIA,2001,RS,Santa Maria
CAMPUS  - SANTA MARIA - CAMOBI,PEDAGOGIA,2001,RS,Rio Pardo
CAMPUS  - SANTA MARIA - CAMOBI,PEDAGOGIA,2001,RS,Passa Sete
CAMPUS  - SANTA MARIA - CAMOBI,PEDAGOGIA,2001,RS,Santa Maria
CAMPUS  - SANTA MARIA - CAMOBI,PROCESSOS QUÍMICOS,0,RS,Santa Maria
CAMPUS  - SANTA MARIA - CAMOBI,PROCESSOS QUÍMICOS,0,RS,Santa Maria
CAMPUS  - SANTA MARIA - CAMOBI,PROCESSOS QUÍMICOS,0,RS,Santa Maria
CAMPUS  - SANTA MARIA - CAMOBI,PROCESSOS QUÍMICOS,0,RS,Santa Maria
CAMPUS  - SANTA MARIA - CAMOBI,PROCESSOS QUÍMICOS,0,RS,Três Passos
CAMPUS  - SANTA MARIA - CAMOBI,PROCESSOS QUÍMICOS,0,RS,Santa Maria
CAMPUS  - SANTA MARIA - CAMOBI,PROCESSOS QUÍMICOS,0,RS,São Sepé
CAMPUS  - SANTA MARIA - CAMOBI,PROCESSOS QUÍMICOS,0,RS,Alegrete
CAMPUS  - SANTA MARIA - CAMOBI,PROCESSOS QUÍMICOS,0,RS,Doutor Maurício Cardoso
CAMPUS  - SANTA MARIA - CAMOBI,PROCESSOS QUÍMICOS,0,RS,Santa Maria
CAMPUS  - SANTA MARIA - CAMOBI,PROCESSOS QUÍMICOS,0,RS,Faxinal do Soturno
CAMPUS  - SANTA MARIA - CAMOBI,PROCESSOS QUÍMICOS,0,RS,Santa Maria
CAMPUS  - SANTA MARIA - CAMOBI,PROCESSOS QUÍMICOS,0,RS,Santa Maria
CAMPUS  - SANTA MARIA - CAMOBI,PSICOLOGIA,18,RS,Santa Maria
CAMPUS  - SANTA MARIA - CAMOBI,PSICOLOGIA,18,RS,Santa Maria
CAMPUS  - SANTA MARIA - CAMOBI,PSICOLOGIA,18,RS,Jaguari
CAMPUS  - SANTA MARIA - CAMOBI,PSICOLOGIA,18,RS,Santa Maria
CAMPUS  - SANTA MARIA - CAMOBI,PSICOLOGIA,18,RS,São Luiz Gonzaga
CAMPUS  - SANTA MARIA - CAMOBI,PSICOLOGIA,18,RS,Pelotas
CAMPUS  - SANTA MARIA - CAMOBI,PSICOLOGIA,18,RS,Santa Maria
CAMPUS  - SANTA MARIA - CAMOBI,PSICOLOGIA,18,RS,Santa Maria
CAMPUS  - SANTA MARIA - CAMOBI,PSICOLOGIA,18,RS,Santa Maria
CAMPUS  - SANTA MARIA - CAMOBI,PSICOLOGIA,18,RS,Tapera
CAMPUS  - SANTA MARIA - CAMOBI,PSICOLOGIA,18,RS,Santa Maria
CAMPUS  - SANTA MARIA - CAMOBI,PSICOLOGIA,18,RS,Charqueadas
CAMPUS  - SANTA MARIA - CAMOBI,QUÍMICA,1501,SP,Itupeva
CAMPUS  - SANTA MARIA - CAMOBI,QUÍMICA,1501,RO,Ji-Paraná
CAMPUS  - SANTA MARIA - CAMOBI,QUÍMICA,1501,SP,Osasco
CAMPUS  - SANTA MARIA - CAMOBI,QUÍMICA,1501,SP,Tarabai
CAMPUS  - SANTA MARIA - CAMOBI,QUÍMICA,1501,RS,Itaqui
CAMPUS  - SANTA MARIA - CAMOBI,QUÍMICA,1501,RS,Parobé
CAMPUS  - SANTA MARIA - CAMOBI,QUÍMICA,1501,SC,Videira
CAMPUS  - SANTA MARIA - CAMOBI,QUÍMICA,1501,RS,Barra do Quaraí
CAMPUS  - SANTA MARIA - CAMOBI,QUÍMICA,1501,RS,Santa Maria
CAMPUS  - SANTA MARIA - CAMOBI,QUÍMICA,1502,RS,Marau
CAMPUS  - SANTA MARIA - CAMOBI,QUÍMICA,1502,RS,Faxinal do Soturno
CAMPUS  - SANTA MARIA - CAMOBI,QUÍMICA,1502,RS,Santo Augusto
CAMPUS  - SANTA MARIA - CAMOBI,QUÍMICA,1502,RS,Santo Ângelo
CAMPUS  - SANTA MARIA - CAMOBI,QUÍMICA,1502,RS,Cachoeira do Sul
CAMPUS  - SANTA MARIA - CAMOBI,QUÍMICA,1502,RS,São Paulo das Missões
CAMPUS  - SANTA MARIA - CAMOBI,QUÍMICA,1502,RS,Santa Maria
CAMPUS  - SANTA MARIA - CAMOBI,QUÍMICA,1502,RS,Santa Maria
CAMPUS  - SANTA MARIA - CAMOBI,QUÍMICA,1502,RS,Santa Maria
CAMPUS  - SANTA MARIA - CAMOBI,QUÍMICA,1502,RS,Sinimbu
CAMPUS  - SANTA MARIA - CAMOBI,QUÍMICA,1502,RS,Santa Maria
CAMPUS  - SANTA MARIA - CAMOBI,QUÍMICA INDUSTRIAL,0,RS,Palmeira das Missões
CAMPUS  - SANTA MARIA - CAMOBI,QUÍMICA INDUSTRIAL,0,RS,Santa Maria
CAMPUS  - SANTA MARIA - CAMOBI,QUÍMICA INDUSTRIAL,0,RS,Panambi
CAMPUS  - SANTA MARIA - CAMOBI,REDES DE COMPUTADORES,79,RS,São Borja
CAMPUS  - SANTA MARIA - CAMOBI,REDES DE COMPUTADORES,79,RS,Sant'Ana do Livramento
CAMPUS  - SANTA MARIA - CAMOBI,REDES DE COMPUTADORES,79,RS,Santa Maria
CAMPUS  - SANTA MARIA - CAMOBI,REDES DE COMPUTADORES,79,RS,Santa Maria
CAMPUS  - SANTA MARIA - CAMOBI,REDES DE COMPUTADORES,79,RS,Nova Palma
CAMPUS  - SANTA MARIA - CAMOBI,REDES DE COMPUTADORES,79,RJ,Rio de Janeiro
CAMPUS  - SANTA MARIA - CAMOBI,REDES DE COMPUTADORES,79,RS,Santa Maria
CAMPUS  - SANTA MARIA - CAMOBI,REDES DE COMPUTADORES,79,RS,Itaqui
CAMPUS  - SANTA MARIA - CAMOBI,REDES DE COMPUTADORES,79,RS,Santa Maria
CAMPUS  - SANTA MARIA - CAMOBI,REDES DE COMPUTADORES,79,RS,Carlos Barbosa
CAMPUS  - SANTA MARIA - CAMOBI,REDES DE COMPUTADORES,79,SC,Balneário Camboriú
CAMPUS  - SANTA MARIA - CAMOBI,REDES DE COMPUTADORES,79,RS,Santa Maria
CAMPUS  - SANTA MARIA - CAMOBI,REDES DE COMPUTADORES,79,RS,Santa Maria
CAMPUS  - SANTA MARIA - CAMOBI,REDES DE COMPUTADORES,79,RS,Santa Maria
CAMPUS  - SANTA MARIA - CAMOBI,REDES DE COMPUTADORES,79,RS,Santa Maria
CAMPUS  - SANTA MARIA - CAMOBI,REDES DE COMPUTADORES,79,RS,Santa Maria
CAMPUS  - SANTA MARIA - CAMOBI,REDES DE COMPUTADORES,79,RS,Santa Maria
CAMPUS  - SANTA MARIA - CAMOBI,RELAÇÕES INTERNACIONAIS,0,RS,Taquari
CAMPUS  - SANTA MARIA - CAMOBI,RELAÇÕES INTERNACIONAIS,0,ES,Vitória
CAMPUS  - SANTA MARIA - CAMOBI,RELAÇÕES INTERNACIONAIS,0,RS,Santa Maria
CAMPUS  - SANTA MARIA - CAMOBI,RELAÇÕES INTERNACIONAIS,0,RS,Campo Novo
CAMPUS  - SANTA MARIA - CAMOBI,RELAÇÕES INTERNACIONAIS,0,RS,Santa Maria
CAMPUS  - SANTA MARIA - CAMOBI,RELAÇÕES INTERNACIONAIS,0,RS,Restinga Seca
CAMPUS  - SANTA MARIA - CAMOBI,RELAÇÕES INTERNACIONAIS,0,RS,Santa Maria
CAMPUS  - SANTA MARIA - CAMOBI,RELAÇÕES INTERNACIONAIS,0,RS,Frederico Westphalen
CAMPUS  - SANTA MARIA - CAMOBI,RELAÇÕES INTERNACIONAIS,0,RS,Santa Maria
CAMPUS  - SANTA MARIA - CAMOBI,RELAÇÕES INTERNACIONAIS,0,SP,Amparo
CAMPUS  - SANTA MARIA - CAMOBI,RELAÇÕES INTERNACIONAIS,0,MG,Patos de Minas
CAMPUS  - SANTA MARIA - CAMOBI,RELAÇÕES INTERNACIONAIS,0,RS,Taquara
CAMPUS  - SANTA MARIA - CAMOBI,RELAÇÕES INTERNACIONAIS,0,RO,Porto Velho
CAMPUS  - SANTA MARIA - CAMOBI,RELAÇÕES INTERNACIONAIS,0,RS,Santa Maria
CAMPUS  - SANTA MARIA - CAMOBI,RELAÇÕES INTERNACIONAIS,0,RS,Caçapava do Sul
CAMPUS  - SANTA MARIA - CAMOBI,RELAÇÕES INTERNACIONAIS,0,RS,Santa Maria
CAMPUS  - SANTA MARIA - CAMOBI,RELAÇÕES INTERNACIONAIS,0,RS,Santa Maria
CAMPUS  - SANTA MARIA - CAMOBI,TEATRO,39,RS,Alegrete
CAMPUS  - SANTA MARIA - CAMOBI,TEATRO,39,RS,Santa Maria
CAMPUS  - SANTA MARIA - CAMOBI,TEATRO,39,MG,Betim
CAMPUS  - SANTA MARIA - CAMOBI,TEATRO,39,SP,Santos
CAMPUS  - SANTA MARIA - CAMOBI,TEATRO,39,RS,Santa Maria
CAMPUS  - SANTA MARIA - CAMOBI,TERAPIA OCUPACIONAL,0,RS,Santa Maria
CAMPUS  - SANTA MARIA - CAMOBI,TERAPIA OCUPACIONAL,0,RS,Serafina Corrêa
CAMPUS  - SANTA MARIA - CAMOBI,TERAPIA OCUPACIONAL,0,RS,Santa Maria
CAMPUS  - SANTA MARIA - CAMOBI,TERAPIA OCUPACIONAL,0,RS,Ijuí
CAMPUS  - SANTA MARIA - CAMOBI,TERAPIA OCUPACIONAL,0,RS,Santa Maria
CAMPUS  - SANTA MARIA - CAMOBI,TERAPIA OCUPACIONAL,0,RS,Santa Maria
CAMPUS  - SANTA MARIA - CAMOBI,TERAPIA OCUPACIONAL,0,RS,Santa Maria
CAMPUS  - SANTA MARIA - CAMOBI,TERAPIA OCUPACIONAL,0,RS,Venâncio Aires
CAMPUS  - SANTA MARIA - CAMOBI,TERAPIA OCUPACIONAL,0,RS,Independência
CAMPUS  - SANTA MARIA - CAMOBI,TERAPIA OCUPACIONAL,0,RS,Horizontina
CAMPUS  - SANTA MARIA - CAMOBI,TERAPIA OCUPACIONAL,0,RS,Santa Maria
CAMPUS  - SANTA MARIA - CAMOBI,TERAPIA OCUPACIONAL,0,RS,Santa Maria
CAMPUS  - SANTA MARIA - CAMOBI,ZOOTECNIA,51,RS,Santa Maria
CAMPUS  - SANTA MARIA - CAMOBI,ZOOTECNIA,51,RS,São Pedro do Sul
CAMPUS  - SANTA MARIA - CAMOBI,ZOOTECNIA,51,RS,Tupanciretã
CAMPUS  - SANTA MARIA - CAMOBI,ZOOTECNIA,51,RS,São Pedro do Sul
CAMPUS  - SANTA MARIA - CAMOBI,ZOOTECNIA,51,RS,Santa Maria
CAMPUS  - SANTA MARIA - CAMOBI,ZOOTECNIA,51,RS,Santa Maria
CAMPUS  - SANTA MARIA - CAMOBI,ZOOTECNIA,51,RS,Santa Maria
CAMPUS  - SANTA MARIA - CAMOBI,ZOOTECNIA,51,RS,Santa Maria
CAMPUS  - SANTA MARIA - CAMOBI,ZOOTECNIA,51,RS,Santa Maria
CAMPUS  - SANTA MARIA - CAMOBI,ZOOTECNIA,51,RS,Santa Maria
CAMPUS  - SANTA MARIA - CAMOBI,ZOOTECNIA,51,RS,Torres
CAMPUS  - SANTA MARIA - CAMOBI,ZOOTECNIA,51,RS,Porto Alegre
CAMPUS  - SANTA MARIA - CAMOBI,ZOOTECNIA,51,RS,Santa Maria
CAMPUS  - SANTA MARIA - CAMOBI,ZOOTECNIA,51,RS,Santa Maria
CAMPUS  - SANTA MARIA - CAMOBI,ZOOTECNIA,51,RS,Gravataí
