ano,codies,nomeies,sigla,Publica,categoriaadm,orgacademica,uf,igc_continuo,igc_faixa
2013,14509,"INSTITUTO FEDERAL DE EDUCAÇÃO, CIÊNCIA E TECNOLOGIA BAIANO",IFBAIANO,1,Pública,"Instituto Federal de Educação, Ciência e Tecnologia",BA,0.00,0
2013,5036,"INSTITUTO FEDERAL DE EDUCAÇÃO, CIÊNCIA E TECNOLOGIA CATARINENSE",IF Catarinense,1,Pública,"Instituto Federal de Educação, Ciência e Tecnologia",SC,0.00,0
2013,18440,UNIVERSIDADE FEDERAL DO SUL E SUDESTE DO PARÁ,UNIFESSPA,1,Pública,Universidade,PA,0.00,0
2013,5242,UNIVERSIDADE ESTADUAL DE ALAGOAS - UNEAL,UNEAL,1,Pública,Universidade,AL,0.00,0
2013,15520,"INSTITUTO FEDERAL DE EDUCAÇÃO, CIÊNCIA E TECNOLOGIA DE MATO GROSSO DO SUL",IFMS,1,Pública,"Instituto Federal de Educação, Ciência e Tecnologia",MS,0.00,0
2013,15497,UNIVERSIDADE DA INTEGRAÇÃO INTERNACIONAL DA LUSOFONIA AFRO-BRASILEIRA,UNILAB,1,Pública,Universidade,CE,0.00,0
2013,264,UNIVERSIDADE SÃO MARCOS,USM,0,Privada sem fins lucrativos,Universidade,SP,0.00,0
2013,15121,UNIVERSIDADE FEDERAL DA FRONTEIRA SUL,UFFS,1,Pública,Universidade,SC,0.00,0
2013,581,UNIVERSIDADE FEDERAL DO RIO GRANDE DO SUL,UFRGS,1,Pública,Universidade,RS,4.30,5
2013,4925,FUNDAÇÃO UNIVERSIDADE FEDERAL DO ABC,UFABC,1,Pública,Universidade,SP,4.20,5
2013,592,UNIVERSIDADE FEDERAL DE LAVRAS,UFLA,1,Pública,Universidade,MG,4.19,5
2013,54,UNIVERSIDADE ESTADUAL DE CAMPINAS,UNICAMP,1,Pública,Universidade,SP,4.18,5
2013,575,UNIVERSIDADE FEDERAL DE MINAS GERAIS,UFMG,1,Pública,Universidade,MG,4.14,5
2013,8,UNIVERSIDADE FEDERAL DE VIÇOSA,UFV,1,Pública,Universidade,MG,4.07,5
2013,591,UNIVERSIDADE FEDERAL DE SÃO PAULO,UNIFESP,1,Pública,Universidade,SP,4.05,5
2013,585,UNIVERSIDADE FEDERAL DE SANTA CATARINA,UFSC,1,Pública,Universidade,SC,4.02,5
2013,7,UNIVERSIDADE FEDERAL DE SÃO CARLOS,UFSCAR,1,Pública,Universidade,SP,4.01,5
2013,2,UNIVERSIDADE DE BRASÍLIA,UNB,1,Pública,Universidade,DF,3.94,4
2013,1027,UNIVERSIDADE ESTADUAL DO NORTE FLUMINENSE DARCY RIBEIRO,UENF,1,Pública,Universidade,RJ,3.91,4
2013,586,UNIVERSIDADE FEDERAL DO RIO DE JANEIRO,UFRJ,1,Pública,Universidade,RJ,3.86,4
2013,56,UNIVERSIDADE ESTADUAL PAULISTA JÚLIO DE MESQUITA FILHO,UNESP,1,Pública,Universidade,SP,3.85,4
2013,717,FUNDAÇÃO UNIVERSIDADE FEDERAL DE CIÊNCIAS DA SAÚDE DE PORTO ALEGRE,UFCSPA,1,Pública,Universidade,RS,3.82,4
2013,597,UNIVERSIDADE FEDERAL DO TRIÂNGULO MINEIRO,UFTM,1,Pública,Universidade,MG,3.74,4
2013,528,PONTIFÍCIA UNIVERSIDADE CATÓLICA DO RIO DE JANEIRO,PUC-RIO,0,Privada,Universidade,RJ,3.72,4
2013,582,UNIVERSIDADE FEDERAL DE SANTA MARIA,UFSM,1,Pública,Universidade,RS,3.72,4
2013,43,FUNDAÇÃO UNIVERSIDADE DO ESTADO DE SANTA CATARINA,UDESC,1,Pública,Universidade,SC,3.69,4
2013,570,UNIVERSIDADE FEDERAL DO RIO GRANDE DO NORTE,UFRN,1,Pública,Universidade,RN,3.68,4
2013,598,UNIVERSIDADE FEDERAL DE ITAJUBÁ - UNIFEI,UNIFEI,1,Pública,Universidade,MG,3.67,4
2013,576,UNIVERSIDADE FEDERAL DE JUIZ DE FORA,UFJF,1,Pública,Universidade,MG,3.66,4
2013,9,UNIVERSIDADE ESTADUAL DE LONDRINA,UEL,1,Pública,Universidade,PR,3.64,4
2013,584,UNIVERSIDADE FEDERAL DE GOIÁS,UFG,1,Pública,Universidade,GO,3.62,4
2013,583,UNIVERSIDADE FEDERAL DO CEARÁ,UFC,1,Pública,Universidade,CE,3.62,4
2013,588,UNIVERSIDADE TECNOLÓGICA FEDERAL DO PARANÁ,UTFPR,1,Pública,Universidade,PR,3.60,4
2013,17,UNIVERSIDADE FEDERAL DE UBERLÂNDIA,UFU,1,Pública,Universidade,MG,3.60,4
2013,609,UNIVERSIDADE ESTADUAL DO OESTE DO PARANÁ,UNIOESTE,1,Pública,Universidade,PR,3.58,4
2013,571,UNIVERSIDADE FEDERAL DO PARANÁ,UFPR,1,Pública,Universidade,PR,3.58,4
2013,14,UNIVERSIDADE DO VALE DO RIO DOS SINOS,UNISINOS,0,Privada,Universidade,RS,3.57,4
2013,21,PONTIFÍCIA UNIVERSIDADE CATÓLICA DO RIO GRANDE DO SUL,PUCRS,0,Privada,Universidade,RS,3.57,4
2013,580,UNIVERSIDADE FEDERAL DE PERNAMBUCO,UFPE,1,Pública Federal,Universidade,PE,3.56,4
2013,595,UNIVERSIDADE FEDERAL DE ALFENAS,UNIFAL-MG,1,Pública,Universidade,MG,3.56,4
2013,1126,UNIVERSIDADE ESTADUAL DO CENTRO OESTE,UNICENTRO,1,Pública,Universidade,PR,3.51,4
2013,4504,FUNDAÇÃO UNIVERSIDADE FEDERAL DA GRANDE DOURADOS,UFGD,1,Pública,Universidade,MS,3.50,4
2013,634,UNIVERSIDADE FEDERAL DE PELOTAS,UFPEL,1,Pública,Universidade,RS,3.50,4
2013,6,UNIVERSIDADE FEDERAL DE OURO PRETO,UFOP,1,Pública,Universidade,MG,3.49,4
2013,57,UNIVERSIDADE ESTADUAL DE MARINGÁ,UEM,1,Pública,Universidade,PR,3.47,4
2013,579,UNIVERSIDADE FEDERAL DA PARAÍBA,UFPB,1,Pública,Universidade,PB,3.44,4
2013,2564,UNIVERSIDADE FEDERAL DE CAMPINA GRANDE,UFCG,1,Pública,Universidade,PB,3.43,4
2013,546,PONTIFÍCIA UNIVERSIDADE CATÓLICA DE SÃO PAULO,PUCSP,0,Privada,Universidade,SP,3.41,4
2013,574,UNIVERSIDADE FEDERAL RURAL DO RIO DE JANEIRO,UFRRJ,1,Pública,Universidade,RJ,3.41,4
2013,1808,"INSTITUTO FEDERAL DE EDUCAÇÃO, CIÊNCIA E TECNOLOGIA DO ESPÍRITO SANTO",IFES,1,Pública,"Instituto Federal de Educação, Ciência e Tecnologia",ES,3.39,4
2013,578,UNIVERSIDADE FEDERAL DA BAHIA,UFBA,1,Pública,Universidade,BA,3.38,4
2013,596,UNIVERSIDADE FEDERAL DOS VALES DO JEQUITINHONHA E MUCURI,UFVJM,1,Pública,Universidade,MG,3.37,4
2013,3162,"INSTITUTO FEDERAL DE EDUCAÇÃO, CIÊNCIA E TECNOLOGIA DE SANTA CATARINA",IFSC,1,Pública,"Instituto Federal de Educação, Ciência e Tecnologia",SC,3.37,4
2013,107,UNIVERSIDADE FEDERAL DE SÃO JOÃO DEL REI,UFSJ,1,Pública,Universidade,MG,3.36,4
2013,3336,UNIVERSIDADE ESTADUAL DO RIO GRANDE DO SUL,UERGS,1,Pública,Universidade,RS,3.35,4
2013,322,UNIVERSIDADE PAULISTA,UNIP,0,Privada,Universidade,SP,3.35,4
2013,1578,"INSTITUTO FEDERAL DE EDUCAÇÃO, CIÊNCIA E TECNOLOGIA SUL-RIO-GRANDENSE",IFSul,1,Pública,"Instituto Federal de Educação, Ciência e Tecnologia",RS,3.35,4
2013,730,UNIVERSIDADE ESTADUAL DE PONTA GROSSA,UEPG,1,Pública,Universidade,PR,3.34,4
2013,601,"INSTITUTO FEDERAL DE EDUCAÇÃO, CIÊNCIA E TECNOLOGIA DO RIO GRANDE DO SUL",IFRS,1,Pública,"Instituto Federal de Educação, Ciência e Tecnologia",RS,3.33,4
2013,693,UNIVERSIDADE FEDERAL DO ESTADO DO RIO DE JANEIRO,UNIRIO,1,Pública,Universidade,RJ,3.32,4
2013,3165,"INSTITUTO FEDERAL DE EDUCAÇÃO, CIÊNCIA E TECNOLOGIA DO TRIÂNGULO MINEIRO",,1,Pública,"Instituto Federal de Educação, Ciência e Tecnologia",MG,3.26,4
2013,572,UNIVERSIDADE FEDERAL FLUMINENSE,UFF,1,Pública,Universidade,RJ,3.26,4
2013,23,UNIVERSIDADE FEEVALE,FEEVALE,0,Privada,Universidade,RS,3.25,4
2013,4358,"INSTITUTO FEDERAL DE EDUCAÇÃO, CIÊNCIA E TECNOLOGIA DO SUL DE MINAS GERAIS",IF SUL DE MINAS,1,Pública,"Instituto Federal de Educação, Ciência e Tecnologia",MG,3.25,4
2013,165,UNIVERSIDADE VEIGA DE ALMEIDA,UVA,0,Privada,Universidade,RJ,3.23,4
2013,589,UNIVERSIDADE FEDERAL RURAL DO SEMI-ÁRIDO,UFERSA,1,Pública,Universidade,RN,3.23,4
2013,5322,FUNDAÇÃO UNIVERSIDADE FEDERAL DO PAMPA - UNIPAMPA,UNIPAMPA,1,Pública,Universidade,RS,3.22,4
2013,295,UNIVERSIDADE DE SANTA CRUZ DO SUL,UNISC,0,Privada,Universidade,RS,3.20,4
2013,12,UNIVERSIDADE FEDERAL DO RIO GRANDE,FURG,1,Pública,Universidade,RS,3.20,4
2013,1042,UNIVERSIDADE POSITIVO,UP,0,Privada,Universidade,PR,3.19,4
2013,532,UNIVERSIDADE REGIONAL DO NOROESTE DO ESTADO DO RIO GRANDE DO SUL,UNIJUI,0,Privada,Universidade,RS,3.19,4
2013,83,UNIVERSIDADE DO VALE DO ITAJAÍ,UNIVALI,0,Privada,Universidade,SC,3.14,4
2013,208,UNIVERSIDADE DE RIBEIRÃO PRETO,UNAERP,0,Privada,Universidade,SP,3.13,4
2013,573,UNIVERSIDADE FEDERAL DO ESPÍRITO SANTO,UFES,1,Pública,Universidade,ES,3.13,4
2013,1082,"INSTITUTO FEDERAL DE EDUCAÇÃO, CIÊNCIA E TECNOLOGIA DO RIO GRANDE DO NORTE",IFRN,1,Pública,"Instituto Federal de Educação, Ciência e Tecnologia",RN,3.12,4
2013,137,UNIVERSIDADE DO SAGRADO CORAÇÃO,USC,0,Privada,Universidade,SP,3.11,4
2013,4503,UNIVERSIDADE FEDERAL DO RECÔNCAVO DA BAHIA,UFRB,1,Pública,Universidade,BA,3.10,4
2013,18,UNIVERSIDADE CATÓLICA DE PELOTAS,UCPEL,0,Privada,Universidade,RS,3.09,4
2013,420,UNIVERSIDADE DE MARÍLIA,UNIMAR,0,Privada,Universidade,SP,3.08,4
2013,271,UNIVERSIDADE DO OESTE PAULISTA,UNOESTE,0,Privada,Universidade,SP,3.07,4
2013,3,UNIVERSIDADE FEDERAL DE SERGIPE,UFS,1,Pública,Universidade,SE,3.05,4
2013,547,UNIVERSIDADE DO ESTADO DO RIO DE JANEIRO,UERJ,1,Pública,Universidade,RJ,3.05,4
2013,1303,"INSTITUTO FEDERAL DE EDUCAÇÃO, CIÊNCIA E TECNOLOGIA GOIANO",IF Goiano,1,Pública,"Instituto Federal de Educação, Ciência e Tecnologia",GO,3.04,4
2013,4786,"INSTITUTO FEDERAL DE EDUCAÇÃO, CIÊNCIA E TECNOLOGIA DO TOCANTINS",IFTO,1,Pública,"Instituto Federal de Educação, Ciência e Tecnologia",TO,3.04,4
2013,1,UNIVERSIDADE FEDERAL DE MATO GROSSO,UFMT,1,Pública,Universidade,MT,3.04,4
2013,3984,FUNDAÇÃO UNIVERSIDADE FEDERAL DO VALE DO SÃO FRANCISCO,UNIVASF,1,Pública,Universidade,PE,3.03,4
2013,694,UNIVERSIDADE FEDERAL DE MATO GROSSO DO SUL,UFMS,1,Pública,Universidade,MS,3.03,4
2013,221,UNIVERSIDADE CRUZEIRO DO SUL,UNICSUL,0,Privada,Universidade,SP,3.02,4
2013,24,UNIVERSIDADE ESTADUAL DE SANTA CRUZ,UESC,1,Pública,Universidade,BA,3.01,4
2013,569,UNIVERSIDADE FEDERAL DO PARÁ,UFPA,1,Pública,Universidade,PA,3.01,4
2013,227,UNIVERSIDADE CATÓLICA DE SANTOS,UNISANTOS,0,Privada,Universidade,SP,3.00,4
2013,20,UNIVERSIDADE DE PASSO FUNDO,UPF,0,Privada,Universidade,RS,3.00,4
2013,1166,"INSTITUTO FEDERAL DE EDUCAÇÃO, CIÊNCIA E TECNOLOGIA DA PARAÍBA",IFPB,1,Pública,"Instituto Federal de Educação, Ciência e Tecnologia",PB,3.00,4
2013,587,UNIVERSIDADE FEDERAL RURAL DE PERNAMBUCO,UFRPE,1,Pública,Universidade,PE,3.00,4
2013,3189,"INSTITUTO FEDERAL DE EDUCAÇÃO, CIÊNCIA E TECNOLOGIA DE MINAS GERAIS",IFMG,1,Pública,"Instituto Federal de Educação, Ciência e Tecnologia",MG,2.98,4
2013,13,UNIVERSIDADE DE CAXIAS DO SUL,UCS,0,Privada,Universidade,RS,2.98,4
2013,1811,"INSTITUTO FEDERAL DE EDUCAÇÃO, CIÊNCIA E TECNOLOGIA DE GOIÁS",IFG,1,Pública,"Instituto Federal de Educação, Ciência e Tecnologia",GO,2.97,4
2013,952,UNIVERSIDADE SANTA CECÍLIA,UNISANTA,0,Privada,Universidade,SP,2.97,4
2013,1810,"INSTITUTO FEDERAL DE EDUCAÇÃO, CIÊNCIA E TECNOLOGIA DE SÃO PAULO",IFSP,1,Pública,"Instituto Federal de Educação, Ciência e Tecnologia",SP,2.97,4
2013,3164,"INSTITUTO FEDERAL DE EDUCAÇÃO, CIÊNCIA E TECNOLOGIA DE MATO GROSSO",IFMT,1,Pública,"Instituto Federal de Educação, Ciência e Tecnologia",MT,2.97,4
2013,316,UNIVERSIDADE NOVE DE JULHO,UNINOVE,0,Privada,Universidade,SP,2.96,4
2013,367,UNIVERSIDADE ESTADUAL DE MONTES CLAROS,UNIMONTES,1,Pública,Universidade,MG,2.95,4
2013,780,UNIVERSIDADE DE CUIABÁ,UNIC / PITÁGORAS,0,Privada,Universidade,MT,2.95,4
2013,3849,FUNDAÇÃO UNIVERSIDADE FEDERAL DO TOCANTINS,UFT,1,Pública,Universidade,TO,2.93,3
2013,3279,"INSTITUTO FEDERAL DE EDUCAÇÃO, CIÊNCIA E TECNOLOGIA DO SUDESTE DE MINAS GERAIS",IFSEMG,1,Pública,"Instituto Federal de Educação, Ciência e Tecnologia",MG,2.92,3
2013,441,UNIVERSIDADE DO CONTESTADO,UNC,0,Privada,Universidade,SC,2.91,3
2013,5,UNIVERSIDADE FEDERAL DO PIAUÍ,UFPI,1,Pública,Universidade,PI,2.91,3
2013,3163,"INSTITUTO FEDERAL DE EDUCAÇÃO, CIÊNCIA E TECNOLOGIA DO RIO DE JANEIRO",IFRJ,1,Pública,"Instituto Federal de Educação, Ciência e Tecnologia",RJ,2.90,3
2013,1812,"INSTITUTO FEDERAL DE EDUCAÇÃO, CIÊNCIA E TECNOLOGIA DO AMAZONAS",IFAM,1,Pública,"Instituto Federal de Educação, Ciência e Tecnologia",AM,2.90,3
2013,823,UNIVERSIDADE DO CEUMA - UNICEUMA,UNICEUMA,0,Privada,Universidade,MA,2.90,3
2013,688,UNIVERSIDADE ESTADUAL DO SUDOESTE DA BAHIA,UESB,1,Pública,Universidade,BA,2.89,3
2013,789,UNIVERSIDADE FEDERAL DE RORAIMA,UFRR,1,Pública,Universidade,RR,2.89,3
2013,446,UNIVERSIDADE DE CRUZ ALTA,UNICRUZ,0,Privada,Universidade,RS,2.89,3
2013,577,UNIVERSIDADE FEDERAL DE ALAGOAS,UFAL,1,Pública,Universidade,AL,2.88,3
2013,10,PONTIFÍCIA UNIVERSIDADE CATÓLICA DO PARANÁ,PUCPR,0,Privada,Universidade,PR,2.88,3
2013,664,UNIVERSIDADE VILA VELHA,UVV,0,Privada,Universidade,ES,2.88,3
2013,466,UNIVERSIDADE ANHEMBI MORUMBI,UAM,0,Privada,Universidade,SP,2.87,3
2013,22,UNIVERSIDADE PRESBITERIANA MACKENZIE,MACKENZIE,0,Privada,Universidade,SP,2.86,3
2013,3160,"INSTITUTO FEDERAL DE EDUCAÇÃO, CIÊNCIA E TECNOLOGIA DE ALAGOAS",IFAL,1,Pública,"Instituto Federal de Educação, Ciência e Tecnologia",AL,2.85,3
2013,338,PONTIFÍCIA UNIVERSIDADE CATÓLICA DE MINAS GERAIS,PUC MINAS,0,Privada,Universidade,MG,2.85,3
2013,482,UNIVERSIDADE DO EXTREMO SUL CATARINENSE,UNESC,0,Privada,Universidade,SC,2.85,3
2013,82,UNIVERSIDADE DO OESTE DE SANTA CATARINA,UNOESC,1,Pública,Universidade,SC,2.84,3
2013,15,UNIVERSIDADE CATÓLICA DE PETRÓPOLIS,UCP,0,Privada,Universidade,RJ,2.84,3
2013,403,UNIVERSIDADE CATÓLICA DE BRASÍLIA,UCB,0,Privada,Universidade,DF,2.83,3
2013,76,UNIVERSIDADE REGIONAL DE BLUMENAU,FURB,1,Pública,Universidade,SC,2.83,3
2013,423,UNIVERSIDADE REGIONAL INTEGRADA DO ALTO URUGUAI E DAS MISSÕES,URI,0,Privada,Universidade,RS,2.82,3
2013,670,UNIVERSIDADE SÃO FRANCISCO,USF,0,Privada,Universidade,SP,2.81,3
2013,4098,"INSTITUTO FEDERAL DE EDUCAÇÃO, CIÊNCIA E TECNOLOGIA FARROUPILHA",IFFarroupilha,1,Pública,"Instituto Federal de Educação, Ciência e Tecnologia",RS,2.81,3
2013,398,UNIVERSIDADE TIRADENTES,UNIT,0,Privada,Universidade,SE,2.79,3
2013,203,UNIVERSIDADE SÃO JUDAS TADEU,USJT,0,Privada,Universidade,SP,2.78,3
2013,15015,Universidade Estadual do Norte do Paraná,UENP,1,Pública,Universidade,PR,2.78,3
2013,550,UNIVERSIDADE ESTADUAL DA PARAÍBA,UEPB,1,Pública,Universidade,PB,2.77,3
2013,548,UNIVERSIDADE FEDERAL DO MARANHÃO,UFMA,1,Pública,Universidade,MA,2.77,3
2013,494,UNIVERSIDADE DO SUL DE SANTA CATARINA,UNISUL,0,Privada,Universidade,SC,2.77,3
2013,4,UNIVERSIDADE FEDERAL DO AMAZONAS,UFAM,1,Pública,Universidade,AM,2.76,3
2013,472,UNIVERSIDADE DO GRANDE RIO PROFESSOR JOSÉ DE SOUZA HERDY,UNIGRANRIO,0,Privada,Universidade,RJ,2.75,3
2013,437,UNIVERSIDADE PARANAENSE,UNIPAR,0,Privada,Universidade,PR,2.75,3
2013,699,FUNDAÇÃO UNIVERSIDADE FEDERAL DE RONDÔNIA,UNIR,1,Pública,Universidade,RO,2.75,3
2013,1820,"INSTITUTO FEDERAL DE EDUCAÇÃO, CIÊNCIA E TECNOLOGIA DO PIAUÍ",IFPI,1,Pública,"Instituto Federal de Educação, Ciência e Tecnologia",PI,2.72,3
2013,387,UNIVERSIDADE CATÓLICA DOM BOSCO,UCDB,0,Privada,Universidade,MS,2.72,3
2013,555,UNIVERSIDADE DE FORTALEZA,UNIFOR,0,Privada,Universidade,CE,2.71,3
2013,71,UNIVERSIDADE DO ESTADO DO RIO GRANDE DO NORTE,UERN,1,Pública,Universidade,RN,2.70,3
2013,275,UNIVERSIDADE DO VALE DO PARAÍBA,UNIVAP,0,Privada,Universidade,SP,2.69,3
2013,29,UNIVERSIDADE ESTADUAL DO CEARÁ,UECE,1,Pública,Universidade,CE,2.69,3
2013,3184,"INSTITUTO FEDERAL DE EDUCAÇÃO, CIÊNCIA E TECNOLOGIA DE RORAIMA",IFRR,1,Pública,"Instituto Federal de Educação, Ciência e Tecnologia",RR,2.68,3
2013,383,UNIVERSIDADE DA AMAZÔNIA,UNAMA,0,Privada,Universidade,PA,2.67,3
2013,385,UNIVERSIDADE SALVADOR,UNIFACS,0,Privada,Universidade,BA,2.66,3
2013,3151,UNIVERSIDADE COMUNITÁRIA DA REGIÃO DE CHAPECÓ,UNOCHAPECÓ,0,Privada,Universidade,SC,2.65,3
2013,665,UNIVERSIDADE DE TAUBATÉ,UNITAU,1,Pública,Universidade,SP,2.65,3
2013,3188,"INSTITUTO FEDERAL DE EDUCAÇÃO, CIÊNCIA E TECNOLOGIA DO NORTE DE MINAS GERAIS",IFNMG,1,Pública,"Instituto Federal de Educação, Ciência e Tecnologia",MG,2.64,3
2013,266,UNIVERSIDADE METODISTA DE PIRACICABA,UNIMEP,0,Privada,Universidade,SP,2.63,3
2013,1036,UNIVERSIDADE DO ESTADO DE MINAS GERAIS,UEMG,1,Pública,Universidade,MG,2.63,3
2013,756,UNIVERSIDADE ESTADUAL DO PIAUÍ,UESPI,1,Pública,Universidade,PI,2.62,3
2013,355,UNIVERSIDADE TUIUTI DO PARANÁ,UTP,0,Privada,Universidade,PR,2.62,3
2013,140,UNIVERSIDADE SEVERINO SOMBRA,USS,0,Privada,Universidade,RJ,2.61,3
2013,746,UNIVERSIDADE REGIONAL DO CARIRI,URCA,1,Pública,Universidade,CE,2.61,3
2013,4785,INSTITUTO FEDERAL DE EDUCAÇÃO CIÊNCIA E TECNOLOGIA DE RONDÔNIA,IFRO,1,Pública,"Instituto Federal de Educação, Ciência e Tecnologia",RO,2.61,3
2013,1809,"INSTITUTO FEDERAL DE EDUCAÇÃO, CIÊNCIA E TECNOLOGIA DE PERNAMBUCO",IFPE,1,Pública,"Instituto Federal de Educação, Ciência e Tecnologia",PE,2.60,3
2013,167,UNIVERSIDADE METODISTA DE SÃO PAULO,UMESP,0,Privada,Universidade,SP,2.60,3
2013,1586,UNIVERSIDADE DO VALE DO SAPUCAÍ,UNIVÁS,0,Privada,Universidade,MG,2.59,3
2013,150,UNIVERSIDADE DE SOROCABA,UNISO,0,Privada,Universidade,SP,2.59,3
2013,549,UNIVERSIDADE FEDERAL DO ACRE,UFAC,1,Pública,Universidade,AC,2.58,3
2013,18759,UNIVERSIDADE FEDERAL DO CARIRI,UFCA,1,Pública,Universidade,CE,2.57,3
2013,3172,UNIVERSIDADE DO ESTADO DO AMAZONAS,UEA,1,Pública,Universidade,AM,2.57,3
2013,81,UNIVERSIDADE DA REGIÃO DE JOINVILLE,UNIVILLE,0,Privada,Universidade,SC,2.57,3
2013,496,UNIVERSIDADE DE FRANCA,UNIFRAN,0,Privada,Universidade,SP,2.56,3
2013,30,UNIVERSIDADE JOSÉ DO ROSÁRIO VELLANO,UNIFENAS,0,Privada,Universidade,MG,2.54,3
2013,830,UNIVERSIDADE FEDERAL DO AMAPÁ,UNIFAP,1,Pública,Universidade,AP,2.54,3
2013,19,PONTIFÍCIA UNIVERSIDADE CATÓLICA DE CAMPINAS,PUC-CAMPINAS,0,Privada,Universidade,SP,2.53,3
2013,526,UNIVERSIDADE BRAZ CUBAS,UBC,0,Privada,Universidade,SP,2.53,3
2013,409,UNIVERSIDADE DE PERNAMBUCO,UPE,1,Pública,Universidade,PE,2.53,3
2013,719,UNIVERSIDADE DO ESTADO DE MATO GROSSO,UNEMAT,1,Pública,Universidade,MT,2.53,3
2013,1028,UNIVERSIDADE ESTADUAL DE MATO GROSSO DO SUL,UEMS,1,Pública,Universidade,MS,2.51,3
2013,417,UNIVERSIDADE CIDADE DE SÃO PAULO,UNICID,0,Privada,Universidade,SP,2.51,3
2013,600,"INSTITUTO FEDERAL DE EDUCAÇÃO, CIÊNCIA E TECNOLOGIA DO MARANHÃO",IFMA,1,Pública,"Instituto Federal de Educação, Ciência e Tecnologia",MA,2.48,3
2013,215,UNIVERSIDADE DO GRANDE ABC,UNIABC,0,Privada com fins lucrativos,Universidade,SP,2.47,3
2013,1557,UNIVERSIDADE FUMEC,FUMEC,0,Privada,Universidade,MG,2.47,3
2013,1807,"INSTITUTO FEDERAL DE EDUCAÇÃO, CIÊNCIA E TECNOLOGIA DO CEARÁ",IFCE,1,Pública,"Instituto Federal de Educação, Ciência e Tecnologia",CE,2.46,3
2013,590,UNIVERSIDADE FEDERAL RURAL DA AMAZÔNIA,UFRA,1,Pública,Universidade,PA,2.46,3
2013,163,UNIVERSIDADE ESTÁCIO DE SÁ,UNESA,0,Privada,Universidade,RJ,2.46,3
2013,521,UNIVERSIDADE DE MOGI DAS CRUZES,UMC,0,Privada,Universidade,SP,2.46,3
2013,40,UNIVERSIDADE DO ESTADO DA BAHIA,UNEB,1,Pública,Universidade,BA,2.45,3
2013,1128,UNIVERSIDADE DE ITAÚNA,UI,0,Privada,Universidade,MG,2.45,3
2013,599,"INSTITUTO FEDERAL DE EDUCAÇÃO, CIÊNCIA E TECNOLOGIA DA BAHIA",IFBA,1,Pública,"Instituto Federal de Educação, Ciência e Tecnologia",BA,2.45,3
2013,663,UNIVERSIDADE SALGADO DE OLIVEIRA,UNIVERSO,0,Privada,Universidade,RJ,2.44,3
2013,11,UNIVERSIDADE CATÓLICA DE PERNAMBUCO,UNICAP,0,Privada,Universidade,PE,2.44,3
2013,718,UNIVERSIDADE POTIGUAR,UNP,0,Privada,Universidade,RN,2.41,3
2013,298,UNIVERSIDADE NORTE DO PARANÁ,UNOPAR,0,Privada,Universidade,PR,2.41,3
2013,32,UNIVERSIDADE ESTADUAL DE CIÊNCIAS DA SAÚDE DE ALAGOAS - UNCISAL,UNCISAL,1,Pública,Universidade,AL,2.40,3
2013,319,UNIVERSIDADE CAMILO CASTELO BRANCO,UNICASTELO,0,Privada,Universidade,SP,2.37,3
2013,5701,UNIVERSIDADE DO ESTADO DO AMAPÁ,UEAP,1,Pública,Universidade,AP,2.37,3
2013,1189,UNIVERSIDADE DO PLANALTO CATARINENSE,UNIPLAC,0,Privada,Universidade,SC,2.37,3
2013,14724,"INSTITUTO FEDERAL DE EDUCAÇÃO, CIÊNCIA E TECNOLOGIA DO PARANÁ",IFPR,1,Pública,"Instituto Federal de Educação, Ciência e Tecnologia",PR,2.36,3
2013,449,UNIVERSIDADE LUTERANA DO BRASIL,ULBRA,0,Privada,Universidade,RS,2.36,3
2013,296,UNIVERSIDADE DA REGIÃO DA CAMPANHA,URCAMP,0,Privada,Universidade,RS,2.34,3
2013,953,UNIVERSIDADE METROPOLITANA DE SANTOS,UNIMES,0,Privada,Universidade,SP,2.34,3
2013,143,UNIVERSIDADE DE UBERABA,UNIUBE,0,Privada,Universidade,MG,2.34,3
2013,95,UNIVERSIDADE ESTADUAL DO VALE DO ACARAÚ,UVA,1,Pública,Universidade,CE,2.33,3
2013,330,UNIVERSIDADE IGUAÇU,UNIG,0,Privada,Universidade,RJ,2.33,3
2013,671,UNIVERSIDADE ANHANGUERA - UNIDERP,UNIDERP,0,Privada,Universidade,MS,2.32,3
2013,1120,"INSTITUTO FEDERAL DE EDUCAÇÃO, CIÊNCIA E TECNOLOGIA FLUMINENSE",IF Fluminense,1,Pública,"Instituto Federal de Educação, Ciência e Tecnologia",RJ,2.31,3
2013,527,PONTIFÍCIA UNIVERSIDADE CATÓLICA DE GOIÁS,PUC GOIÁS,0,Privada,Universidade,GO,2.31,3
2013,457,UNIVERSIDADE ANHANGUERA DE SÃO PAULO - UNIAN-SP,UNIAN - SP,0,Privada,Universidade,SP,2.31,3
2013,669,UNIVERSIDADE NILTON LINS,UNINILTONLINS,0,Privada,Universidade,AM,2.28,3
2013,458,UNIVERSIDADE IBIRAPUERA,UNIB,0,Privada,Universidade,SP,2.28,3
2013,3183,"INSTITUTO FEDERAL DE EDUCAÇÃO, CIÊNCIA E TECNOLOGIA DE SERGIPE",IFS,1,Pública,"Instituto Federal de Educação, Ciência e Tecnologia",SE,2.28,3
2013,47,UNIVERSIDADE ESTADUAL DE GOIÁS,UEG,1,Pública,Universidade,GO,2.27,3
2013,15032,UNIVERSIDADE ALTO VALE DO RIO DO PEIXE,UNIARP,0,Privada,Universidade,SC,2.27,3
2013,605,UNIVERSIDADE MUNICIPAL DE SÃO CAETANO DO SUL,USCS,1,Pública,Universidade,SP,2.27,3
2013,519,UNIVERSIDADE CATÓLICA DO SALVADOR,UCSAL,0,Privada,Universidade,BA,2.24,3
2013,481,UNIVERSIDADE GUARULHOS,UNG,0,Privada,Universidade,SP,2.20,3
2013,513,UNIVERSIDADE VALE DO RIO DOCE,UNIVALE,0,Privada,Universidade,MG,2.14,3
2013,568,UNIVERSIDADE ESTADUAL DO MARANHÃO,UEMA,1,Pública,Universidade,MA,2.13,3
2013,375,UNIVERSIDADE DE SANTO AMARO,UNISA,0,Privada,Universidade,SP,2.12,3
2013,38,UNIVERSIDADE DO ESTADO DO PARÁ,UEPA,1,Pública,Universidade,PA,2.11,3
2013,666,UNIVERSIDADE ESTADUAL DE FEIRA DE SANTANA,UEFS,1,Pública,Universidade,BA,2.08,3
2013,176,UNIVERSIDADE CASTELO BRANCO,UCB,0,Privada,Universidade,RJ,2.08,3
2013,3161,"Instituto Federal de Educação, Ciência e Tecnologia do Sertão Pernambucano",,1,Pública,"Instituto Federal de Educação, Ciência e Tecnologia",PE,2.06,3
2013,3974,UNIVERSIDADE DE RIO VERDE,FESURV,1,Pública,Universidade,GO,2.05,3
2013,27,UNIVERSIDADE VALE DO RIO VERDE,UNINCOR,0,Privada,Universidade,MG,2.04,3
2013,5077,UNIVERSIDADE ESTADUAL DE RORAIMA,UERR,1,Pública,Universidade,RR,2.01,3
2013,308,UNIVERSIDADE PRESIDENTE ANTÔNIO CARLOS,UNIPAC,0,Privada,Universidade,MG,1.96,3
2013,1153,UNIVERSIDADE CÂNDIDO MENDES,UCAM,0,Privada,Universidade,RJ,1.94,2
2013,15059,UNIVERSIDADE FEDERAL DO OESTE DO PARÁ,UFOPA,1,Pública,Universidade,PA,1.93,2
2013,1813,"INSTITUTO FEDERAL DE EDUCAÇÃO, CIÊNCIA E TECNOLOGIA DO PARÁ",IFPA,1,Pública,"Instituto Federal de Educação, Ciência e Tecnologia",PA,1.86,2
2013,15507,"Instituto Federal de Educação, Ciência e Tecnologia do Acre",IFAC,1,Pública,"Instituto Federal de Educação, Ciência e Tecnologia",AC,1.68,2
2013,829,UNIVERSIDADE DO TOCANTINS,UNITINS,1,Pública,Universidade,TO,1.39,2
2013,240,UNIVERSIDADE SANTA ÚRSULA,USU,0,Privada,Universidade,RJ,1.12,2
2012,581,UNIVERSIDADE FEDERAL DO RIO GRANDE DO SUL,UFRGS,1,Pública,Universidade,RS,4.28,5
2012,592,UNIVERSIDADE FEDERAL DE LAVRAS,UFLA,1,Pública,Universidade,MG,4.23,5
2012,4925,FUNDAÇÃO UNIVERSIDADE FEDERAL DO ABC,UFABC,1,Pública,Universidade,SP,4.23,5
2012,54,UNIVERSIDADE ESTADUAL DE CAMPINAS,UNICAMP,1,Pública,Universidade,SP,4.18,5
2012,575,UNIVERSIDADE FEDERAL DE MINAS GERAIS,UFMG,1,Pública,Universidade,MG,4.10,5
2012,597,UNIVERSIDADE FEDERAL DO TRIÂNGULO MINEIRO,UFTM,1,Pública,Universidade,MG,4.04,5
2012,7,UNIVERSIDADE FEDERAL DE SÃO CARLOS,UFSCAR,1,Pública,Universidade,SP,4.03,5
2012,8,UNIVERSIDADE FEDERAL DE VIÇOSA,UFV,1,Pública,Universidade,MG,4.01,5
2012,717,FUNDAÇÃO UNIVERSIDADE FEDERAL DE CIÊNCIAS DA SAÚDE DE PORTO ALEGRE,UFCSPA,1,Pública,Universidade,RS,4.00,5
2012,585,UNIVERSIDADE FEDERAL DE SANTA CATARINA,UFSC,1,Pública,Universidade,SC,3.93,4
2012,591,UNIVERSIDADE FEDERAL DE SÃO PAULO,UNIFESP,1,Pública,Universidade,SP,3.93,4
2012,1027,UNIVERSIDADE ESTADUAL DO NORTE FLUMINENSE DARCY RIBEIRO,UENF,1,Pública,Universidade,RJ,3.92,4
2012,2,UNIVERSIDADE DE BRASÍLIA,UNB,1,Pública,Universidade,DF,3.88,4
2012,586,UNIVERSIDADE FEDERAL DO RIO DE JANEIRO,UFRJ,1,Pública,Universidade,RJ,3.84,4
2012,56,UNIVERSIDADE ESTADUAL PAULISTA JÚLIO DE MESQUITA FILHO,UNESP,1,Pública,Universidade,SP,3.77,4
2012,528,PONTIFÍCIA UNIVERSIDADE CATÓLICA DO RIO DE JANEIRO,PUC-RIO,0,Privada,Universidade,RJ,3.75,4
2012,582,UNIVERSIDADE FEDERAL DE SANTA MARIA,UFSM,1,Pública,Universidade,RS,3.74,4
2012,43,FUNDAÇÃO UNIVERSIDADE DO ESTADO DE SANTA CATARINA,UDESC,1,Pública,Universidade,SC,3.72,4
2012,570,UNIVERSIDADE FEDERAL DO RIO GRANDE DO NORTE,UFRN,1,Pública,Universidade,RN,3.68,4
2012,595,UNIVERSIDADE FEDERAL DE ALFENAS,UNIFAL-MG,1,Pública,Universidade,MG,3.68,4
2012,576,UNIVERSIDADE FEDERAL DE JUIZ DE FORA,UFJF,1,Pública,Universidade,MG,3.60,4
2012,584,UNIVERSIDADE FEDERAL DE GOIÁS,UFG,1,Pública,Universidade,GO,3.59,4
2012,634,UNIVERSIDADE FEDERAL DE PELOTAS,UFPEL,1,Pública,Universidade,RS,3.57,4
2012,546,PONTIFÍCIA UNIVERSIDADE CATÓLICA DE SÃO PAULO,PUCSP,0,Privada,Universidade,SP,3.56,4
2012,9,UNIVERSIDADE ESTADUAL DE LONDRINA,UEL,1,Pública,Universidade,PR,3.56,4
2012,598,UNIVERSIDADE FEDERAL DE ITAJUBÁ - UNIFEI,UNIFEI,1,Pública,Universidade,MG,3.56,4
2012,588,UNIVERSIDADE TECNOLÓGICA FEDERAL DO PARANÁ,UTFPR,1,Pública,Universidade,PR,3.55,4
2012,580,UNIVERSIDADE FEDERAL DE PERNAMBUCO,UFPE,1,Pública,Universidade,PE,3.53,4
2012,21,PONTIFÍCIA UNIVERSIDADE CATÓLICA DO RIO GRANDE DO SUL,PUCRS,0,Privada,Universidade,RS,3.53,4
2012,57,UNIVERSIDADE ESTADUAL DE MARINGÁ,UEM,1,Pública,Universidade,PR,3.53,4
2012,571,UNIVERSIDADE FEDERAL DO PARANÁ,UFPR,1,Pública,Universidade,PR,3.53,4
2012,583,UNIVERSIDADE FEDERAL DO CEARÁ,UFC,1,Pública,Universidade,CE,3.52,4
2012,596,UNIVERSIDADE FEDERAL DOS VALES DO JEQUITINHONHA E MUCURI,UFVJM,1,Pública,Universidade,MG,3.51,4
2012,14,UNIVERSIDADE DO VALE DO RIO DOS SINOS,UNISINOS,0,Privada,Universidade,RS,3.50,4
2012,4504,FUNDAÇÃO UNIVERSIDADE FEDERAL DA GRANDE DOURADOS,UFGD,1,Pública,Universidade,MS,3.50,4
2012,17,UNIVERSIDADE FEDERAL DE UBERLÂNDIA,UFU,1,Pública,Universidade,MG,3.50,4
2012,2564,UNIVERSIDADE FEDERAL DE CAMPINA GRANDE,UFCG,1,Pública,Universidade,PB,3.50,4
2012,609,UNIVERSIDADE ESTADUAL DO OESTE DO PARANÁ,UNIOESTE,1,Pública,Universidade,PR,3.48,4
2012,6,UNIVERSIDADE FEDERAL DE OURO PRETO,UFOP,1,Pública,Universidade,MG,3.43,4
2012,574,UNIVERSIDADE FEDERAL RURAL DO RIO DE JANEIRO,UFRRJ,1,Pública,Universidade,RJ,3.40,4
2012,107,UNIVERSIDADE FEDERAL DE SÃO JOÃO DEL REI,UFSJ,1,Pública,Universidade,MG,3.40,4
2012,3336,UNIVERSIDADE ESTADUAL DO RIO GRANDE DO SUL,UERGS,1,Pública,Universidade,RS,3.39,4
2012,693,UNIVERSIDADE FEDERAL DO ESTADO DO RIO DE JANEIRO,UNIRIO,1,Pública,Universidade,RJ,3.38,4
2012,579,UNIVERSIDADE FEDERAL DA PARAÍBA,UFPB,1,Pública,Universidade,PB,3.37,4
2012,730,UNIVERSIDADE ESTADUAL DE PONTA GROSSA,UEPG,1,Pública,Universidade,PR,3.36,4
2012,578,UNIVERSIDADE FEDERAL DA BAHIA,UFBA,1,Pública,Universidade,BA,3.35,4
2012,322,UNIVERSIDADE PAULISTA,UNIP,0,Privada,Universidade,SP,3.33,4
2012,1126,UNIVERSIDADE ESTADUAL DO CENTRO OESTE,UNICENTRO,1,Pública,Universidade,PR,3.32,4
2012,572,UNIVERSIDADE FEDERAL FLUMINENSE,UFF,1,Pública,Universidade,RJ,3.30,4
2012,5322,FUNDAÇÃO UNIVERSIDADE FEDERAL DO PAMPA - UNIPAMPA,UNIPAMPA,1,Pública,Universidade,RS,3.27,4
2012,589,UNIVERSIDADE FEDERAL RURAL DO SEMI-ÁRIDO,UFERSA,1,Pública,Universidade,RN,3.22,4
2012,165,UNIVERSIDADE VEIGA DE ALMEIDA,UVA,0,Privada,Universidade,RJ,3.19,4
2012,23,UNIVERSIDADE FEEVALE,FEEVALE,0,Privada,Universidade,RS,3.19,4
2012,295,UNIVERSIDADE DE SANTA CRUZ DO SUL,UNISC,0,Privada,Universidade,RS,3.14,4
2012,12,UNIVERSIDADE FEDERAL DO RIO GRANDE,FURG,1,Pública,Universidade,RS,3.13,4
2012,137,UNIVERSIDADE DO SAGRADO CORAÇÃO,USC,0,Privada,Universidade,SP,3.11,4
2012,1042,UNIVERSIDADE POSITIVO,UP,0,Privada,Universidade,PR,3.11,4
2012,4503,UNIVERSIDADE FEDERAL DO RECÔNCAVO DA BAHIA,UFRB,1,Pública,Universidade,BA,3.10,4
2012,1,UNIVERSIDADE FEDERAL DE MATO GROSSO,UFMT,1,Pública,Universidade,MT,3.10,4
2012,83,UNIVERSIDADE DO VALE DO ITAJAÍ,UNIVALI,0,Privada,Universidade,SC,3.09,4
2012,573,UNIVERSIDADE FEDERAL DO ESPÍRITO SANTO,UFES,1,Pública,Universidade,ES,3.09,4
2012,587,UNIVERSIDADE FEDERAL RURAL DE PERNAMBUCO,UFRPE,1,Pública,Universidade,PE,3.09,4
2012,208,UNIVERSIDADE DE RIBEIRÃO PRETO,UNAERP,0,Privada,Universidade,SP,3.07,4
2012,532,UNIVERSIDADE REGIONAL DO NOROESTE DO ESTADO DO RIO GRANDE DO SUL,UNIJUI,0,Privada,Universidade,RS,3.06,4
2012,694,UNIVERSIDADE FEDERAL DE MATO GROSSO DO SUL,UFMS,1,Pública,Universidade,MS,3.05,4
2012,18,UNIVERSIDADE CATÓLICA DE PELOTAS,UCPEL,0,Privada,Universidade,RS,3.05,4
2012,221,UNIVERSIDADE CRUZEIRO DO SUL,UNICSUL,0,Privada,Universidade,SP,3.04,4
2012,590,UNIVERSIDADE FEDERAL RURAL DA AMAZÔNIA,UFRA,1,Pública,Universidade,PA,3.03,4
2012,20,UNIVERSIDADE DE PASSO FUNDO,UPF,0,Privada,Universidade,RS,3.01,4
2012,3,UNIVERSIDADE FEDERAL DE SERGIPE,UFS,1,Pública,Universidade,SE,3.00,4
2012,547,UNIVERSIDADE DO ESTADO DO RIO DE JANEIRO,UERJ,1,Pública,Universidade,RJ,2.99,4
2012,952,UNIVERSIDADE SANTA CECÍLIA,UNISANTA,0,Privada,Universidade,SP,2.97,4
2012,24,UNIVERSIDADE ESTADUAL DE SANTA CRUZ,UESC,1,Pública,Universidade,BA,2.97,4
2012,420,UNIVERSIDADE DE MARÍLIA,UNIMAR,0,Privada,Universidade,SP,2.97,4
2012,3849,FUNDAÇÃO UNIVERSIDADE FEDERAL DO TOCANTINS,UFT,1,Pública,Universidade,TO,2.94,3
2012,569,UNIVERSIDADE FEDERAL DO PARÁ,UFPA,1,Pública,Universidade,PA,2.93,3
2012,13,UNIVERSIDADE DE CAXIAS DO SUL,UCS,0,Privada,Universidade,RS,2.92,3
2012,271,UNIVERSIDADE DO OESTE PAULISTA,UNOESTE,0,Privada,Universidade,SP,2.91,3
2012,789,UNIVERSIDADE FEDERAL DE RORAIMA,UFRR,1,Pública,Universidade,RR,2.90,3
2012,5,UNIVERSIDADE FEDERAL DO PIAUÍ,UFPI,1,Pública,Universidade,PI,2.90,3
2012,227,UNIVERSIDADE CATÓLICA DE SANTOS,UNISANTOS,0,Privada,Universidade,SP,2.89,3
2012,367,UNIVERSIDADE ESTADUAL DE MONTES CLAROS,UNIMONTES,1,Pública,Universidade,MG,2.87,3
2012,466,UNIVERSIDADE ANHEMBI MORUMBI,UAM,0,Privada,Universidade,SP,2.86,3
2012,316,UNIVERSIDADE NOVE DE JULHO,UNINOVE,0,Privada,Universidade,SP,2.86,3
2012,577,UNIVERSIDADE FEDERAL DE ALAGOAS,UFAL,1,Pública,Universidade,AL,2.85,3
2012,664,UNIVERSIDADE VILA VELHA,UVV,0,Privada,Universidade,ES,2.84,3
2012,338,PONTIFÍCIA UNIVERSIDADE CATÓLICA DE MINAS GERAIS,PUC MINAS,0,Privada,Universidade,MG,2.84,3
2012,548,UNIVERSIDADE FEDERAL DO MARANHÃO,UFMA,1,Pública,Universidade,MA,2.83,3
2012,15,UNIVERSIDADE CATÓLICA DE PETRÓPOLIS,UCP,0,Privada,Universidade,RJ,2.83,3
2012,22,UNIVERSIDADE PRESBITERIANA MACKENZIE,MACKENZIE,0,Privada,Universidade,SP,2.82,3
2012,76,UNIVERSIDADE REGIONAL DE BLUMENAU,FURB,1,Pública,Universidade,SC,2.81,3
2012,3984,FUNDAÇÃO UNIVERSIDADE FEDERAL DO VALE DO SÃO FRANCISCO,UNIVASF,1,Pública,Universidade,PE,2.80,3
2012,203,UNIVERSIDADE SÃO JUDAS TADEU,USJT,0,Privada,Universidade,SP,2.79,3
2012,472,UNIVERSIDADE DO GRANDE RIO PROFESSOR JOSÉ DE SOUZA HERDY,UNIGRANRIO,0,Privada,Universidade,RJ,2.78,3
2012,482,UNIVERSIDADE DO EXTREMO SUL CATARINENSE,UNESC,0,Privada,Universidade,SC,2.78,3
2012,15015,Universidade Estadual do Norte do Paraná,UENP,1,Pública,Universidade,PR,2.78,3
2012,10,PONTIFÍCIA UNIVERSIDADE CATÓLICA DO PARANÁ,PUCPR,0,Privada,Universidade,PR,2.77,3
2012,403,UNIVERSIDADE CATÓLICA DE BRASÍLIA,UCB,0,Privada,Universidade,DF,2.77,3
2012,29,UNIVERSIDADE ESTADUAL DO CEARÁ,UECE,1,Pública,Universidade,CE,2.77,3
2012,780,UNIVERSIDADE DE CUIABÁ,UNIC / PITÁGORAS,0,Privada,Universidade,MT,2.76,3
2012,699,FUNDAÇÃO UNIVERSIDADE FEDERAL DE RONDÔNIA,UNIR,1,Pública,Universidade,RO,2.75,3
2012,398,UNIVERSIDADE TIRADENTES,UNIT,0,Privada,Universidade,SE,2.75,3
2012,82,UNIVERSIDADE DO OESTE DE SANTA CATARINA,UNOESC,1,Pública,Universidade,SC,2.75,3
2012,670,UNIVERSIDADE SÃO FRANCISCO,USF,0,Privada,Universidade,SP,2.75,3
2012,441,UNIVERSIDADE DO CONTESTADO,UNC,0,Privada,Universidade,SC,2.75,3
2012,446,UNIVERSIDADE DE CRUZ ALTA,UNICRUZ,0,Privada,Universidade,RS,2.75,3
2012,383,UNIVERSIDADE DA AMAZÔNIA,UNAMA,0,Privada,Universidade,PA,2.74,3
2012,423,UNIVERSIDADE REGIONAL INTEGRADA DO ALTO URUGUAI E DAS MISSÕES,URI,0,Privada,Universidade,RS,2.73,3
2012,823,UNIVERSIDADE DO CEUMA - UNICEUMA,UNICEUMA,0,Privada,Universidade,MA,2.73,3
2012,550,UNIVERSIDADE ESTADUAL DA PARAÍBA,UEPB,1,Pública,Universidade,PB,2.72,3
2012,4,UNIVERSIDADE FEDERAL DO AMAZONAS,UFAM,1,Pública,Universidade,AM,2.72,3
2012,688,UNIVERSIDADE ESTADUAL DO SUDOESTE DA BAHIA,UESB,1,Pública,Universidade,BA,2.72,3
2012,555,UNIVERSIDADE DE FORTALEZA,UNIFOR,0,Privada,Universidade,CE,2.71,3
2012,387,UNIVERSIDADE CATÓLICA DOM BOSCO,UCDB,0,Privada,Universidade,MS,2.70,3
2012,494,UNIVERSIDADE DO SUL DE SANTA CATARINA,UNISUL,0,Privada,Universidade,SC,2.69,3
2012,385,UNIVERSIDADE SALVADOR,UNIFACS,0,Privada,Universidade,BA,2.68,3
2012,437,UNIVERSIDADE PARANAENSE,UNIPAR,0,Privada,Universidade,PR,2.65,3
2012,3151,UNIVERSIDADE COMUNITÁRIA DA REGIÃO DE CHAPECÓ,UNOCHAPECÓ,1,Pública,Universidade,SC,2.64,3
2012,275,UNIVERSIDADE DO VALE DO PARAÍBA,UNIVAP,0,Privada,Universidade,SP,2.62,3
2012,266,UNIVERSIDADE METODISTA DE PIRACICABA,UNIMEP,0,Privada,Universidade,SP,2.61,3
2012,665,UNIVERSIDADE DE TAUBATÉ,UNITAU,1,Pública,Universidade,SP,2.61,3
2012,1036,UNIVERSIDADE DO ESTADO DE MINAS GERAIS,UEMG,1,Pública,Universidade,MG,2.60,3
2012,167,UNIVERSIDADE METODISTA DE SÃO PAULO,UMESP,0,Privada,Universidade,SP,2.59,3
2012,746,UNIVERSIDADE REGIONAL DO CARIRI,URCA,1,Pública,Universidade,CE,2.57,3
2012,549,UNIVERSIDADE FEDERAL DO ACRE,UFAC,1,Pública,Universidade,AC,2.57,3
2012,756,UNIVERSIDADE ESTADUAL DO PIAUÍ,UESPI,1,Pública,Universidade,PI,2.57,3
2012,30,UNIVERSIDADE JOSÉ DO ROSÁRIO VELLANO,UNIFENAS,0,Privada,Universidade,MG,2.57,3
2012,71,UNIVERSIDADE DO ESTADO DO RIO GRANDE DO NORTE,UERN,1,Pública,Universidade,RN,2.57,3
2012,140,UNIVERSIDADE SEVERINO SOMBRA,USS,0,Privada,Universidade,RJ,2.56,3
2012,830,UNIVERSIDADE FEDERAL DO AMAPÁ,UNIFAP,1,Pública,Universidade,AP,2.55,3
2012,298,UNIVERSIDADE NORTE DO PARANÁ,UNOPAR,0,Privada,Universidade,PR,2.54,3
2012,355,UNIVERSIDADE TUIUTI DO PARANÁ,UTP,0,Privada,Universidade,PR,2.53,3
2012,19,PONTIFÍCIA UNIVERSIDADE CATÓLICA DE CAMPINAS,PUC-CAMPINAS,0,Privada,Universidade,SP,2.52,3
2012,150,UNIVERSIDADE DE SOROCABA,UNISO,0,Privada,Universidade,SP,2.52,3
2012,81,UNIVERSIDADE DA REGIÃO DE JOINVILLE,UNIVILLE,0,Privada,Universidade,SC,2.52,3
2012,409,UNIVERSIDADE DE PERNAMBUCO,UPE,1,Pública,Universidade,PE,2.52,3
2012,719,UNIVERSIDADE DO ESTADO DE MATO GROSSO,UNEMAT,1,Pública,Universidade,MT,2.51,3
2012,3172,UNIVERSIDADE DO ESTADO DO AMAZONAS,UEA,1,Pública,Universidade,AM,2.50,3
2012,32,UNIVERSIDADE ESTADUAL DE CIÊNCIAS DA SAÚDE DE ALAGOAS - UNCISAL,UNCISAL,1,Pública,Universidade,AL,2.49,3
2012,496,UNIVERSIDADE DE FRANCA,UNIFRAN,0,Privada,Universidade,SP,2.48,3
2012,417,UNIVERSIDADE CIDADE DE SÃO PAULO,,0,Privada,Universidade,SP,2.47,3
2012,163,UNIVERSIDADE ESTÁCIO DE SÁ,UNESA,0,Privada,Universidade,RJ,2.46,3
2012,215,UNIVERSIDADE DO GRANDE ABC,UNIABC,0,Privada,Universidade,SP,2.45,3
2012,1028,UNIVERSIDADE ESTADUAL DE MATO GROSSO DO SUL,UEMS,1,Pública,Universidade,MS,2.45,3
2012,1128,UNIVERSIDADE DE ITAÚNA,UI,0,Privada,Universidade,MG,2.44,3
2012,40,UNIVERSIDADE DO ESTADO DA BAHIA,UNEB,1,Pública,Universidade,BA,2.42,3
2012,319,UNIVERSIDADE CAMILO CASTELO BRANCO,UNICASTELO,0,Privada,Universidade,SP,2.42,3
2012,521,UNIVERSIDADE DE MOGI DAS CRUZES,UMC,0,Privada,Universidade,SP,2.41,3
2012,1557,UNIVERSIDADE FUMEC,FUMEC,0,Privada,Universidade,MG,2.40,3
2012,526,UNIVERSIDADE BRAZ CUBAS,UBC,0,Privada,Universidade,SP,2.39,3
2012,449,UNIVERSIDADE LUTERANA DO BRASIL,ULBRA,0,Privada,Universidade,RS,2.38,3
2012,953,UNIVERSIDADE METROPOLITANA DE SANTOS,UNIMES,0,Privada,Universidade,SP,2.38,3
2012,143,UNIVERSIDADE DE UBERABA,UNIUBE,0,Privada,Universidade,MG,2.38,3
2012,5701,UNIVERSIDADE DO ESTADO DO AMAPÁ,UEAP,1,Pública,Universidade,AP,2.37,3
2012,11,UNIVERSIDADE CATÓLICA DE PERNAMBUCO,UNICAP,0,Privada,Universidade,PE,2.36,3
2012,671,UNIVERSIDADE ANHANGUERA - UNIDERP,UNIDERP,0,Privada,Universidade,MS,2.35,3
2012,519,UNIVERSIDADE CATÓLICA DO SALVADOR,UCSAL,0,Privada,Universidade,BA,2.34,3
2012,663,UNIVERSIDADE SALGADO DE OLIVEIRA,UNIVERSO,0,Privada,Universidade,RJ,2.34,3
2012,718,UNIVERSIDADE POTIGUAR,UNP,0,Privada,Universidade,RN,2.32,3
2012,458,UNIVERSIDADE IBIRAPUERA,UNIB,0,Privada,Universidade,SP,2.32,3
2012,527,PONTIFÍCIA UNIVERSIDADE CATÓLICA DE GOIÁS,PUC GOIÁS,0,Privada,Universidade,GO,2.30,3
2012,15032,UNIVERSIDADE ALTO VALE DO RIO DO PEIXE,UNIARP,0,Privada,Universidade,SC,2.30,3
2012,95,UNIVERSIDADE ESTADUAL DO VALE DO ACARAÚ,UVA,1,Pública,Universidade,CE,2.29,3
2012,47,UNIVERSIDADE ESTADUAL DE GOIÁS,UEG,1,Pública,Universidade,GO,2.28,3
2012,16,UNIVERSIDADE GAMA FILHO,UGF,0,Privada,Universidade,RJ,2.27,3
2012,669,UNIVERSIDADE NILTON LINS,UNINILTONLINS,0,Privada,Universidade,AM,2.25,3
2012,296,UNIVERSIDADE DA REGIÃO DA CAMPANHA,URCAMP,0,Privada,Universidade,RS,2.24,3
2012,605,UNIVERSIDADE MUNICIPAL DE SÃO CAETANO DO SUL,USCS,1,Pública,Universidade,SP,2.23,3
2012,481,UNIVERSIDADE GUARULHOS,UNG,0,Privada,Universidade,SP,2.21,3
2012,1189,UNIVERSIDADE DO PLANALTO CATARINENSE,UNIPLAC,0,Privada,Universidade,SC,2.20,3
2012,457,UNIVERSIDADE BANDEIRANTE ANHANGUERA,UNIBAN,0,Privada,Universidade,SP,2.19,3
2012,513,UNIVERSIDADE VALE DO RIO DOCE,UNIVALE,0,Privada,Universidade,MG,2.19,3
2012,375,UNIVERSIDADE DE SANTO AMARO,UNISA,0,Privada,Universidade,SP,2.17,3
2012,330,UNIVERSIDADE IGUAÇU,UNIG,0,Privada,Universidade,RJ,2.17,3
2012,176,UNIVERSIDADE CASTELO BRANCO,UCB,0,Privada,Universidade,RJ,2.12,3
2012,38,UNIVERSIDADE DO ESTADO DO PARÁ,UEPA,1,Pública,Universidade,PA,2.11,3
2012,1586,UNIVERSIDADE DO VALE DO SAPUCAÍ,UNIVÁS,0,Privada,Universidade,MG,2.11,3
2012,568,UNIVERSIDADE ESTADUAL DO MARANHÃO,UEMA,1,Pública,Universidade,MA,2.08,3
2012,308,UNIVERSIDADE PRESIDENTE ANTÔNIO CARLOS,UNIPAC,0,Privada,Universidade,MG,2.06,3
2012,5077,UNIVERSIDADE ESTADUAL DE RORAIMA,UERR,1,Pública,Universidade,RR,2.03,3
2012,15059,UNIVERSIDADE FEDERAL DO OESTE DO PARÁ,UFOPA,1,Pública,Universidade,PA,2.03,3
2012,1153,UNIVERSIDADE CÂNDIDO MENDES,UCAM,0,Privada,Universidade,RJ,2.00,3
2012,264,UNIVERSIDADE SÃO MARCOS,USM,0,Privada,Universidade,SP,1.98,0
2012,666,UNIVERSIDADE ESTADUAL DE FEIRA DE SANTANA,UEFS,1,Pública,Universidade,BA,1.96,3
2012,829,UNIVERSIDADE DO TOCANTINS,UNITINS,1,Pública,Universidade,TO,1.83,2
2012,3974,UNIVERSIDADE DE RIO VERDE,FESURV,1,Pública,Universidade,GO,1.82,2
2012,27,UNIVERSIDADE VALE DO RIO VERDE,UNINCOR,0,Privada,Universidade,MG,1.74,2
2012,5242,UNIVERSIDADE ESTADUAL DE ALAGOAS - UNEAL,UNEAL,1,Pública,Universidade,AL,1.68,2
2012,240,UNIVERSIDADE SANTA ÚRSULA,USU,0,Privada,Universidade,RJ,1.12,2
2012,15497,UNIVERSIDADE DA INTEGRAÇÃO INTERNACIONAL DA LUSOFONIA AFRO-BRASILEIRA,UNILAB,1,Pública,Universidade,CE,0.00,0
2012,15001,UNIVERSIDADE FEDERAL DA INTEGRAÇÃO LATINO-AMERICANA,UNILA,1,Pública,Universidade,PR,0.00,0
2012,15121,UNIVERSIDADE FEDERAL DA FRONTEIRA SUL,UFFS,1,Pública,Universidade,SC,0.00,0
2011,5036,"INSTITUTO FEDERAL DE EDUCAÇÃO, CIÊNCIA E TECNOLOGIA CATARINENSE",IF Catarinense,1,Pública,Universidade,SC,0.00,0
2010,15121,UNIVERSIDADE FEDERAL DA FRONTEIRA SUL,UFFS,1,Pública,Universidade,SC,0.00,0
2011,15059,UNIVERSIDADE FEDERAL DO OESTE DO PARÁ,UFOPA,1,Pública,Universidade,PA,0.00,0
2010,14509,"INSTITUTO FEDERAL DE EDUCAÇÃO, CIÊNCIA E TECNOLOGIA BAIANO",IFBAIANO,1,Pública,Universidade,BA,0.00,0
2011,4786,"INSTITUTO FEDERAL DE EDUCAÇÃO, CIÊNCIA E TECNOLOGIA DO TOCANTINS",IFTO,1,Pública,Universidade,TO,0.00,0
2011,581,UNIVERSIDADE FEDERAL DO RIO GRANDE DO SUL,UFRGS,1,Pública,Universidade,RS,4.28,5
2011,4925,FUNDAÇÃO UNIVERSIDADE FEDERAL DO ABC,UFABC,1,Pública,Universidade,SP,4.26,5
2011,592,UNIVERSIDADE FEDERAL DE LAVRAS,UFLA,1,Pública,Universidade,MG,4.25,5
2011,54,UNIVERSIDADE ESTADUAL DE CAMPINAS,UNICAMP,1,Pública,Universidade,SP,4.22,5
2011,575,UNIVERSIDADE FEDERAL DE MINAS GERAIS,UFMG,1,Pública,Universidade,MG,4.14,5
2011,8,UNIVERSIDADE FEDERAL DE VIÇOSA,UFV,1,Pública,Universidade,MG,4.08,5
2011,597,UNIVERSIDADE FEDERAL DO TRIÂNGULO MINEIRO,UFTM,1,Pública,Universidade,MG,4.05,5
2011,7,UNIVERSIDADE FEDERAL DE SÃO CARLOS,UFSCAR,1,Pública,Universidade,SP,4.02,5
2011,585,UNIVERSIDADE FEDERAL DE SANTA CATARINA,UFSC,1,Pública,Universidade,SC,3.98,5
2011,591,UNIVERSIDADE FEDERAL DE SÃO PAULO,UNIFESP,1,Pública,Universidade,SP,3.95,5
2010,717,FUNDAÇÃO UNIVERSIDADE FEDERAL DE CIÊNCIAS DA SAÚDE DE PORTO ALEGRE,UFCSPA,1,Pública,Universidade,RS,3.92,4
2011,1027,UNIVERSIDADE ESTADUAL DO NORTE FLUMINENSE DARCY RIBEIRO,UENF,1,Pública,Universidade,RJ,3.92,4
2011,2,UNIVERSIDADE DE BRASÍLIA,UNB,1,Pública,Universidade,DF,3.88,4
2011,586,UNIVERSIDADE FEDERAL DO RIO DE JANEIRO,UFRJ,1,Pública,Universidade,RJ,3.85,4
2011,528,PONTIFÍCIA UNIVERSIDADE CATÓLICA DO RIO DE JANEIRO,PUC-RIO,0,Privada,Universidade,RJ,3.77,4
2011,56,UNIVERSIDADE ESTADUAL PAULISTA JÚLIO DE MESQUITA FILHO,UNESP,1,Pública,Universidade,SP,3.75,4
2011,546,PONTIFÍCIA UNIVERSIDADE CATÓLICA DE SÃO PAULO,PUCSP,0,Privada,Universidade,SP,3.75,4
2011,582,UNIVERSIDADE FEDERAL DE SANTA MARIA,UFSM,1,Pública,Universidade,RS,3.72,4
2011,43,FUNDAÇÃO UNIVERSIDADE DO ESTADO DE SANTA CATARINA,UDESC,1,Pública,Universidade,SC,3.69,4
2011,21,PONTIFÍCIA UNIVERSIDADE CATÓLICA DO RIO GRANDE DO SUL,PUCRS,0,Privada,Universidade,RS,3.68,4
2011,570,UNIVERSIDADE FEDERAL DO RIO GRANDE DO NORTE,UFRN,1,Pública,Universidade,RN,3.66,4
2011,3162,"INSTITUTO FEDERAL DE EDUCAÇÃO, CIÊNCIA E TECNOLOGIA  DE SANTA CATARINA",IF-SC,1,Pública,Universidade,SC,3.64,4
2011,595,UNIVERSIDADE FEDERAL DE ALFENAS,UNIFAL-MG,1,Pública,Universidade,MG,3.64,4
2011,576,UNIVERSIDADE FEDERAL DE JUIZ DE FORA,UFJF,1,Pública,Universidade,MG,3.60,4
2011,57,UNIVERSIDADE ESTADUAL DE MARINGÁ,UEM,1,Pública,Universidade,PR,3.60,4
2011,598,UNIVERSIDADE FEDERAL DE ITAJUBÁ - UNIFEI,UNIFEI,1,Pública,Universidade,MG,3.58,4
2011,17,UNIVERSIDADE FEDERAL DE UBERLÂNDIA,UFU,1,Pública,Universidade,MG,3.57,4
2011,1578,"INSTITUTO FEDERAL DE EDUCAÇÃO, CIÊNCIA E TECNOLOGIA SUL-RIO-GRANDENSE",IFSul,1,Pública,Universidade,RS,3.57,4
2011,584,UNIVERSIDADE FEDERAL DE GOIÁS,UFG,1,Pública,Universidade,GO,3.56,4
2011,634,UNIVERSIDADE FEDERAL DE PELOTAS,UFPEL,1,Pública,Universidade,RS,3.56,4
2011,580,UNIVERSIDADE FEDERAL DE PERNAMBUCO,UFPE,1,Pública,Universidade,PE,3.55,4
2011,571,UNIVERSIDADE FEDERAL DO PARANÁ,UFPR,1,Pública,Universidade,PR,3.54,4
2011,3336,UNIVERSIDADE ESTADUAL DO RIO GRANDE DO SUL,UERGS,1,Pública,Universidade,RS,3.54,4
2011,583,UNIVERSIDADE FEDERAL DO CEARÁ,UFC,1,Pública,Universidade,CE,3.52,4
2011,588,UNIVERSIDADE TECNOLÓGICA FEDERAL DO PARANÁ,UTFPR,1,Pública,Universidade,PR,3.52,4
2011,9,UNIVERSIDADE ESTADUAL DE LONDRINA,UEL,1,Pública,Universidade,PR,3.50,4
2011,596,UNIVERSIDADE FEDERAL DOS VALES DO JEQUITINHONHA E MUCURI,UFVJM,1,Pública,Universidade,MG,3.50,4
2011,2564,UNIVERSIDADE FEDERAL DE CAMPINA GRANDE,UFCG,1,Pública,Universidade,PB,3.48,4
2011,14,UNIVERSIDADE DO VALE DO RIO DOS SINOS,UNISINOS,0,Privada,Universidade,RS,3.46,4
2011,589,UNIVERSIDADE FEDERAL RURAL DO SEMI-ÁRIDO,UFERSA,1,Pública,Universidade,RN,3.43,4
2011,609,UNIVERSIDADE ESTADUAL DO OESTE DO PARANÁ,UNIOESTE,1,Pública,Universidade,PR,3.42,4
2011,4504,FUNDAÇÃO UNIVERSIDADE FEDERAL DA GRANDE DOURADOS,UFGD,1,Pública,Universidade,MS,3.42,4
2011,6,UNIVERSIDADE FEDERAL DE OURO PRETO,UFOP,1,Pública,Universidade,MG,3.41,4
2011,579,UNIVERSIDADE FEDERAL DA PARAÍBA,UFPB,1,Pública,Universidade,PB,3.41,4
2011,107,UNIVERSIDADE FEDERAL DE SÃO JOÃO DEL REI,UFSJ,1,Pública,Universidade,MG,3.40,4
2011,572,UNIVERSIDADE FEDERAL FLUMINENSE,UFF,1,Pública,Universidade,RJ,3.38,4
2011,601,"INSTITUTO FEDERAL DE EDUCAÇÃO, CIÊNCIA E TECNOLOGIA DO RIO GRANDE DO SUL",IFRS,1,Pública,Universidade,RS,3.37,4
2011,4358,"INSTITUTO FEDERAL DE EDUCAÇÃO, CIÊNCIA E TECNOLOGIA DO SUL DE MINAS GERAIS",IF SUL DE MINAS,1,Pública,Universidade,MG,3.34,4
2011,1808,"INSTITUTO FEDERAL DE EDUCAÇÃO, CIÊNCIA E TECNOLOGIA DO ESPÍRITO SANTO",IFES,1,Pública,Universidade,ES,3.34,4
2011,574,UNIVERSIDADE FEDERAL RURAL DO RIO DE JANEIRO,UFRRJ,1,Pública,Universidade,RJ,3.33,4
2011,578,UNIVERSIDADE FEDERAL DA BAHIA,UFBA,1,Pública,Universidade,BA,3.33,4
2011,730,UNIVERSIDADE ESTADUAL DE PONTA GROSSA,UEPG,1,Pública,Universidade,PR,3.30,4
2011,5322,FUNDAÇÃO UNIVERSIDADE FEDERAL DO PAMPA - UNIPAMPA,UNIPAMPA,1,Pública,Universidade,RS,3.30,4
2011,693,UNIVERSIDADE FEDERAL DO ESTADO DO RIO DE JANEIRO,UNIRIO,1,Pública,Universidade,RJ,3.27,4
2011,12,UNIVERSIDADE FEDERAL DO RIO GRANDE,FURG,1,Pública,Universidade,RS,3.17,4
2011,573,UNIVERSIDADE FEDERAL DO ESPÍRITO SANTO,UFES,1,Pública,Universidade,ES,3.17,4
2011,322,UNIVERSIDADE PAULISTA,UNIP,0,Privada,Universidade,SP,3.15,4
2011,694,UNIVERSIDADE FEDERAL DE MATO GROSSO DO SUL,UFMS,1,Pública,Universidade,MS,3.15,4
2011,1303,"INSTITUTO FEDERAL DE EDUCAÇÃO, CIÊNCIA E TECNOLOGIA GOIANO",IF Goiano,1,Pública,Universidade,GO,3.12,4
2011,1810,"INSTITUTO FEDERAL DE EDUCAÇÃO, CIÊNCIA E TECNOLOGIA DE SÃO PAULO",IFSP,1,Pública,Universidade,SP,3.10,4
2011,4503,UNIVERSIDADE FEDERAL DO RECÔNCAVO DA BAHIA,UFRB,1,Pública,Universidade,BA,3.09,4
2011,1082,"INSTITUTO FEDERAL DE EDUCAÇÃO, CIÊNCIA E TECNOLOGIA DO RIO GRANDE DO NORTE",IFRN,1,Pública,Universidade,RN,3.09,4
2011,587,UNIVERSIDADE FEDERAL RURAL DE PERNAMBUCO,UFRPE,1,Pública,Universidade,PE,3.08,4
2011,295,UNIVERSIDADE DE SANTA CRUZ DO SUL,UNISC,0,Privada,Universidade,RS,3.08,4
2011,1,UNIVERSIDADE FEDERAL DE MATO GROSSO,UFMT,1,Pública,Universidade,MT,3.08,4
2011,3165,"INSTITUTO FEDERAL DE EDUCAÇÃO, CIÊNCIA E TECNOLOGIA  DO TRIÂNGULO MINEIRO",,1,Pública,Universidade,MG,3.06,4
2011,165,UNIVERSIDADE VEIGA DE ALMEIDA,UVA,0,Privada,Universidade,RJ,3.05,4
2011,137,UNIVERSIDADE DO SAGRADO CORAÇÃO,USC,0,Privada,Universidade,SP,3.05,4
2011,547,UNIVERSIDADE DO ESTADO DO RIO DE JANEIRO,UERJ,1,Pública,Universidade,RJ,3.03,4
2011,1126,UNIVERSIDADE ESTADUAL DO CENTRO OESTE,UNICENTRO,1,Pública,Universidade,PR,3.03,4
2011,24,UNIVERSIDADE ESTADUAL DE SANTA CRUZ,UESC,1,Pública,Universidade,BA,3.01,4
2011,23,UNIVERSIDADE FEEVALE,FEEVALE,0,Privada,Universidade,RS,3.01,4
2011,3,UNIVERSIDADE FEDERAL DE SERGIPE,UFS,1,Pública,Universidade,SE,2.99,4
2011,18,UNIVERSIDADE CATÓLICA DE PELOTAS,UCPEL,0,Privada,Universidade,RS,2.99,4
2011,1811,"INSTITUTO FEDERAL DE EDUCAÇÃO, CIÊNCIA E TECNOLOGIA DE GOIÁS",IFG,1,Pública,Universidade,GO,2.98,4
2011,5,UNIVERSIDADE FEDERAL DO PIAUÍ,UFPI,1,Pública,Universidade,PI,2.98,4
2011,590,UNIVERSIDADE FEDERAL RURAL DA AMAZÔNIA,UFRA,1,Pública,Universidade,PA,2.97,4
2011,569,UNIVERSIDADE FEDERAL DO PARÁ,UFPA,1,Pública,Universidade,PA,2.96,4
2011,952,UNIVERSIDADE SANTA CECÍLIA,UNISANTA,0,Privada,Universidade,SP,2.96,4
2011,548,UNIVERSIDADE FEDERAL DO MARANHÃO,UFMA,1,Pública,Universidade,MA,2.96,4
2011,1166,"INSTITUTO FEDERAL DE EDUCAÇÃO, CIÊNCIA E TECNOLOGIA  DA PARAÍBA",IFPB,1,Pública,Universidade,PB,2.96,4
2011,20,UNIVERSIDADE DE PASSO FUNDO,UPF,0,Privada,Universidade,RS,2.93,3
2011,208,UNIVERSIDADE DE RIBEIRÃO PRETO,UNAERP,0,Privada,Universidade,SP,2.92,3
2011,1042,UNIVERSIDADE POSITIVO,UP,0,Privada,Universidade,PR,2.92,3
2011,221,UNIVERSIDADE CRUZEIRO DO SUL,UNICSUL,0,Privada,Universidade,SP,2.91,3
2011,1812,"INSTITUTO FEDERAL DE EDUCAÇÃO, CIÊNCIA E TECNOLOGIA  DO AMAZONAS",IFAM,1,Pública,Universidade,AM,2.91,3
2011,13,UNIVERSIDADE DE CAXIAS DO SUL,UCS,0,Privada,Universidade,RS,2.91,3
2011,22,UNIVERSIDADE PRESBITERIANA MACKENZIE,MACKENZIE,0,Privada,Universidade,SP,2.90,3
2011,420,UNIVERSIDADE DE MARÍLIA,UNIMAR,0,Privada,Universidade,SP,2.90,3
2011,1809,"INSTITUTO FEDERAL DE EDUCAÇÃO, CIÊNCIA E TECNOLOGIA DE PERNAMBUCO",IFPE,1,Pública,Universidade,PE,2.89,3
2011,10,PONTIFÍCIA UNIVERSIDADE CATÓLICA DO PARANÁ,PUCPR,0,Privada,Universidade,PR,2.89,3
2011,338,PONTIFÍCIA UNIVERSIDADE CATÓLICA DE MINAS GERAIS,PUC MINAS,0,Privada,Universidade,MG,2.86,3
2011,83,UNIVERSIDADE DO VALE DO ITAJAÍ,UNIVALI,0,Privada,Universidade,SC,2.86,3
2011,387,UNIVERSIDADE CATÓLICA DOM BOSCO,UCDB,0,Privada,Universidade,MS,2.86,3
2011,3984,FUNDAÇÃO UNIVERSIDADE FEDERAL DO VALE DO SÃO FRANCISCO,UNIVASF,1,Pública,Universidade,PE,2.84,3
2011,403,UNIVERSIDADE CATÓLICA DE BRASÍLIA,UCB,0,Privada,Universidade,DF,2.84,3
2011,594,CENTRO FEDERAL DE EDUCAÇÃO TECNOLÓGICA DE MINAS GERAIS,CEFET/MG,1,Pública,Universidade,MG,2.84,3
2011,76,UNIVERSIDADE REGIONAL DE BLUMENAU,FURB,1,Pública,Universidade,SC,2.84,3
2011,3849,FUNDAÇÃO UNIVERSIDADE FEDERAL DO TOCANTINS,UFT,1,Pública,Universidade,TO,2.84,3
2011,1820,"INSTITUTO FEDERAL DE EDUCAÇÃO, CIÊNCIA E TECNOLOGIA DO PIAUÍ",IFPI,1,Pública,Universidade,PI,2.83,3
2011,789,UNIVERSIDADE FEDERAL DE RORAIMA,UFRR,1,Pública,Universidade,RR,2.81,3
2011,577,UNIVERSIDADE FEDERAL DE ALAGOAS,UFAL,1,Pública,Universidade,AL,2.81,3
2011,550,UNIVERSIDADE ESTADUAL DA PARAÍBA,UEPB,1,Pública,Universidade,PB,2.80,3
2011,3184,"INSTITUTO FEDERAL DE EDUCAÇÃO, CIÊNCIA E TECNOLOGIA DE RORAIMA",IFRR,1,Pública,Universidade,RR,2.80,3
2011,532,UNIVERSIDADE REGIONAL DO NOROESTE DO ESTADO DO RIO GRANDE DO SUL,UNIJUI,0,Privada,Universidade,RS,2.79,3
2011,15015,UNIVERSIDADE ESTADUAL DO NORTE DO PARANÁ,UENP,1,Pública,Universidade,PR,2.79,3
2011,3188,"INSTITUTO FEDERAL DE EDUCAÇÃO, CIÊNCIA E TECNOLOGIA DO NORTE DE MINAS GERAIS",IFNMG,1,Pública,Universidade,MG,2.78,3
2011,3164,"INSTITUTO FEDERAL DE EDUCAÇÃO, CIÊNCIA E TECNOLOGIA DE MATO GROSSO",IFMT,1,Pública,Universidade,MT,2.78,3
2011,316,UNIVERSIDADE NOVE DE JULHO,UNINOVE,0,Privada,Universidade,SP,2.77,3
2011,271,UNIVERSIDADE DO OESTE PAULISTA,UNOESTE,0,Privada,Universidade,SP,2.76,3
2011,3160,"INSTITUTO FEDERAL DE EDUCAÇÃO, CIÊNCIA E TECNOLOGIA DE ALAGOAS",IFAL,1,Pública,Universidade,AL,2.76,3
2011,699,FUNDAÇÃO UNIVERSIDADE FEDERAL DE RONDÔNIA,UNIR,1,Pública,Universidade,RO,2.75,3
2011,688,UNIVERSIDADE ESTADUAL DO SUDOESTE DA BAHIA,UESB,1,Pública,Universidade,BA,2.75,3
2011,3163,"INSTITUTO FEDERAL DE EDUCAÇÃO, CIÊNCIA E TECNOLOGIA DO RIO DE JANEIRO",IFRJ,1,Pública,Universidade,RJ,2.73,3
2011,367,UNIVERSIDADE ESTADUAL DE MONTES CLAROS,UNIMONTES,1,Pública,Universidade,MG,2.73,3
2011,29,UNIVERSIDADE ESTADUAL DO CEARÁ,UECE,1,Pública,Universidade,CE,2.73,3
2011,472,UNIVERSIDADE DO GRANDE RIO PROFESSOR JOSÉ DE SOUZA HERDY,UNIGRANRIO,0,Privada,Universidade,RJ,2.71,3
2011,423,UNIVERSIDADE REGIONAL INTEGRADA DO ALTO URUGUAI E DAS MISSÕES,URI,0,Privada,Universidade,RS,2.70,3
2011,203,UNIVERSIDADE SÃO JUDAS TADEU,USJT,0,Privada,Universidade,SP,2.70,3
2011,664,UNIVERSIDADE VILA VELHA,UVV,0,Privada,Universidade,ES,2.69,3
2011,4,UNIVERSIDADE FEDERAL DO AMAZONAS,UFAM,1,Pública,Universidade,AM,2.69,3
2011,298,UNIVERSIDADE NORTE DO PARANÁ,UNOPAR,0,Privada,Universidade,PR,2.69,3
2011,385,UNIVERSIDADE SALVADOR,UNIFACS,0,Privada,Universidade,BA,2.69,3
2011,555,UNIVERSIDADE DE FORTALEZA,UNIFOR,0,Privada,Universidade,CE,2.67,3
2011,593,CENTRO FEDERAL DE EDUCAÇÃO TECNOLÓGICA CELSO SUCKOW DA FONSECA,CEFET/RJ,1,Pública,Universidade,RJ,2.66,3
2011,482,UNIVERSIDADE DO EXTREMO SUL CATARINENSE,UNESC,0,Privada,Universidade,SC,2.63,3
2011,19,PONTIFÍCIA UNIVERSIDADE CATÓLICA DE CAMPINAS,PUC-CAMPINAS,0,Privada,Universidade,SP,2.63,3
2011,746,UNIVERSIDADE REGIONAL DO CARIRI,URCA,1,Pública,Universidade,CE,2.62,3
2011,3189,"INSTITUTO FEDERAL DE EDUCAÇÃO, CIÊNCIA E TECNOLOGIA DE MINAS GERAIS",IFMG,1,Pública,Universidade,MG,2.61,3
2011,15,UNIVERSIDADE CATÓLICA DE PETRÓPOLIS,UCP,0,Privada,Universidade,RJ,2.58,3
2011,409,UNIVERSIDADE DE PERNAMBUCO,UPE,1,Pública,Universidade,PE,2.58,3
2011,494,UNIVERSIDADE DO SUL DE SANTA CATARINA,UNISUL,0,Privada,Universidade,SC,2.57,3
2011,830,UNIVERSIDADE FEDERAL DO AMAPÁ,UNIFAP,1,Pública,Universidade,AP,2.56,3
2011,3151,UNIVERSIDADE COMUNITÁRIA DA REGIÃO DE CHAPECÓ,UNOCHAPECÓ,1,Pública,Universidade,SC,2.55,3
2011,549,UNIVERSIDADE FEDERAL DO ACRE,UFAC,1,Pública,Universidade,AC,2.55,3
2011,167,UNIVERSIDADE METODISTA DE SÃO PAULO,UMESP,0,Privada,Universidade,SP,2.54,3
2011,446,UNIVERSIDADE DE CRUZ ALTA,UNICRUZ,0,Privada,Universidade,RS,2.54,3
2011,3172,UNIVERSIDADE DO ESTADO DO AMAZONAS,UEA,1,Pública,Universidade,AM,2.52,3
2011,605,UNIVERSIDADE MUNICIPAL DE SÃO CAETANO DO SUL,USCS,1,Pública,Universidade,SP,2.52,3
2011,81,UNIVERSIDADE DA REGIÃO DE JOINVILLE,UNIVILLE,0,Privada,Universidade,SC,2.52,3
2011,227,UNIVERSIDADE CATÓLICA DE SANTOS,UNISANTOS,0,Privada,Universidade,SP,2.52,3
2011,519,UNIVERSIDADE CATÓLICA DO SALVADOR,UCSAL,0,Privada,Universidade,BA,2.52,3
2011,150,UNIVERSIDADE DE SOROCABA,UNISO,0,Privada,Universidade,SP,2.51,3
2011,1036,UNIVERSIDADE DO ESTADO DE MINAS GERAIS,UEMG,1,Pública,Universidade,MG,2.51,3
2011,756,UNIVERSIDADE ESTADUAL DO PIAUÍ,UESPI,1,Pública,Universidade,PI,2.50,3
2011,1557,UNIVERSIDADE FUMEC,FUMEC,0,Privada,Universidade,MG,2.50,3
2011,71,UNIVERSIDADE DO ESTADO DO RIO GRANDE DO NORTE,UERN,1,Pública,Universidade,RN,2.50,3
2011,600,"INSTITUTO FEDERAL DE EDUCAÇÃO, CIÊNCIA E TECNOLOGIA DO MARANHÃO",IFMA,1,Pública,Universidade,MA,2.50,3
2011,32,UNIVERSIDADE ESTADUAL DE CIÊNCIAS DA SAÚDE DE ALAGOAS - UNCISAL,UNCISAL,1,Pública,Universidade,AL,2.49,3
2011,1028,UNIVERSIDADE ESTADUAL DE MATO GROSSO DO SUL,UEMS,1,Pública,Universidade,MS,2.49,3
2011,266,UNIVERSIDADE METODISTA DE PIRACICABA,UNIMEP,0,Privada,Universidade,SP,2.49,3
2011,1807,"INSTITUTO FEDERAL DE EDUCAÇÃO, CIÊNCIA E TECNOLOGIA DO CEARÁ",IFCE,1,Pública,Universidade,CE,2.48,3
2011,3279,"INSTITUTO FEDERAL DE EDUCAÇÃO, CIÊNCIA E TECNOLOGIA DO SUDESTE DE MINAS GERAIS",IFSEMG,1,Pública,Universidade,MG,2.47,3
2011,40,UNIVERSIDADE DO ESTADO DA BAHIA,UNEB,1,Pública,Universidade,BA,2.47,3
2011,449,UNIVERSIDADE LUTERANA DO BRASIL,ULBRA,0,Privada,Universidade,RS,2.46,3
2011,319,UNIVERSIDADE CAMILO CASTELO BRANCO,UNICASTELO,0,Privada,Universidade,SP,2.45,3
2011,16,UNIVERSIDADE GAMA FILHO,UGF,0,Privada,Universidade,RJ,2.44,3
2011,417,UNIVERSIDADE CIDADE DE SÃO PAULO,,0,Privada,Universidade,SP,2.44,3
2011,140,UNIVERSIDADE SEVERINO SOMBRA,USS,0,Privada,Universidade,RJ,2.43,3
2011,953,UNIVERSIDADE METROPOLITANA DE SANTOS,UNIMES,0,Privada,Universidade,SP,2.43,3
2011,275,UNIVERSIDADE DO VALE DO PARAÍBA,UNIVAP,0,Privada,Universidade,SP,2.43,3
2011,665,UNIVERSIDADE DE TAUBATÉ,UNITAU,1,Pública,Universidade,SP,2.43,3
2011,719,UNIVERSIDADE DO ESTADO DE MATO GROSSO,UNEMAT,1,Pública,Universidade,MT,2.43,3
2011,398,UNIVERSIDADE TIRADENTES,UNIT,0,Privada,Universidade,SE,2.43,3
2011,437,UNIVERSIDADE PARANAENSE,UNIPAR,0,Privada,Universidade,PR,2.43,3
2011,1128,UNIVERSIDADE DE ITAÚNA,UI,0,Privada,Universidade,MG,2.42,3
2011,143,UNIVERSIDADE DE UBERABA,UNIUBE,0,Privada,Universidade,MG,2.41,3
2011,355,UNIVERSIDADE TUIUTI DO PARANÁ,UTP,0,Privada,Universidade,PR,2.38,3
2011,496,UNIVERSIDADE DE FRANCA,UNIFRAN,0,Privada,Universidade,SP,2.37,3
2011,5701,UNIVERSIDADE DO ESTADO DO AMAPÁ,UEAP,1,Pública,Universidade,AP,2.37,0
2011,82,UNIVERSIDADE DO OESTE DE SANTA CATARINA,UNOESC,0,Privada,Universidade,SC,2.37,3
2011,521,UNIVERSIDADE DE MOGI DAS CRUZES,UMC,0,Privada,Universidade,SP,2.36,3
2011,30,UNIVERSIDADE JOSÉ DO ROSÁRIO VELLANO,UNIFENAS,0,Privada,Universidade,MG,2.36,3
2011,599,"INSTITUTO FEDERAL DE EDUCAÇÃO, CIÊNCIA E TECNOLOGIA DA BAHIA",IFBA,1,Pública,Universidade,BA,2.34,3
2011,671,UNIVERSIDADE ANHANGUERA - UNIDERP,UNIDERP,0,Privada,Universidade,MS,2.34,3
2011,1120,"INSTITUTO FEDERAL DE EDUCAÇÃO, CIÊNCIA E TECNOLOGIA FLUMINENSE",IF Fluminense,1,Pública,Universidade,RJ,2.31,3
2011,215,UNIVERSIDADE DO GRANDE ABC,UNIABC,0,Privada,Universidade,SP,2.30,3
2011,47,UNIVERSIDADE ESTADUAL DE GOIÁS,UEG,1,Pública,Universidade,GO,2.27,3
2011,670,UNIVERSIDADE SÃO FRANCISCO,USF,0,Privada,Universidade,SP,2.27,3
2011,95,UNIVERSIDADE ESTADUAL DO VALE DO ACARAÚ,UVA,1,Pública,Universidade,CE,2.27,3
2011,1153,UNIVERSIDADE CÂNDIDO MENDES,UCAM,0,Privada,Universidade,RJ,2.27,3
2011,3183,"INSTITUTO FEDERAL DE EDUCAÇÃO, CIÊNCIA E TECNOLOGIA DE SERGIPE",IFS,1,Pública,Universidade,SE,2.26,3
2011,11,UNIVERSIDADE CATÓLICA DE PERNAMBUCO,UNICAP,0,Privada,Universidade,PE,2.26,3
2011,383,UNIVERSIDADE DA AMAZÔNIA,UNAMA,0,Privada,Universidade,PA,2.25,3
2011,780,UNIVERSIDADE DE CUIABÁ,UNIC / PITÁGORAS,0,Privada,Universidade,MT,2.24,3
2011,466,UNIVERSIDADE ANHEMBI MORUMBI,UAM,0,Privada,Universidade,SP,2.24,3
2011,527,PONTIFÍCIA UNIVERSIDADE CATÓLICA DE GOIÁS,PUC GOIÁS,0,Privada,Universidade,GO,2.20,3
2011,481,UNIVERSIDADE GUARULHOS,UNG,0,Privada,Universidade,SP,2.18,3
2011,823,UNIVERSIDADE DO CEUMA - UNICEUMA,UNICEUMA,0,Privada,Universidade,MA,2.18,3
2011,375,UNIVERSIDADE DE SANTO AMARO,UNISA,0,Privada,Universidade,SP,2.17,3
2011,330,UNIVERSIDADE IGUAÇU,UNIG,0,Privada,Universidade,RJ,2.17,3
2011,5077,UNIVERSIDADE ESTADUAL DE RORAIMA,UERR,1,Pública,Universidade,RR,2.14,3
2011,441,UNIVERSIDADE DO CONTESTADO,UNC,0,Privada,Universidade,SC,2.13,3
2011,669,UNIVERSIDADE NILTON LINS,UNINILTONLINS,0,Privada,Universidade,AM,2.11,3
2011,718,UNIVERSIDADE POTIGUAR,UNP,0,Privada,Universidade,RN,2.11,3
2011,14724,"INSTITUTO FEDERAL DE EDUCAÇÃO, CIÊNCIA E TECNOLOGIA DO PARANÁ",IFPR,1,Pública,Universidade,PR,2.10,3
2011,38,UNIVERSIDADE DO ESTADO DO PARÁ,UEPA,1,Pública,Universidade,PA,2.10,3
2011,513,UNIVERSIDADE VALE DO RIO DOCE,UNIVALE,0,Privada,Universidade,MG,2.10,3
2011,163,UNIVERSIDADE ESTÁCIO DE SÁ,UNESA,0,Privada,Universidade,RJ,2.10,3
2011,666,UNIVERSIDADE ESTADUAL DE FEIRA DE SANTANA,UEFS,1,Pública,Universidade,BA,2.09,3
2011,568,UNIVERSIDADE ESTADUAL DO MARANHÃO,UEMA,1,Pública,Universidade,MA,2.08,3
2011,3161,"INSTITUTO FEDERAL DE EDUCAÇÃO, CIÊNCIA E TECNOLOGIA DO SERTÃO PERNAMBUCANO",,1,Pública,Universidade,PE,2.06,3
2011,1586,UNIVERSIDADE DO VALE DO SAPUCAÍ,UNIVÁS,0,Privada,Universidade,MG,2.04,3
2011,526,UNIVERSIDADE BRAZ CUBAS,UBC,0,Privada,Universidade,SP,2.04,3
2011,458,UNIVERSIDADE IBIRAPUERA,UNIB,0,Privada,Universidade,SP,2.04,3
2011,1189,UNIVERSIDADE DO PLANALTO CATARINENSE,UNIPLAC,0,Privada,Universidade,SC,2.03,3
2011,663,UNIVERSIDADE SALGADO DE OLIVEIRA,UNIVERSO,0,Privada,Universidade,RJ,2.01,3
2011,296,UNIVERSIDADE DA REGIÃO DA CAMPANHA,URCAMP,0,Privada,Universidade,RS,1.99,3
2010,4785,INSTITUTO FEDERAL DE EDUCAÇÃO CIÊNCIA E TECNOLOGIA DE RONDÔNIA,IFRO,1,Pública,Universidade,RO,1.98,3
2011,15032,UNIVERSIDADE ALTO VALE DO RIO DO PEIXE,UNIARP,0,Privada,Universidade,SC,1.97,3
2011,308,UNIVERSIDADE PRESIDENTE ANTÔNIO CARLOS,UNIPAC,0,Privada,Universidade,MG,1.94,2
2011,176,UNIVERSIDADE CASTELO BRANCO,UCB,0,Privada,Universidade,RJ,1.94,2
2011,457,UNIVERSIDADE BANDEIRANTE DE SÃO PAULO,UNIBAN,0,Privada,Universidade,SP,1.87,2
2011,1813,"INSTITUTO FEDERAL DE EDUCAÇÃO, CIÊNCIA E TECNOLOGIA DO PARÁ",IFPA,1,Pública,Universidade,PA,1.82,2
2011,264,UNIVERSIDADE SÃO MARCOS,USM,0,Privada,Universidade,SP,1.81,2
2011,4098,"INSTITUTO FEDERAL DE EDUCAÇÃO, CIÊNCIA E TECNOLOGIA FARROUPILHA",IFFarroupilha,1,Pública,Universidade,RS,1.77,2
2011,27,UNIVERSIDADE VALE DO RIO VERDE,UNINCOR,0,Privada,Universidade,MG,1.75,2
2011,5242,UNIVERSIDADE ESTADUAL DE ALAGOAS - UNEAL,UNEAL,1,Pública,Universidade,AL,1.68,2
2011,829,UNIVERSIDADE DO TOCANTINS,UNITINS,1,Pública,Universidade,TO,1.65,2
2011,3974,UNIVERSIDADE DE RIO VERDE,FESURV,1,Pública,Universidade,GO,1.57,2
2011,240,UNIVERSIDADE SANTA ÚRSULA,USU,0,Privada,Universidade,RJ,1.44,2
2010,4786,"INSTITUTO FEDERAL DE EDUCAÇÃO, CIÊNCIA E TECNOLOGIA DO TOCANTINS",IFTO,1,PÚBLICA,UNIVERSIDADES,TO,4.69,5
2010,14509,"INSTITUTO FEDERAL DE EDUCAÇÃO, CIÊNCIA E TECNOLOGIA BAIANO",IFBAIANO,1,PÚBLICA,UNIVERSIDADES,BA,4.31,5
2010,601,"INSTITUTO FEDERAL DE EDUCAÇÃO, CIÊNCIA E TECNOLOGIA DO RIO GRANDE DO SUL",IFRS,1,PÚBLICA,UNIVERSIDADES,RS,4.30,5
2010,3279,"INSTITUTO FEDERAL DE EDUCAÇÃO, CIÊNCIA E TECNOLOGIA DO SUDESTE DE MINAS GERAIS",IFSEMG,1,PÚBLICA,UNIVERSIDADES,MG,4.29,5
2010,15121,UNIVERSIDADE FEDERAL DA FRONTEIRA SUL,UFFS,1,PÚBLICA,UNIVERSIDADES,SC,4.25,5
2010,54,UNIVERSIDADE ESTADUAL DE CAMPINAS,UNICAMP,1,PÚBLICA,UNIVERSIDADES,SP,4.16,5
2010,592,UNIVERSIDADE FEDERAL DE LAVRAS,UFLA,1,PÚBLICA,UNIVERSIDADES,MG,4.14,5
2010,581,UNIVERSIDADE FEDERAL DO RIO GRANDE DO SUL,UFRGS,1,PÚBLICA,UNIVERSIDADES,RS,4.01,5
2010,591,UNIVERSIDADE FEDERAL DE SÃO PAULO,UNIFESP,1,PÚBLICA,UNIVERSIDADES,SP,3.99,5
2010,575,UNIVERSIDADE FEDERAL DE MINAS GERAIS,UFMG,1,PÚBLICA,UNIVERSIDADES,MG,3.98,5
2010,7,UNIVERSIDADE FEDERAL DE SÃO CARLOS,UFSCAR,1,PÚBLICA,UNIVERSIDADES,SP,3.94,4
2010,8,FUNDAÇÃO UNIVERSIDADE FEDERAL DE VIÇOSA,UFV,1,PÚBLICA,UNIVERSIDADES,MG,3.92,4
2010,586,UNIVERSIDADE FEDERAL DO RIO DE JANEIRO,UFRJ,1,PÚBLICA,UNIVERSIDADES,RJ,3.91,4
2010,597,UNIVERSIDADE FEDERAL DO TRIÂNGULO MINEIRO,UFTM,1,PÚBLICA,UNIVERSIDADES,MG,3.90,4
2010,598,UNIVERSIDADE FEDERAL DE ITAJUBÁ - UNIFEI,UNIFEI,1,PÚBLICA,UNIVERSIDADES,MG,3.88,4
2010,585,UNIVERSIDADE FEDERAL DE SANTA CATARINA,UFSC,1,PÚBLICA,UNIVERSIDADES,SC,3.85,4
2010,717,FUNDAÇÃO UNIVERSIDADE FEDERAL DE CIÊNCIAS DA SAÚDE DE PORTO ALEGRE,UFCSPA,1,PÚBLICA,UNIVERSIDADES,RS,3.81,4
2010,2,UNIVERSIDADE DE BRASÍLIA,UNB,1,PÚBLICA,UNIVERSIDADES,DF,3.78,4
2010,56,UNIVERSIDADE ESTADUAL PAULISTA JÚLIO DE MESQUITA FILHO,UNESP,1,PÚBLICA,UNIVERSIDADES,SP,3.75,4
2010,1027,UNIVERSIDADE ESTADUAL DO NORTE FLUMINENSE DARCY RIBEIRO,UENF,1,PÚBLICA,UNIVERSIDADES,RJ,3.71,4
2010,528,PONTIFÍCIA UNIVERSIDADE CATÓLICA DO RIO DE JANEIRO,PUC-RIO,0,PRIVADA,UNIVERSIDADES,RJ,3.71,4
2010,595,UNIVERSIDADE FEDERAL DE ALFENAS,UNIFAL-MG,1,PÚBLICA,UNIVERSIDADES,MG,3.69,4
2010,546,PONTIFÍCIA UNIVERSIDADE CATÓLICA DE SÃO PAULO,PUCSP,0,PRIVADA,UNIVERSIDADES,SP,3.66,4
2010,17,UNIVERSIDADE FEDERAL DE UBERLÂNDIA,UFU,1,PÚBLICA,UNIVERSIDADES,MG,3.66,4
2010,582,UNIVERSIDADE FEDERAL DE SANTA MARIA,UFSM,1,PÚBLICA,UNIVERSIDADES,RS,3.65,4
2010,571,UNIVERSIDADE FEDERAL DO PARANÁ,UFPR,1,PÚBLICA,UNIVERSIDADES,PR,3.62,4
2010,580,UNIVERSIDADE FEDERAL DE PERNAMBUCO,UFPE,1,PÚBLICA,UNIVERSIDADES,PE,3.59,4
2010,5322,FUNDAÇÃO UNIVERSIDADE FEDERAL DO PAMPA - UNIPAMPA,UNIPAMPA,1,PÚBLICA,UNIVERSIDADES,RS,3.55,4
2010,57,UNIVERSIDADE ESTADUAL DE MARINGÁ,UEM,1,PÚBLICA,UNIVERSIDADES,PR,3.55,4
2010,21,PONTIFÍCIA UNIVERSIDADE CATÓLICA DO RIO GRANDE DO SUL,PUCRS,0,PRIVADA,UNIVERSIDADES,RS,3.53,4
2010,3162,"INSTITUTO FEDERAL DE EDUCAÇÃO, CIÊNCIA E TECNOLOGIA DE SANTA CATARINA",IF-SC,1,PÚBLICA,UNIVERSIDADES,SC,3.51,4
2010,576,UNIVERSIDADE FEDERAL DE JUIZ DE FORA,UFJF,1,PÚBLICA,UNIVERSIDADES,MG,3.51,4
2010,596,UNIVERSIDADE FEDERAL DOS VALES DO JEQUITINHONHA E MUCURI,UFVJM,1,PÚBLICA,UNIVERSIDADES,MG,3.50,4
2010,584,UNIVERSIDADE FEDERAL DE GOIÁS,UFG,1,PÚBLICA,UNIVERSIDADES,GO,3.50,4
2010,43,FUNDAÇÃO UNIVERSIDADE DO ESTADO DE SANTA CATARINA,UDESC,1,PÚBLICA,UNIVERSIDADES,SC,3.50,4
2010,3336,UNIVERSIDADE ESTADUAL DO RIO GRANDE DO SUL,UERGS,1,PÚBLICA,UNIVERSIDADES,RS,3.49,4
2010,1578,"INSTITUTO FEDERAL DE EDUCAÇÃO, CIÊNCIA E TECNOLOGIA SUL-RIO-GRANDENSE",IFSUL,1,PÚBLICA,UNIVERSIDADES,RS,3.49,4
2010,589,UNIVERSIDADE FEDERAL RURAL DO SEMI-ÁRIDO,UFERSA,1,PÚBLICA,UNIVERSIDADES,RN,3.47,4
2010,634,UNIVERSIDADE FEDERAL DE PELOTAS,UFPEL,1,PÚBLICA,UNIVERSIDADES,RS,3.45,4
2010,572,UNIVERSIDADE FEDERAL FLUMINENSE,UFF,1,PÚBLICA,UNIVERSIDADES,RJ,3.44,4
2010,570,UNIVERSIDADE FEDERAL DO RIO GRANDE DO NORTE,UFRN,1,PÚBLICA,UNIVERSIDADES,RN,3.42,4
2010,4504,FUNDAÇÃO UNIVERSIDADE FEDERAL DA GRANDE DOURADOS,UFGD,1,PÚBLICA,UNIVERSIDADES,MS,3.40,4
2010,6,UNIVERSIDADE FEDERAL DE OURO PRETO,UFOP,1,PÚBLICA,UNIVERSIDADES,MG,3.40,4
2010,107,UNIVERSIDADE FEDERAL DE SÃO JOÃO DEL REI,UFSJ,1,PÚBLICA,UNIVERSIDADES,MG,3.37,4
2010,574,UNIVERSIDADE FEDERAL RURAL DO RIO DE JANEIRO,UFRRJ,1,PÚBLICA,UNIVERSIDADES,RJ,3.36,4
2010,9,UNIVERSIDADE ESTADUAL DE LONDRINA,UEL,1,PÚBLICA,UNIVERSIDADES,PR,3.34,4
2010,547,UNIVERSIDADE DO ESTADO DO RIO DE JANEIRO,UERJ,1,PÚBLICA,UNIVERSIDADES,RJ,3.34,4
2010,583,UNIVERSIDADE FEDERAL DO CEARÁ,UFC,1,PÚBLICA,UNIVERSIDADES,CE,3.33,4
2010,14,UNIVERSIDADE DO VALE DO RIO DOS SINOS,UNISINOS,0,PRIVADA,UNIVERSIDADES,RS,3.28,4
2010,3163,"INSTITUTO FEDERAL DE EDUCAÇÃO, CIÊNCIA E TECNOLOGIA DO RIO DE JANEIRO",IFRJ,1,PÚBLICA,UNIVERSIDADES,RJ,3.27,4
2010,587,UNIVERSIDADE FEDERAL RURAL DE PERNAMBUCO,UFRPE,1,PÚBLICA,UNIVERSIDADES,PE,3.25,4
2010,693,UNIVERSIDADE FEDERAL DO ESTADO DO RIO DE JANEIRO,UNIRIO,1,PÚBLICA,UNIVERSIDADES,RJ,3.24,4
2010,578,UNIVERSIDADE FEDERAL DA BAHIA,UFBA,1,PÚBLICA,UNIVERSIDADES,BA,3.24,4
2010,579,UNIVERSIDADE FEDERAL DA PARAÍBA,UFPB,1,PÚBLICA,UNIVERSIDADES,PB,3.22,4
2010,609,UNIVERSIDADE ESTADUAL DO OESTE DO PARANÁ,UNIOESTE,1,PÚBLICA,UNIVERSIDADES,PR,3.21,4
2010,12,UNIVERSIDADE FEDERAL DO RIO GRANDE,FURG,1,PÚBLICA,UNIVERSIDADES,RS,3.21,4
2010,730,UNIVERSIDADE ESTADUAL DE PONTA GROSSA,UEPG,1,PÚBLICA,UNIVERSIDADES,PR,3.18,4
2010,573,UNIVERSIDADE FEDERAL DO ESPÍRITO SANTO,UFES,1,PÚBLICA,UNIVERSIDADES,ES,3.15,4
2010,4503,UNIVERSIDADE FEDERAL DO RECÔNCAVO DA BAHIA,UFRB,1,PÚBLICA,UNIVERSIDADES,BA,3.15,4
2010,1808,"INSTITUTO FEDERAL DE EDUCAÇÃO, CIÊNCIA E TECNOLOGIA DO ESPÍRITO SANTO",IFES,1,PÚBLICA,UNIVERSIDADES,ES,3.14,4
2010,3188,"INSTITUTO FEDERAL DE EDUCAÇÃO, CIÊNCIA E TECNOLOGIA DO NORTE DE MINAS GERAIS",IFNMG,1,PÚBLICA,UNIVERSIDADES,MG,3.09,4
2010,4358,"INSTITUTO FEDERAL DE EDUCAÇÃO, CIÊNCIA E TECNOLOGIA DO SUL DE MINAS GERAIS",IF SUL DE MINAS,1,PÚBLICA,UNIVERSIDADES,MG,3.09,4
2010,3165,"INSTITUTO FEDERAL DE EDUCAÇÃO, CIÊNCIA E TECNOLOGIA DO TRIÂNGULO MINEIRO",,1,PÚBLICA,UNIVERSIDADES,MG,3.07,4
2010,588,UNIVERSIDADE TECNOLÓGICA FEDERAL DO PARANÁ,UTFPR,1,PÚBLICA,UNIVERSIDADES,PR,3.07,4
2010,694,UNIVERSIDADE FEDERAL DE MATO GROSSO DO SUL,UFMS,1,PÚBLICA,UNIVERSIDADES,MS,3.03,4
2010,295,UNIVERSIDADE DE SANTA CRUZ DO SUL,UNISC,0,PRIVADA,UNIVERSIDADES,RS,3.01,4
2010,2564,UNIVERSIDADE FEDERAL DE CAMPINA GRANDE,UFCG,1,PÚBLICA,UNIVERSIDADES,PB,2.97,4
2010,1811,"INSTITUTO FEDERAL DE EDUCAÇÃO, CIÊNCIA E TECNOLOGIA DE GOIÁS",IFG,1,PÚBLICA,UNIVERSIDADES,GO,2.96,4
2010,1810,"INSTITUTO FEDERAL DE EDUCAÇÃO, CIÊNCIA E TECNOLOGIA DE SÃO PAULO",IFSP,1,PÚBLICA,UNIVERSIDADES,SP,2.96,4
2010,1,UNIVERSIDADE FEDERAL DE MATO GROSSO,UFMT,1,PÚBLICA,UNIVERSIDADES,MT,2.93,3
2010,449,UNIVERSIDADE LUTERANA DO BRASIL,ULBRA,0,PRIVADA,UNIVERSIDADES,RS,2.93,3
2010,22,UNIVERSIDADE PRESBITERIANA MACKENZIE,MACKENZIE,0,PRIVADA,UNIVERSIDADES,SP,2.91,3
2010,1303,"INSTITUTO FEDERAL DE EDUCAÇÃO, CIÊNCIA E TECNOLOGIA GOIANO",IF GOIANO,1,PÚBLICA,UNIVERSIDADES,GO,2.91,3
2010,1166,"INSTITUTO FEDERAL DE EDUCAÇÃO, CIÊNCIA E TECNOLOGIA DA PARAÍBA",IFPB,1,PÚBLICA,UNIVERSIDADES,PB,2.90,3
2010,1809,"INSTITUTO FEDERAL DE EDUCAÇÃO, CIÊNCIA E TECNOLOGIA DE PERNAMBUCO",IFPE,1,PÚBLICA,UNIVERSIDADES,PE,2.89,3
2010,10,PONTIFÍCIA UNIVERSIDADE CATÓLICA DO PARANÁ,PUCPR,0,PRIVADA,UNIVERSIDADES,PR,2.88,3
2010,23,UNIVERSIDADE FEEVALE,FEEVALE,0,PRIVADA,UNIVERSIDADES,RS,2.88,3
2010,165,UNIVERSIDADE VEIGA DE ALMEIDA,UVA,0,PRIVADA,UNIVERSIDADES,RJ,2.86,3
2010,3984,FUNDAÇÃO UNIVERSIDADE FEDERAL DO VALE DO SÃO FRANCISCO,UNIVASF,1,PÚBLICA,UNIVERSIDADES,PE,2.86,3
2010,403,UNIVERSIDADE CATÓLICA DE BRASÍLIA,UCB,0,PRIVADA,UNIVERSIDADES,DF,2.85,3
2010,338,PONTIFÍCIA UNIVERSIDADE CATÓLICA DE MINAS GERAIS,PUC MINAS,0,PRIVADA,UNIVERSIDADES,MG,2.85,3
2010,24,UNIVERSIDADE ESTADUAL DE SANTA CRUZ,UESC,1,PÚBLICA,UNIVERSIDADES,BA,2.84,3
2010,18,UNIVERSIDADE CATÓLICA DE PELOTAS,UCPEL,0,PRIVADA,UNIVERSIDADES,RS,2.83,3
2010,387,UNIVERSIDADE CATÓLICA DOM BOSCO,UCDB,0,PRIVADA,UNIVERSIDADES,MS,2.82,3
2010,208,UNIVERSIDADE DE RIBEIRÃO PRETO,UNAERP,0,PRIVADA,UNIVERSIDADES,SP,2.82,3
2010,3172,UNIVERSIDADE DO ESTADO DO AMAZONAS,UEA,1,PÚBLICA,UNIVERSIDADES,AM,2.82,3
2010,13,UNIVERSIDADE DE CAXIAS DO SUL,UCS,0,PRIVADA,UNIVERSIDADES,RS,2.82,3
2010,5,UNIVERSIDADE FEDERAL DO PIAUÍ,UFPI,1,PÚBLICA,UNIVERSIDADES,PI,2.81,3
2010,367,UNIVERSIDADE ESTADUAL DE MONTES CLAROS,UNIMONTES,1,PÚBLICA,UNIVERSIDADES,MG,2.81,3
2010,322,UNIVERSIDADE PAULISTA,UNIP,0,PRIVADA,UNIVERSIDADES,SP,2.81,3
2010,137,UNIVERSIDADE DO SAGRADO CORAÇÃO,USC,0,PRIVADA,UNIVERSIDADES,SP,2.81,3
2010,83,UNIVERSIDADE DO VALE DO ITAJAÍ,UNIVALI,0,PRIVADA,UNIVERSIDADES,SC,2.80,3
2010,5036,"INSTITUTO FEDERAL DE EDUCAÇÃO, CIÊNCIA E TECNOLOGIA CATARINENSE",IF CATARINENSE,1,PÚBLICA,UNIVERSIDADES,SC,2.80,3
2010,15015,UNIVERSIDADE ESTADUAL DO NORTE DO PARANÁ,UENP,1,PÚBLICA,UNIVERSIDADES,PR,2.80,3
2010,1120,"INSTITUTO FEDERAL DE EDUCAÇÃO, CIÊNCIA E TECNOLOGIA FLUMINENSE",IF FLUMINENSE,1,PÚBLICA,UNIVERSIDADES,RJ,2.80,3
2010,1820,"INSTITUTO FEDERAL DE EDUCAÇÃO, CIÊNCIA E TECNOLOGIA DO PIAUÍ",IFPI,1,PÚBLICA,UNIVERSIDADES,PI,2.79,3
2010,420,UNIVERSIDADE DE MARÍLIA,UNIMAR,0,PRIVADA,UNIVERSIDADES,SP,2.78,3
2010,548,UNIVERSIDADE FEDERAL DO MARANHÃO,UFMA,1,PÚBLICA,UNIVERSIDADES,MA,2.77,3
2010,19,PONTIFÍCIA UNIVERSIDADE CATÓLICA DE CAMPINAS,PUC-CAMPINAS,0,PRIVADA,UNIVERSIDADES,SP,2.77,3
2010,76,UNIVERSIDADE REGIONAL DE BLUMENAU,FURB,1,PÚBLICA,UNIVERSIDADES,SC,2.76,3
2010,3184,"INSTITUTO FEDERAL DE EDUCAÇÃO, CIÊNCIA E TECNOLOGIA DE RORAIMA",IFRR,1,PÚBLICA,UNIVERSIDADES,RR,2.76,3
2010,1126,UNIVERSIDADE ESTADUAL DO CENTRO OESTE,UNICENTRO,1,PÚBLICA,UNIVERSIDADES,PR,2.75,3
2010,699,FUNDAÇÃO UNIVERSIDADE FEDERAL DE RONDÔNIA,UNIR,1,PÚBLICA,UNIVERSIDADES,RO,2.74,3
2010,1042,UNIVERSIDADE POSITIVO,UP,0,PRIVADA,UNIVERSIDADES,PR,2.74,3
2010,569,UNIVERSIDADE FEDERAL DO PARÁ,UFPA,1,PÚBLICA,UNIVERSIDADES,PA,2.72,3
2010,20,UNIVERSIDADE DE PASSO FUNDO,UPF,0,PRIVADA,UNIVERSIDADES,RS,2.72,3
2010,590,UNIVERSIDADE FEDERAL RURAL DA AMAZÔNIA,UFRA,1,PÚBLICA,UNIVERSIDADES,PA,2.71,3
2010,316,UNIVERSIDADE NOVE DE JULHO,UNINOVE,0,PRIVADA,UNIVERSIDADES,SP,2.71,3
2010,3,UNIVERSIDADE FEDERAL DE SERGIPE,UFS,1,PÚBLICA,UNIVERSIDADES,SE,2.70,3
2010,1082,"INSTITUTO FEDERAL DE EDUCAÇÃO, CIÊNCIA E TECNOLOGIA DO RIO GRANDE DO NORTE",IFRN,1,PÚBLICA,UNIVERSIDADES,RN,2.70,3
2010,577,UNIVERSIDADE FEDERAL DE ALAGOAS,UFAL,1,PÚBLICA,UNIVERSIDADES,AL,2.68,3
2010,298,UNIVERSIDADE NORTE DO PARANÁ,UNOPAR,0,PRIVADA,UNIVERSIDADES,PR,2.67,3
2010,3164,"INSTITUTO FEDERAL DE EDUCAÇÃO, CIÊNCIA E TECNOLOGIA DE MATO GROSSO",IFMT,1,PÚBLICA,UNIVERSIDADES,MT,2.66,3
2010,221,UNIVERSIDADE CRUZEIRO DO SUL,UNICSUL,0,PRIVADA,UNIVERSIDADES,SP,2.66,3
2010,532,UNIVERSIDADE REGIONAL DO NOROESTE DO ESTADO DO RIO GRANDE DO SUL,UNIJUI,0,PRIVADA,UNIVERSIDADES,RS,2.65,3
2010,4,UNIVERSIDADE FEDERAL DO AMAZONAS,UFAM,1,PÚBLICA,UNIVERSIDADES,AM,2.65,3
2010,1807,"INSTITUTO FEDERAL DE EDUCAÇÃO, CIÊNCIA E TECNOLOGIA DO CEARÁ",IFCE,1,PÚBLICA,UNIVERSIDADES,CE,2.64,3
2010,1812,"INSTITUTO FEDERAL DE EDUCAÇÃO, CIÊNCIA E TECNOLOGIA DO AMAZONAS",IFAM,1,PÚBLICA,UNIVERSIDADES,AM,2.64,3
2010,789,UNIVERSIDADE FEDERAL DE RORAIMA,UFRR,1,PÚBLICA,UNIVERSIDADES,RR,2.63,3
2010,555,UNIVERSIDADE DE FORTALEZA,UNIFOR,0,PRIVADA,UNIVERSIDADES,CE,2.63,3
2010,203,UNIVERSIDADE SÃO JUDAS TADEU,USJT,0,PRIVADA,UNIVERSIDADES,SP,2.62,3
2010,549,UNIVERSIDADE FEDERAL DO ACRE,UFAC,1,PÚBLICA,UNIVERSIDADES,AC,2.62,3
2010,32,UNIVERSIDADE ESTADUAL DE CIÊNCIAS DA SAÚDE DE ALAGOAS - UNCISAL,UNCISAL,1,PÚBLICA,UNIVERSIDADES,AL,2.60,3
2010,688,UNIVERSIDADE ESTADUAL DO SUDOESTE DA BAHIA,UESB,1,PÚBLICA,UNIVERSIDADES,BA,2.59,3
2010,385,UNIVERSIDADE SALVADOR,UNIFACS,0,PRIVADA,UNIVERSIDADES,BA,2.58,3
2010,472,UNIVERSIDADE DO GRANDE RIO PROFESSOR JOSÉ DE SOUZA HERDY,UNIGRANRIO,0,PRIVADA,UNIVERSIDADES,RJ,2.57,3
2010,15,UNIVERSIDADE CATÓLICA DE PETRÓPOLIS,UCP,0,PRIVADA,UNIVERSIDADES,RJ,2.56,3
2010,167,UNIVERSIDADE METODISTA DE SÃO PAULO,UMESP,0,PRIVADA,UNIVERSIDADES,SP,2.55,3
2010,3849,FUNDAÇÃO UNIVERSIDADE FEDERAL DO TOCANTINS,UFT,1,PÚBLICA,UNIVERSIDADES,TO,2.53,3
2010,423,UNIVERSIDADE REGIONAL INTEGRADA DO ALTO URUGUAI E DAS MISSÕES,URI,0,PRIVADA,UNIVERSIDADES,RS,2.53,3
2010,1036,UNIVERSIDADE DO ESTADO DE MINAS GERAIS,UEMG,1,PÚBLICA,UNIVERSIDADES,MG,2.52,3
2010,271,UNIVERSIDADE DO OESTE PAULISTA,UNOESTE,0,PRIVADA,UNIVERSIDADES,SP,2.50,3
2010,29,UNIVERSIDADE ESTADUAL DO CEARÁ,UECE,1,PÚBLICA,UNIVERSIDADES,CE,2.49,3
2010,605,UNIVERSIDADE MUNICIPAL DE SÃO CAETANO DO SUL,USCS,1,PÚBLICA,UNIVERSIDADES,SP,2.49,3
2010,599,"INSTITUTO FEDERAL DE EDUCAÇÃO, CIÊNCIA E TECNOLOGIA DA BAHIA",IFBA,1,PÚBLICA,UNIVERSIDADES,BA,2.49,3
2010,266,UNIVERSIDADE METODISTA DE PIRACICABA,UNIMEP,0,PRIVADA,UNIVERSIDADES,SP,2.48,3
2010,3151,UNIVERSIDADE COMUNITÁRIA DA REGIÃO DE CHAPECÓ,UNOCHAPECÓ,1,PÚBLICA,UNIVERSIDADES,SC,2.48,3
2010,275,UNIVERSIDADE DO VALE DO PARAÍBA,UNIVAP,0,PRIVADA,UNIVERSIDADES,SP,2.47,3
2010,150,UNIVERSIDADE DE SOROCABA,UNISO,0,PRIVADA,UNIVERSIDADES,SP,2.47,3
2010,952,UNIVERSIDADE SANTA CECÍLIA,UNISANTA,0,PRIVADA,UNIVERSIDADES,SP,2.46,3
2010,81,UNIVERSIDADE DA REGIÃO DE JOINVILLE,UNIVILLE,0,PRIVADA,UNIVERSIDADES,SC,2.45,3
2010,16,UNIVERSIDADE GAMA FILHO,UGF,0,PRIVADA,UNIVERSIDADES,RJ,2.45,3
2010,446,UNIVERSIDADE DE CRUZ ALTA,UNICRUZ,0,PRIVADA,UNIVERSIDADES,RS,2.44,3
2010,550,UNIVERSIDADE ESTADUAL DA PARAÍBA,UEPB,1,PÚBLICA,UNIVERSIDADES,PB,2.44,3
2010,437,UNIVERSIDADE PARANAENSE,UNIPAR,0,PRIVADA,UNIVERSIDADES,PR,2.42,3
2010,494,UNIVERSIDADE DO SUL DE SANTA CATARINA,UNISUL,0,PRIVADA,UNIVERSIDADES,SC,2.41,3
2010,1128,UNIVERSIDADE DE ITAÚNA,UI,0,PRIVADA,UNIVERSIDADES,MG,2.40,3
2010,1028,UNIVERSIDADE ESTADUAL DE MATO GROSSO DO SUL,UEMS,1,PÚBLICA,UNIVERSIDADES,MS,2.40,3
2010,40,UNIVERSIDADE DO ESTADO DA BAHIA,UNEB,1,PÚBLICA,UNIVERSIDADES,BA,2.39,3
2010,227,UNIVERSIDADE CATÓLICA DE SANTOS,UNISANTOS,0,PRIVADA,UNIVERSIDADES,SP,2.39,3
2010,417,UNIVERSIDADE CIDADE DE SÃO PAULO,,0,PRIVADA,UNIVERSIDADES,SP,2.38,3
2010,496,UNIVERSIDADE DE FRANCA,UNIFRAN,0,PRIVADA,UNIVERSIDADES,SP,2.38,3
2010,519,UNIVERSIDADE CATÓLICA DO SALVADOR,UCSAL,0,PRIVADA,UNIVERSIDADES,BA,2.37,3
2010,3183,"INSTITUTO FEDERAL DE EDUCAÇÃO, CIÊNCIA E TECNOLOGIA DE SERGIPE",IFS,1,PÚBLICA,UNIVERSIDADES,SE,2.34,3
2010,1557,UNIVERSIDADE FUMEC,FUMEC,0,PRIVADA,UNIVERSIDADES,MG,2.34,3
2010,3160,"INSTITUTO FEDERAL DE EDUCAÇÃO, CIÊNCIA E TECNOLOGIA DE ALAGOAS",IFAL,1,PÚBLICA,UNIVERSIDADES,AL,2.34,3
2010,482,UNIVERSIDADE DO EXTREMO SUL CATARINENSE,UNESC,1,PÚBLICA,UNIVERSIDADES,SC,2.33,3
2010,521,UNIVERSIDADE DE MOGI DAS CRUZES,UMC,0,PRIVADA,UNIVERSIDADES,SP,2.32,3
2010,30,UNIVERSIDADE JOSÉ DO ROSÁRIO VELLANO,UNIFENAS,0,PRIVADA,UNIVERSIDADES,MG,2.32,3
2010,670,UNIVERSIDADE SÃO FRANCISCO,USF,0,PRIVADA,UNIVERSIDADES,SP,2.31,3
2010,665,UNIVERSIDADE DE TAUBATÉ,UNITAU,1,PÚBLICA,UNIVERSIDADES,SP,2.31,3
2010,140,UNIVERSIDADE SEVERINO SOMBRA,USS,0,PRIVADA,UNIVERSIDADES,RJ,2.28,3
2010,1153,UNIVERSIDADE CÂNDIDO MENDES,UCAM,0,PRIVADA,UNIVERSIDADES,RJ,2.28,3
2010,355,UNIVERSIDADE TUIUTI DO PARANÁ,UTP,0,PRIVADA,UNIVERSIDADES,PR,2.27,3
2010,719,UNIVERSIDADE DO ESTADO DE MATO GROSSO,UNEMAT,1,PÚBLICA,UNIVERSIDADES,MT,2.27,3
2010,953,UNIVERSIDADE METROPOLITANA DE SANTOS,UNIMES,0,PRIVADA,UNIVERSIDADES,SP,2.26,3
2010,82,UNIVERSIDADE DO OESTE DE SANTA CATARINA,UNOESC,1,PÚBLICA,UNIVERSIDADES,SC,2.26,3
2010,671,UNIVERSIDADE ANHANGUERA - UNIDERP,UNIDERP,0,PRIVADA,UNIVERSIDADES,MS,2.25,3
2010,375,UNIVERSIDADE DE SANTO AMARO,UNISA,0,PRIVADA,UNIVERSIDADES,SP,2.24,3
2010,600,"INSTITUTO FEDERAL DE EDUCAÇÃO, CIÊNCIA E TECNOLOGIA DO MARANHÃO",IFMA,1,PÚBLICA,UNIVERSIDADES,MA,2.23,3
2010,95,UNIVERSIDADE ESTADUAL DO VALE DO ACARAÚ,UVA,1,PÚBLICA,UNIVERSIDADES,CE,2.22,3
2010,71,UNIVERSIDADE DO ESTADO DO RIO GRANDE DO NORTE,UERN,1,PÚBLICA,UNIVERSIDADES,RN,2.22,3
2010,319,UNIVERSIDADE CAMILO CASTELO BRANCO,UNICASTELO,0,PRIVADA,UNIVERSIDADES,SP,2.21,3
2010,3189,"INSTITUTO FEDERAL DE EDUCAÇÃO, CIÊNCIA E TECNOLOGIA DE MINAS GERAIS",IFMG,1,PÚBLICA,UNIVERSIDADES,MG,2.21,3
2010,11,UNIVERSIDADE CATÓLICA DE PERNAMBUCO,UNICAP,0,PRIVADA,UNIVERSIDADES,PE,2.20,3
2010,409,UNIVERSIDADE DE PERNAMBUCO,UPE,1,PÚBLICA,UNIVERSIDADES,PE,2.20,3
2010,3161,"Instituto Federal de Educação, Ciência e Tecnologia do Sertão Pernambucano",,1,PÚBLICA,UNIVERSIDADES,PE,2.18,3
2010,143,UNIVERSIDADE DE UBERABA,UNIUBE,0,PRIVADA,UNIVERSIDADES,MG,2.17,3
2010,527,PONTIFÍCIA UNIVERSIDADE CATÓLICA DE GOIÁS,PUC GOIÁS,0,PRIVADA,UNIVERSIDADES,GO,2.16,3
2010,746,UNIVERSIDADE REGIONAL DO CARIRI,URCA,1,PÚBLICA,UNIVERSIDADES,CE,2.11,3
2010,466,UNIVERSIDADE ANHEMBI MORUMBI,UAM,0,PRIVADA,UNIVERSIDADES,SP,2.11,3
2010,383,UNIVERSIDADE DA AMAZÔNIA,UNAMA,0,PRIVADA,UNIVERSIDADES,PA,2.10,3
2010,5077,UNIVERSIDADE ESTADUAL DE RORAIMA,UERR,1,PÚBLICA,UNIVERSIDADES,RR,2.10,3
2010,330,UNIVERSIDADE IGUAÇU,UNIG,0,PRIVADA,UNIVERSIDADES,RJ,2.10,3
2010,568,UNIVERSIDADE ESTADUAL DO MARANHÃO,UEMA,1,PÚBLICA,UNIVERSIDADES,MA,2.10,3
2010,526,UNIVERSIDADE BRAZ CUBAS,UBC,0,PRIVADA,UNIVERSIDADES,SP,2.08,3
2010,481,UNIVERSIDADE GUARULHOS,UNG,0,PRIVADA,UNIVERSIDADES,SP,2.06,3
2010,398,UNIVERSIDADE TIRADENTES,UNIT,0,PRIVADA,UNIVERSIDADES,SE,2.06,3
2010,666,UNIVERSIDADE ESTADUAL DE FEIRA DE SANTANA,UEFS,1,PÚBLICA,UNIVERSIDADES,BA,2.06,3
2010,38,UNIVERSIDADE DO ESTADO DO PARÁ,UEPA,1,PÚBLICA,UNIVERSIDADES,PA,2.05,3
2010,14724,"INSTITUTO FEDERAL DE EDUCAÇÃO, CIÊNCIA E TECNOLOGIA DO PARANÁ",IFPR,1,PÚBLICA,UNIVERSIDADES,PR,2.04,3
2010,1586,UNIVERSIDADE DO VALE DO SAPUCAÍ,UNIVÁS,0,PRIVADA,UNIVERSIDADES,MG,2.02,3
2010,780,UNIVERSIDADE DE CUIABÁ,UNIC,0,PRIVADA,UNIVERSIDADES,MT,2.00,3
2010,830,UNIVERSIDADE FEDERAL DO AMAPÁ,UNIFAP,1,PÚBLICA,UNIVERSIDADES,AP,2.00,3
2010,163,UNIVERSIDADE ESTÁCIO DE SÁ,UNESA,0,PRIVADA,UNIVERSIDADES,RJ,2.00,3
2010,264,UNIVERSIDADE SÃO MARCOS,USM,0,PRIVADA,UNIVERSIDADES,SP,1.98,3
2010,718,UNIVERSIDADE POTIGUAR,UNP,0,PRIVADA,UNIVERSIDADES,RN,1.98,3
2010,1189,UNIVERSIDADE DO PLANALTO CATARINENSE,UNIPLAC,0,PRIVADA,UNIVERSIDADES,SC,1.98,3
2010,215,UNIVERSIDADE DO GRANDE ABC,UNIABC,0,PRIVADA,UNIVERSIDADES,SP,1.98,3
2010,756,UNIVERSIDADE ESTADUAL DO PIAUÍ,UESPI,1,PÚBLICA,UNIVERSIDADES,PI,1.98,3
2010,176,UNIVERSIDADE CASTELO BRANCO,UCB,0,PRIVADA,UNIVERSIDADES,RJ,1.96,3
2010,296,UNIVERSIDADE DA REGIÃO DA CAMPANHA,URCAMP,0,PRIVADA,UNIVERSIDADES,RS,1.95,3
2010,15032,UNIVERSIDADE ALTO VALE DO RIO DO PEIXE,UNIARP,0,PRIVADA,UNIVERSIDADES,SC,1.93,2
2010,513,UNIVERSIDADE VALE DO RIO DOCE,UNIVALE,0,PRIVADA,UNIVERSIDADES,MG,1.91,2
2010,4785,"INSTITUTO FEDERAL DE EDUCAÇÃO, CIÊNCIA E TECNOLOGIA DE RONDÔNIA",IFRO,1,PÚBLICA,UNIVERSIDADES,RO,1.89,2
2010,308,UNIVERSIDADE PRESIDENTE ANTÔNIO CARLOS,UNIPAC,0,PRIVADA,UNIVERSIDADES,MG,1.87,2
2010,47,UNIVERSIDADE ESTADUAL DE GOIÁS,UEG,1,PÚBLICA,UNIVERSIDADES,GO,1.83,2
2010,441,UNIVERSIDADE DO CONTESTADO,UNC,0,PRIVADA,UNIVERSIDADES,SC,1.83,2
2010,458,UNIVERSIDADE IBIRAPUERA,UNIB,0,PRIVADA,UNIVERSIDADES,SP,1.71,2
2010,1813,"INSTITUTO FEDERAL DE EDUCAÇÃO, CIÊNCIA E TECNOLOGIA DO PARÁ",IFPA,1,PÚBLICA,UNIVERSIDADES,PA,1.65,2
2010,663,UNIVERSIDADE SALGADO DE OLIVEIRA,UNIVERSO,0,PRIVADA,UNIVERSIDADES,RJ,1.64,2
2010,457,UNIVERSIDADE BANDEIRANTE DE SÃO PAULO,UNIBAN,0,PRIVADA,UNIVERSIDADES,SP,1.52,2
2010,5242,UNIVERSIDADE ESTADUAL DE ALAGOAS - UNEAL,UNEAL,1,PÚBLICA,UNIVERSIDADES,AL,1.22,2
2010,27,UNIVERSIDADE VALE DO RIO VERDE,UNINCOR,0,PRIVADA,UNIVERSIDADES,MG,0.00,0
2010,829,UNIVERSIDADE DO TOCANTINS,UNITINS,1,PÚBLICA,UNIVERSIDADES,TO,0.00,0
2010,240,UNIVERSIDADE SANTA ÚRSULA,USU,0,PRIVADA,UNIVERSIDADES,RJ,0.00,0
2010,3974,UNIVERSIDADE DE RIO VERDE,FESURV,1,PÚBLICA,UNIVERSIDADES,GO,0.00,0
2010,4098,"INSTITUTO FEDERAL DE EDUCAÇÃO, CIÊNCIA E TECNOLOGIA FARROUPILHA",IFFARROUPILHA,1,PÚBLICA,UNIVERSIDADES,RS,0.00,0
2009,581,UNIVERSIDADE FEDERAL DO RIO GRANDE DO SUL,UFRGS,1,PÚBLICA,Universidade,SP,4.40,5
2009,592,UNIVERSIDADE FEDERAL DE LAVRAS,UFLA,1,PÚBLICA,Universidade,RS,4.22,5
2009,575,UNIVERSIDADE FEDERAL DE MINAS GERAIS,UFMG,1,PÚBLICA,Universidade,MG,4.20,5
2009,8,FUNDAÇÃO UNIVERSIDADE FEDERAL DE VIÇOSA,UFV,1,PÚBLICA,Universidade,MG,4.17,5
2009,7,UNIVERSIDADE FEDERAL DE SÃO CARLOS,UFSCAR,1,PÚBLICA,Universidade,MG,4.10,5
2009,717,FUNDAÇÃO UNIVERSIDADE FEDERAL DE CIÊNCIAS DA SAÚDE DE PORTO ALEGRE,UFCSPA,1,PÚBLICA,Universidade,SP,4.06,5
2009,597,UNIVERSIDADE FEDERAL DO TRIÂNGULO MINEIRO,UFTM,1,PÚBLICA,Universidade,RS,4.05,5
2009,586,UNIVERSIDADE FEDERAL DO RIO DE JANEIRO,UFRJ,1,PÚBLICA,Universidade,MG,4.04,5
2009,598,UNIVERSIDADE FEDERAL DE ITAJUBÁ - UNIFEI,UNIFEI,1,PÚBLICA,Universidade,RJ,3.95,5
2009,2,UNIVERSIDADE DE BRASÍLIA,UNB,1,PÚBLICA,Universidade,MG,3.94,4
2009,585,UNIVERSIDADE FEDERAL DE SANTA CATARINA,UFSC,1,PÚBLICA,Universidade,DF,3.86,4
2009,528,PONTIFÍCIA UNIVERSIDADE CATÓLICA DO RIO DE JANEIRO,PUC-RIO,1,PÚBLICA,Universidade,SC,3.86,4
2009,1027,UNIVERSIDADE ESTADUAL DO NORTE FLUMINENSE DARCY RIBEIRO,UENF,0,PRIVADA,Universidade,RJ,3.79,4
2009,56,UNIVERSIDADE ESTADUAL PAULISTA JÚLIO DE MESQUITA FILHO,UNESP,1,PÚBLICA,Universidade,RJ,3.79,4
2009,595,UNIVERSIDADE FEDERAL DE ALFENAS,UNIFAL-MG,1,PÚBLICA,Universidade,SP,3.78,4
2009,546,PONTIFÍCIA UNIVERSIDADE CATÓLICA DE SÃO PAULO,PUCSP,1,PÚBLICA,Universidade,MG,3.74,4
2009,17,UNIVERSIDADE FEDERAL DE UBERLÂNDIA,UFU,0,PRIVADA,Universidade,SP,3.70,4
2009,582,UNIVERSIDADE FEDERAL DE SANTA MARIA,UFSM,1,PÚBLICA,Universidade,MG,3.58,4
2009,576,UNIVERSIDADE FEDERAL DE JUIZ DE FORA,UFJF,1,PÚBLICA,Universidade,RS,3.58,4
2009,57,UNIVERSIDADE ESTADUAL DE MARINGÁ,UEM,1,PÚBLICA,Universidade,MG,3.57,4
2009,6,UNIVERSIDADE FEDERAL DE OURO PRETO,UFOP,1,PÚBLICA,Universidade,PR,3.56,4
2009,580,UNIVERSIDADE FEDERAL DE PERNAMBUCO,UFPE,1,PÚBLICA,Universidade,MG,3.51,4
2009,571,UNIVERSIDADE FEDERAL DO PARANÁ,UFPR,1,PÚBLICA,Universidade,PE,3.50,4
2009,21,PONTIFÍCIA UNIVERSIDADE CATÓLICA DO RIO GRANDE DO SUL,PUCRS,1,PÚBLICA,Universidade,PR,3.50,4
2009,3336,UNIVERSIDADE ESTADUAL DO RIO GRANDE DO SUL,UERGS,0,PRIVADA,Universidade,RS,3.49,4
2009,584,UNIVERSIDADE FEDERAL DE GOIÁS,UFG,1,PÚBLICA,Universidade,RS,3.49,4
2009,107,UNIVERSIDADE FEDERAL DE SÃO JOÃO DEL REI,UFSJ,1,PÚBLICA,Universidade,GO,3.46,4
2009,43,FUNDAÇÃO UNIVERSIDADE DO ESTADO DE SANTA CATARINA,UDESC,1,PÚBLICA,Universidade,MG,3.45,4
2009,572,UNIVERSIDADE FEDERAL FLUMINENSE,UFF,1,PÚBLICA,Universidade,SC,3.45,4
2009,570,UNIVERSIDADE FEDERAL DO RIO GRANDE DO NORTE,UFRN,1,PÚBLICA,Universidade,RJ,3.44,4
2009,4504,FUNDAÇÃO UNIVERSIDADE FEDERAL DA GRANDE DOURADOS,UFGD,1,PÚBLICA,Universidade,RN,3.41,4
2009,596,UNIVERSIDADE FEDERAL DOS VALES DO JEQUITINHONHA E MUCURI,UFVJM,1,PÚBLICA,Universidade,MS,3.41,4
2009,14,UNIVERSIDADE DO VALE DO RIO DOS SINOS,UNISINOS,1,PÚBLICA,Universidade,MG,3.40,4
2009,547,UNIVERSIDADE DO ESTADO DO RIO DE JANEIRO,UERJ,0,PRIVADA,Universidade,RS,3.33,4
2009,583,UNIVERSIDADE FEDERAL DO CEARÁ,UFC,1,PÚBLICA,Universidade,RJ,3.30,4
2009,9,UNIVERSIDADE ESTADUAL DE LONDRINA,UEL,1,PÚBLICA,Universidade,CE,3.30,4
2009,634,UNIVERSIDADE FEDERAL DE PELOTAS,UFPEL,1,PÚBLICA,Universidade,PR,3.29,4
2009,693,UNIVERSIDADE FEDERAL DO ESTADO DO RIO DE JANEIRO,UNIRIO,1,PÚBLICA,Universidade,RS,3.26,4
2009,609,UNIVERSIDADE ESTADUAL DO OESTE DO PARANÁ,UNIOESTE,1,PÚBLICA,Universidade,RJ,3.26,4
2009,574,UNIVERSIDADE FEDERAL RURAL DO RIO DE JANEIRO,UFRRJ,1,PÚBLICA,Universidade,PR,3.22,4
2009,3172,UNIVERSIDADE DO ESTADO DO AMAZONAS,UEA,1,PÚBLICA,Universidade,RJ,3.21,4
2009,578,UNIVERSIDADE FEDERAL DA BAHIA,UFBA,1,PÚBLICA,Universidade,AM,3.20,4
2009,12,UNIVERSIDADE FEDERAL DO RIO GRANDE,FURG,1,PÚBLICA,Universidade,BA,3.19,4
2009,730,UNIVERSIDADE ESTADUAL DE PONTA GROSSA,UEPG,1,PÚBLICA,Universidade,RS,3.18,4
2009,579,UNIVERSIDADE FEDERAL DA PARAÍBA,UFPB,1,PÚBLICA,Universidade,PR,3.14,4
2009,3984,FUNDAÇÃO UNIVERSIDADE FEDERAL DO VALE DO SÃO FRANCISCO,UNIVASF,1,PÚBLICA,Universidade,PB,3.13,4
2009,295,UNIVERSIDADE DE SANTA CRUZ DO SUL,UNISC,1,PÚBLICA,Universidade,PE,3.12,4
2009,694,UNIVERSIDADE FEDERAL DE MATO GROSSO DO SUL,UFMS,0,PRIVADA,Universidade,RS,3.11,4
2009,588,UNIVERSIDADE TECNOLÓGICA FEDERAL DO PARANÁ,UTFPR,1,PÚBLICA,Universidade,MS,3.07,4
2009,573,UNIVERSIDADE FEDERAL DO ESPÍRITO SANTO,UFES,1,PÚBLICA,Universidade,PR,3.03,4
2009,449,UNIVERSIDADE LUTERANA DO BRASIL,ULBRA,1,PÚBLICA,Universidade,ES,3.01,4
2009,587,UNIVERSIDADE FEDERAL RURAL DE PERNAMBUCO,UFRPE,0,PRIVADA,Universidade,RS,3.00,4
2009,2564,UNIVERSIDADE FEDERAL DE CAMPINA GRANDE,UFCG,1,PÚBLICA,Universidade,PE,2.98,4
2009,23,UNIVERSIDADE FEEVALE,FEEVALE,1,PÚBLICA,Universidade,PB,2.97,4
2009,22,UNIVERSIDADE PRESBITERIANA MACKENZIE,MACKENZIE,0,PRIVADA,Universidade,RS,2.95,4
2009,367,UNIVERSIDADE ESTADUAL DE MONTES CLAROS,UNIMONTES,0,PRIVADA,Universidade,SP,2.93,3
2009,589,UNIVERSIDADE FEDERAL RURAL DO SEMI-ÁRIDO,UFERSA,1,PÚBLICA,Universidade,MG,2.92,3
2009,338,PONTIFÍCIA UNIVERSIDADE CATÓLICA DE MINAS GERAIS,PUC MINAS,1,PÚBLICA,Universidade,RN,2.90,3
2009,403,UNIVERSIDADE CATÓLICA DE BRASÍLIA,UCB,0,PRIVADA,Universidade,MG,2.90,3
2009,1,UNIVERSIDADE FEDERAL DE MATO GROSSO,UFMT,0,PRIVADA,Universidade,DF,2.89,3
2009,10,PONTIFÍCIA UNIVERSIDADE CATÓLICA DO PARANÁ,PUCPR,1,PÚBLICA,Universidade,MT,2.89,3
2009,13,UNIVERSIDADE DE CAXIAS DO SUL,UCS,0,PRIVADA,Universidade,PR,2.88,3
2009,24,UNIVERSIDADE ESTADUAL DE SANTA CRUZ,UESC,0,PRIVADA,Universidade,RS,2.87,3
2009,5,UNIVERSIDADE FEDERAL DO PIAUÍ,UFPI,1,PÚBLICA,Universidade,BA,2.84,3
2009,1126,UNIVERSIDADE ESTADUAL DO CENTRO OESTE,UNICENTRO,1,PÚBLICA,Universidade,PI,2.81,3
2009,83,UNIVERSIDADE DO VALE DO ITAJAÍ,UNIVALI,1,PÚBLICA,Universidade,PR,2.79,3
2009,165,UNIVERSIDADE VEIGA DE ALMEIDA,UVA,0,PRIVADA,Universidade,SC,2.79,3
2009,298,UNIVERSIDADE NORTE DO PARANÁ,UNOPAR,0,PRIVADA,Universidade,RJ,2.77,3
2009,532,UNIVERSIDADE REGIONAL DO NOROESTE DO ESTADO DO RIO GRANDE DO SUL,UNIJUI,0,PRIVADA,Universidade,PR,2.76,3
2009,19,PONTIFÍCIA UNIVERSIDADE CATÓLICA DE CAMPINAS,PUC-CAMPINAS,0,PRIVADA,Universidade,RS,2.75,3
2009,699,FUNDAÇÃO UNIVERSIDADE FEDERAL DE RONDÔNIA,UNIR,0,PRIVADA,Universidade,SP,2.74,3
2009,1042,UNIVERSIDADE POSITIVO,UP,1,PÚBLICA,Universidade,RO,2.73,3
2009,555,UNIVERSIDADE DE FORTALEZA,UNIFOR,0,PRIVADA,Universidade,PR,2.73,3
2009,387,UNIVERSIDADE CATÓLICA DOM BOSCO,UCDB,0,PRIVADA,Universidade,CE,2.73,3
2009,20,UNIVERSIDADE DE PASSO FUNDO,UPF,0,PRIVADA,Universidade,MS,2.72,3
2009,549,UNIVERSIDADE FEDERAL DO ACRE,UFAC,0,PRIVADA,Universidade,RS,2.71,3
2009,76,UNIVERSIDADE REGIONAL DE BLUMENAU,FURB,1,PÚBLICA,Universidade,AC,2.69,3
2009,18,UNIVERSIDADE CATÓLICA DE PELOTAS,UCPEL,1,PÚBLICA,Universidade,SC,2.67,3
2009,4,UNIVERSIDADE FEDERAL DO AMAZONAS,UFAM,0,PRIVADA,Universidade,RS,2.65,3
2009,420,UNIVERSIDADE DE MARÍLIA,UNIMAR,1,PÚBLICA,Universidade,AM,2.65,3
2009,569,UNIVERSIDADE FEDERAL DO PARÁ,UFPA,0,PRIVADA,Universidade,SP,2.63,3
2009,385,UNIVERSIDADE SALVADOR,UNIFACS,1,PÚBLICA,Universidade,PA,2.63,3
2009,137,UNIVERSIDADE DO SAGRADO CORAÇÃO,USC,0,PRIVADA,Universidade,BA,2.63,3
2009,577,UNIVERSIDADE FEDERAL DE ALAGOAS,UFAL,0,PRIVADA,Universidade,SP,2.62,3
2009,203,UNIVERSIDADE SÃO JUDAS TADEU,USJT,1,PÚBLICA,Universidade,AL,2.62,3
2009,548,UNIVERSIDADE FEDERAL DO MARANHÃO,UFMA,0,PRIVADA,Universidade,SP,2.61,3
2009,208,UNIVERSIDADE DE RIBEIRÃO PRETO,UNAERP,1,PÚBLICA,Universidade,MA,2.59,3
2009,322,UNIVERSIDADE PAULISTA,UNIP,0,PRIVADA,Universidade,SP,2.59,3
2009,167,UNIVERSIDADE METODISTA DE SÃO PAULO,UMESP,0,PRIVADA,Universidade,SP,2.58,3
2009,423,UNIVERSIDADE REGIONAL INTEGRADA DO ALTO URUGUAI E DAS MISSÕES,URI,0,PRIVADA,Universidade,SP,2.57,3
2009,3,UNIVERSIDADE FEDERAL DE SERGIPE,UFS,0,PRIVADA,Universidade,RS,2.57,3
2009,472,UNIVERSIDADE DO GRANDE RIO PROFESSOR JOSÉ DE SOUZA HERDY,UNIGRANRIO,1,PÚBLICA,Universidade,SE,2.56,3
2009,15,UNIVERSIDADE CATÓLICA DE PETRÓPOLIS,UCP,0,PRIVADA,Universidade,RJ,2.56,3
2009,1036,UNIVERSIDADE DO ESTADO DE MINAS GERAIS,UEMG,0,PRIVADA,Universidade,RJ,2.56,3
2009,3151,UNIVERSIDADE COMUNITÁRIA DA REGIÃO DE CHAPECÓ,UNOCHAPECÓ,1,PÚBLICA,Universidade,MG,2.55,3
2009,316,UNIVERSIDADE NOVE DE JULHO,UNINOVE,1,PÚBLICA,Universidade,SC,2.53,3
2009,688,UNIVERSIDADE ESTADUAL DO SUDOESTE DA BAHIA,UESB,0,PRIVADA,Universidade,SP,2.52,3
2009,150,UNIVERSIDADE DE SOROCABA,UNISO,1,PÚBLICA,Universidade,BA,2.51,3
2009,81,UNIVERSIDADE DA REGIÃO DE JOINVILLE,UNIVILLE,0,PRIVADA,Universidade,SP,2.51,3
2009,1128,UNIVERSIDADE DE ITAÚNA,UI,0,PRIVADA,Universidade,SC,2.50,3
2009,275,UNIVERSIDADE DO VALE DO PARAÍBA,UNIVAP,0,PRIVADA,Universidade,MG,2.50,3
2009,29,UNIVERSIDADE ESTADUAL DO CEARÁ,UECE,0,PRIVADA,Universidade,SP,2.50,3
2009,221,UNIVERSIDADE CRUZEIRO DO SUL,UNICSUL,1,PÚBLICA,Universidade,CE,2.49,3
2009,266,UNIVERSIDADE METODISTA DE PIRACICABA,UNIMEP,0,PRIVADA,Universidade,SP,2.49,3
2009,1028,UNIVERSIDADE ESTADUAL DE MATO GROSSO DO SUL,UEMS,0,PRIVADA,Universidade,SP,2.48,3
2009,494,UNIVERSIDADE DO SUL DE SANTA CATARINA,UNISUL,1,PÚBLICA,Universidade,MS,2.48,3
2009,789,UNIVERSIDADE FEDERAL DE RORAIMA,UFRR,0,PRIVADA,Universidade,SC,2.47,3
2009,605,UNIVERSIDADE MUNICIPAL DE SÃO CAETANO DO SUL,USCS,1,PÚBLICA,Universidade,RR,2.46,3
2009,3849,FUNDAÇÃO UNIVERSIDADE FEDERAL DO TOCANTINS,UFT,1,PÚBLICA,Universidade,SP,2.45,3
2009,1153,UNIVERSIDADE CÂNDIDO MENDES,UCAM,1,PÚBLICA,Universidade,TO,2.44,3
2009,550,UNIVERSIDADE ESTADUAL DA PARAÍBA,UEPB,0,PRIVADA,Universidade,RJ,2.44,3
2009,1557,UNIVERSIDADE FUMEC,FUMEC,1,PÚBLICA,Universidade,PB,2.42,3
2009,40,UNIVERSIDADE DO ESTADO DA BAHIA,UNEB,0,PRIVADA,Universidade,MG,2.42,3
2009,590,UNIVERSIDADE FEDERAL RURAL DA AMAZÔNIA,UFRA,1,PÚBLICA,Universidade,BA,2.40,3
2009,482,UNIVERSIDADE DO EXTREMO SUL CATARINENSE,UNESC,1,PÚBLICA,Universidade,PA,2.39,3
2009,271,UNIVERSIDADE DO OESTE PAULISTA,UNOESTE,0,PRIVADA,Universidade,SC,2.39,3
2009,952,UNIVERSIDADE SANTA CECÍLIA,UNISANTA,0,PRIVADA,Universidade,SP,2.39,3
2009,227,UNIVERSIDADE CATÓLICA DE SANTOS,UNISANTOS,0,PRIVADA,Universidade,SP,2.39,3
2009,953,UNIVERSIDADE METROPOLITANA DE SANTOS,UNIMES,0,PRIVADA,Universidade,SP,2.38,3
2009,16,UNIVERSIDADE GAMA FILHO,UGF,0,PRIVADA,Universidade,SP,2.38,3
2009,437,UNIVERSIDADE PARANAENSE,UNIPAR,0,PRIVADA,Universidade,RJ,2.38,3
2009,417,UNIVERSIDADE CIDADE DE SÃO PAULO,,0,PRIVADA,Universidade,PR,2.37,3
2009,496,UNIVERSIDADE DE FRANCA,UNIFRAN,0,PRIVADA,Universidade,SP,2.35,3
2009,82,UNIVERSIDADE DO OESTE DE SANTA CATARINA,UNOESC,0,PRIVADA,Universidade,SP,2.35,3
2009,71,UNIVERSIDADE DO ESTADO DO RIO GRANDE DO NORTE,UERN,0,PRIVADA,Universidade,SC,2.34,3
2009,671,UNIVERSIDADE ANHANGUERA - UNIDERP,UNIDERP,1,PÚBLICA,Universidade,RN,2.34,3
2009,665,UNIVERSIDADE DE TAUBATÉ,UNITAU,0,PRIVADA,Universidade,MS,2.31,3
2009,521,UNIVERSIDADE DE MOGI DAS CRUZES,UMC,1,PÚBLICA,Universidade,SP,2.30,3
2009,719,UNIVERSIDADE DO ESTADO DE MATO GROSSO,UNEMAT,0,PRIVADA,Universidade,SP,2.29,3
2009,670,UNIVERSIDADE SÃO FRANCISCO,USF,1,PÚBLICA,Universidade,MT,2.27,3
2009,11,UNIVERSIDADE CATÓLICA DE PERNAMBUCO,UNICAP,0,PRIVADA,Universidade,SP,2.25,3
2009,446,UNIVERSIDADE DE CRUZ ALTA,UNICRUZ,0,PRIVADA,Universidade,PE,2.25,3
2009,355,UNIVERSIDADE TUIUTI DO PARANÁ,UTP,0,PRIVADA,Universidade,RS,2.25,3
2009,1586,UNIVERSIDADE DO VALE DO SAPUCAÍ,UNIVÁS,0,PRIVADA,Universidade,PR,2.23,3
2009,1189,UNIVERSIDADE DO PLANALTO CATARINENSE,UNIPLAC,0,PRIVADA,Universidade,MG,2.23,3
2009,527,PONTIFÍCIA UNIVERSIDADE CATÓLICA DE GOIÁS,PUC GOIÁS,0,PRIVADA,Universidade,SC,2.21,3
2009,375,UNIVERSIDADE DE SANTO AMARO,UNISA,0,PRIVADA,Universidade,GO,2.20,3
2009,409,UNIVERSIDADE DE PERNAMBUCO,UPE,0,PRIVADA,Universidade,SP,2.20,3
2009,746,UNIVERSIDADE REGIONAL DO CARIRI,URCA,1,PÚBLICA,Universidade,PE,2.18,3
2009,95,UNIVERSIDADE ESTADUAL DO VALE DO ACARAÚ,UVA,1,PÚBLICA,Universidade,CE,2.18,3
2009,466,UNIVERSIDADE ANHEMBI MORUMBI,UAM,1,PÚBLICA,Universidade,CE,2.17,3
2009,519,UNIVERSIDADE CATÓLICA DO SALVADOR,UCSAL,0,PRIVADA,Universidade,SP,2.16,3
2009,383,UNIVERSIDADE DA AMAZÔNIA,UNAMA,0,PRIVADA,Universidade,BA,2.16,3
2009,319,UNIVERSIDADE CAMILO CASTELO BRANCO,UNICASTELO,0,PRIVADA,Universidade,PA,2.14,3
2009,666,UNIVERSIDADE ESTADUAL DE FEIRA DE SANTANA,UEFS,0,PRIVADA,Universidade,SP,2.12,3
2009,143,UNIVERSIDADE DE UBERABA,UNIUBE,1,PÚBLICA,Universidade,BA,2.12,3
2009,27,UNIVERSIDADE VALE DO RIO VERDE,UNINCOR,0,PRIVADA,Universidade,MG,2.11,3
2009,526,UNIVERSIDADE BRAZ CUBAS,UBC,0,PRIVADA,Universidade,MG,2.11,3
2009,30,UNIVERSIDADE JOSÉ DO ROSÁRIO VELLANO,UNIFENAS,0,PRIVADA,Universidade,SP,2.10,3
2009,568,UNIVERSIDADE ESTADUAL DO MARANHÃO,UEMA,0,PRIVADA,Universidade,MG,2.08,3
2009,4503,UNIVERSIDADE FEDERAL DO RECÔNCAVO DA BAHIA,UFRB,1,PÚBLICA,Universidade,MA,2.07,3
2009,830,UNIVERSIDADE FEDERAL DO AMAPÁ,UNIFAP,1,PÚBLICA,Universidade,BA,2.06,3
2009,264,UNIVERSIDADE SÃO MARCOS,USM,1,PÚBLICA,Universidade,AP,2.05,3
2009,38,UNIVERSIDADE DO ESTADO DO PARÁ,UEPA,0,PRIVADA,Universidade,SP,2.05,3
2009,140,UNIVERSIDADE SEVERINO SOMBRA,USS,1,PÚBLICA,Universidade,PA,2.02,3
2009,481,UNIVERSIDADE GUARULHOS,UNG,0,PRIVADA,Universidade,RJ,2.01,3
2009,718,UNIVERSIDADE POTIGUAR,UNP,0,PRIVADA,Universidade,SP,2.01,3
2009,176,UNIVERSIDADE CASTELO BRANCO,UCB,0,PRIVADA,Universidade,RN,2.00,3
2009,163,UNIVERSIDADE ESTÁCIO DE SÁ,UNESA,0,PRIVADA,Universidade,RJ,1.99,3
2009,780,UNIVERSIDADE DE CUIABÁ,UNIC,0,PRIVADA,Universidade,RJ,1.99,3
2009,296,UNIVERSIDADE DA REGIÃO DA CAMPANHA,URCAMP,0,PRIVADA,Universidade,MT,1.98,3
2009,513,UNIVERSIDADE VALE DO RIO DOCE,UNIVALE,0,PRIVADA,Universidade,RS,1.98,3
2009,756,UNIVERSIDADE ESTADUAL DO PIAUÍ,UESPI,0,PRIVADA,Universidade,MG,1.97,3
2009,663,UNIVERSIDADE SALGADO DE OLIVEIRA,UNIVERSO,1,PÚBLICA,Universidade,PI,1.97,3
2009,308,UNIVERSIDADE PRESIDENTE ANTÔNIO CARLOS,UNIPAC,0,PRIVADA,Universidade,RJ,1.96,3
2009,47,UNIVERSIDADE ESTADUAL DE GOIÁS,UEG,0,PRIVADA,Universidade,MG,1.96,3
2009,398,UNIVERSIDADE TIRADENTES,UNIT,1,PÚBLICA,Universidade,GO,1.94,2
2009,457,UNIVERSIDADE BANDEIRANTE DE SÃO PAULO,UNIBAN,0,PRIVADA,Universidade,SE,1.94,2
2009,441,UNIVERSIDADE DO CONTESTADO,UNC,0,PRIVADA,Universidade,SP,1.93,2
2009,458,UNIVERSIDADE IBIRAPUERA,UNIB,0,PRIVADA,Universidade,SC,1.91,2
2009,215,UNIVERSIDADE DO GRANDE ABC,UNIABC,0,PRIVADA,Universidade,SP,1.91,2
2009,5242,UNIVERSIDADE ESTADUAL DE ALAGOAS - UNEAL,UNEAL,0,PRIVADA,Universidade,SP,1.90,2
2009,5077,UNIVERSIDADE ESTADUAL DE RORAIMA,UERR,1,PÚBLICA,Universidade,AL,1.85,2
2009,330,UNIVERSIDADE IGUAÇU,UNIG,1,PÚBLICA,Universidade,RR,1.78,2
2009,240,UNIVERSIDADE SANTA ÚRSULA,USU,0,PRIVADA,Universidade,RJ,1.65,2
2009,3974,UNIVERSIDADE DE RIO VERDE,FESURV,0,PRIVADA,Universidade,RJ,1.63,2
2009,32,UNIVERSIDADE ESTADUAL DE CIÊNCIAS DA SAÚDE DE ALAGOAS - UNCISAL,UNCISAL,1,PÚBLICA,Universidade,GO,1.62,2
2009,829,UNIVERSIDADE DO TOCANTINS,UNITINS,1,PÚBLICA,Universidade,AL,1.53,2
,,,,1,PÚBLICA,Universidade,TO,1.49,2
